# Generated from Carapace 1.7.3 export trees; do not edit by hand.
acpi	-	--ac-adapter,--battery,--cooling,--details,--directory,--everything,--fahrenheit,--help,--kelvin,--proc,--show-empty,--thermal,--version,-V,-a,-b,-c,-d,-f,-h,-i,-k,-p,-s,-t,-v	-
acpid	-	--confdir,--dropaction,--eventfile,--foreground,--help,--lockfile,--logevents,--netlink,--nosocket,--pidfile,--socketfile,--socketgroup,--socketmode,--tpmutefix,--version,-L,-S,-c,-e,-f,-g,-h,-l,-m,-n,-p,-r,-s,-t,-v	-
adb	bugreport,connect,devices,disable-verity,disconnect,emu,enable-verity,forward,get-devpath,get-serialno,get-state,help,install,install-multi-package,install-multiple,jdwp,keygen,kill-server,logcat,mdns,pair,ppp,pull,push,reboot,reconnect,remount,reverse,root,shell,sideload,start-server,sync,tcpip,uninstall,unroot,usb,version,wait-for-bootloader,wait-for-device,wait-for-disconnect,wait-for-local-bootloader,wait-for-local-device,wait-for-local-disconnect,wait-for-local-recovery,wait-for-local-rescue,wait-for-local-sideload,wait-for-recovery,wait-for-rescue,wait-for-sideload,wait-for-usb-bootloader,wait-for-usb-disconnect,wait-for-usb-recovery,wait-for-usb-rescue,wait-for-usb-sideload	-H,-L,-P,-a,-d,-e,-s,-t	-
adb bugreport	-	-	path
adb connect	-	-	-
adb devices	-	-l	-
adb disable-verity	-	-	-
adb disconnect	-	-	-
adb emu	-	-	-
adb enable-verity	-	-	-
adb forward	-	--list,--no-rebind,--remove,--remove-all	-
adb get-devpath	-	-	-
adb get-serialno	-	-	-
adb get-state	-	-	-
adb help	-	-	-
adb install	-	--instant,-d,-g,-l,-r,-s,-t	path
adb install-multi-package	-	--abi,--date-check-agent,--fastdeploy,--force-agent,--instant,--local-agent,--no-fastdeploy,--no-streaming,--streaming,--version-check-agent,-d,-g,-p,-r,-t	path
adb install-multiple	-	--instant,-d,-g,-l,-r,-s,-t	path
adb jdwp	-	-	-
adb keygen	-	-	path
adb kill-server	-	-	-
adb logcat	-	-	-
adb mdns	check,services	-	-
adb mdns check	-	-	-
adb mdns services	-	-	-
adb pair	-	-	-
adb ppp	-	-	-
adb pull	-	-Z,-a,-z	-
adb push	-	--sync,-Z,-n,-z	path
adb reboot	-	-	-
adb reconnect	device,offline	-	-
adb reconnect device	-	-	-
adb reconnect offline	-	-	-
adb remount	-	-R	-
adb reverse	-	--list,--no-rebind,--remove,--remove-all	-
adb root	-	-	-
adb shell	-	-T,-e,-n,-t,-x	-
adb sideload	-	-	path
adb start-server	-	-	-
adb sync	-	-Z,-l,-n,-z	-
adb tcpip	-	-	-
adb uninstall	-	-k	path
adb unroot	-	-	-
adb usb	-	-	-
adb version	-	-	-
adb wait-for-bootloader	-	-	-
adb wait-for-device	-	-	-
adb wait-for-disconnect	-	-	-
adb wait-for-local-bootloader	-	-	-
adb wait-for-local-device	-	-	-
adb wait-for-local-disconnect	-	-	-
adb wait-for-local-recovery	-	-	-
adb wait-for-local-rescue	-	-	-
adb wait-for-local-sideload	-	-	-
adb wait-for-recovery	-	-	-
adb wait-for-rescue	-	-	-
adb wait-for-sideload	-	-	-
adb wait-for-usb-bootloader	-	-	-
adb wait-for-usb-disconnect	-	-	-
adb wait-for-usb-recovery	-	-	-
adb wait-for-usb-rescue	-	-	-
adb wait-for-usb-sideload	-	-	-
age	-	--armor,--decrypt,--encrypt,--identity,--output,--passphrase,--recipient,--recipients-file,-R,-a,-d,-e,-i,-o,-p,-r	path
agg	-	--cols,--font-dir,--font-family,--font-size,--fps-cap,--help,--idle-time-limit,--line-height,--no-loop,--renderer,--rows,--speed,--theme,--verbose,--version,-V,-h,-v	path
alsamixer	-	--abstraction,--card,--config,--device,--help,--mouse,--no-color,--no-config,--no-mouse,--view,-D,-F,-M,-V,-a,-c,-f,-g,-h,-m	-
ant	-	--execdebug,--noconfig,--usejikes,-autoproxy,-buildfile,-debug,-diagnostics,-emacs,-f,-file,-find,-help,-inputhandler,-k,-keep-going,-l,-lib,-listener,-logfile,-logger,-main,-nice,-noclasspath,-noinput,-nouserlib,-projecthelp,-propertyfile,-quiet,-s,-silent,-verbose,-version	path
apk	add,audit,cache,del,dot,fetch,fix,index,info,list,policy,search,stats,update,upgrade,verify,version	--help,--version,-h	-
apk add	-	--allow-untrusted,--arch,--cache-dir,--cache-max-age,--clean-protected,--force,--force-binary-stdout,--force-broken-world,--force-missing-repositories,--force-non-repository,--force-old-apk,--force-overwrite,--force-refresh,--initdb,--initramfs-diskless-boot,--interactive,--keys-dir,--latest,--no-cache,--no-check-certificate,--no-chown,--no-commit-hooks,--no-interactive,--no-network,--no-progress,--no-scripts,--overlay-from-stdin,--print-arch,--progress,--progress-fd,--purge,--quiet,--repositories-file,--repository,--root,--simulate,--timeout,--update-cache,--upgrade,--verbose,--version,--virtual,--wait,-U,-V,-X,-f,-i,-l,-p,-q,-s,-t,-u,-v	path
apk audit	-	--allow-untrusted,--arch,--backup,--cache-dir,--cache-max-age,--check-permissions,--details,--force,--force-binary-stdout,--force-broken-world,--force-missing-repositories,--force-non-repository,--force-old-apk,--force-overwrite,--force-refresh,--full,--ignore-busybox-symlinks,--interactive,--keys-dir,--no-cache,--no-check-certificate,--no-interactive,--no-network,--no-progress,--packages,--print-arch,--progress,--progress-fd,--protected-paths,--purge,--quiet,--recursive,--repositories-file,--repository,--root,--system,--timeout,--update-cache,--verbose,--version,--wait,-U,-V,-X,-f,-i,-p,-q,-r,-v	path
apk cache	-	--add-dependencies,--allow-untrusted,--arch,--available,--cache-dir,--cache-max-age,--force,--force-binary-stdout,--force-broken-world,--force-missing-repositories,--force-non-repository,--force-old-apk,--force-overwrite,--force-refresh,--ignore-conflict,--interactive,--keys-dir,--latest,--no-cache,--no-check-certificate,--no-interactive,--no-network,--no-progress,--print-arch,--progress,--progress-fd,--purge,--quiet,--repositories-file,--repository,--root,--simulate,--timeout,--update-cache,--upgrade,--verbose,--version,--wait,-U,-V,-X,-a,-f,-i,-l,-p,-q,-s,-u,-v	-
apk del	-	--allow-untrusted,--arch,--cache-dir,--cache-max-age,--clean-protected,--force,--force-binary-stdout,--force-broken-world,--force-missing-repositories,--force-non-repository,--force-old-apk,--force-overwrite,--force-refresh,--initramfs-diskless-boot,--interactive,--keys-dir,--no-cache,--no-check-certificate,--no-commit-hooks,--no-interactive,--no-network,--no-progress,--no-scripts,--overlay-from-stdin,--print-arch,--progress,--progress-fd,--purge,--quiet,--rdepends,--repositories-file,--repository,--root,--simulate,--timeout,--update-cache,--verbose,--version,--wait,-U,-V,-X,-f,-i,-p,-q,-r,-s,-v	path
apk dot	-	--allow-untrusted,--arch,--cache-dir,--cache-max-age,--errors,--force,--force-binary-stdout,--force-broken-world,--force-missing-repositories,--force-non-repository,--force-old-apk,--force-overwrite,--force-refresh,--from,--installed,--interactive,--keys-dir,--no-cache,--no-check-certificate,--no-interactive,--no-network,--no-progress,--print-arch,--progress,--progress-fd,--purge,--quiet,--repositories-file,--repository,--root,--timeout,--update-cache,--verbose,--version,--wait,-U,-V,-X,-f,-i,-p,-q,-v	path
apk fetch	-	--allow-untrusted,--arch,--built-after,--cache-dir,--cache-max-age,--force,--force-binary-stdout,--force-broken-world,--force-missing-repositories,--force-non-repository,--force-old-apk,--force-overwrite,--force-refresh,--from,--interactive,--keys-dir,--link,--no-cache,--no-check-certificate,--no-interactive,--no-network,--no-progress,--output,--print-arch,--progress,--progress-fd,--purge,--quiet,--recursive,--repositories-file,--repository,--root,--simulate,--stdout,--timeout,--update-cache,--url,--verbose,--version,--wait,--world,-R,-U,-V,-X,-f,-i,-l,-o,-p,-q,-s,-v,-w	path
apk fix	-	--allow-untrusted,--arch,--cache-dir,--cache-max-age,--clean-protected,--depends,--directory-permissions,--force,--force-binary-stdout,--force-broken-world,--force-missing-repositories,--force-non-repository,--force-old-apk,--force-overwrite,--force-refresh,--initramfs-diskless-boot,--interactive,--keys-dir,--no-cache,--no-check-certificate,--no-commit-hooks,--no-interactive,--no-network,--no-progress,--no-scripts,--overlay-from-stdin,--print-arch,--progress,--progress-fd,--purge,--quiet,--reinstall,--repositories-file,--repository,--root,--simulate,--timeout,--update-cache,--upgrade,--verbose,--version,--wait,--xattr,-U,-V,-X,-d,-f,-i,-p,-q,-r,-s,-u,-v,-x	path
apk index	-	--allow-untrusted,--arch,--cache-dir,--cache-max-age,--description,--force,--force-binary-stdout,--force-broken-world,--force-missing-repositories,--force-non-repository,--force-old-apk,--force-overwrite,--force-refresh,--index,--interactive,--keys-dir,--merge,--no-cache,--no-check-certificate,--no-interactive,--no-network,--no-progress,--no-warnings,--output,--print-arch,--progress,--progress-fd,--prune-origin,--purge,--quiet,--repositories-file,--repository,--rewrite-arch,--root,--timeout,--update-cache,--verbose,--version,--wait,-U,-V,-X,-d,-f,-i,-o,-p,-q,-v,-x	path
apk info	-	--all,--allow-untrusted,--arch,--cache-dir,--cache-max-age,--contents,--depends,--description,--force,--force-binary-stdout,--force-broken-world,--force-missing-repositories,--force-non-repository,--force-old-apk,--force-overwrite,--force-refresh,--from,--install-if,--installed,--interactive,--keys-dir,--license,--no-cache,--no-check-certificate,--no-interactive,--no-network,--no-progress,--print-arch,--progress,--progress-fd,--provides,--purge,--quiet,--rdepends,--replaces,--repositories-file,--repository,--rinstall-if,--root,--size,--timeout,--triggers,--update-cache,--verbose,--version,--wait,--webpage,--who-owns,-L,-P,-R,-U,-V,-W,-X,-a,-d,-e,-f,-i,-p,-q,-r,-s,-t,-v,-w	path
apk list	-	--allow-untrusted,--arch,--available,--cache-dir,--cache-max-age,--depends,--force,--force-binary-stdout,--force-broken-world,--force-missing-repositories,--force-non-repository,--force-old-apk,--force-overwrite,--force-refresh,--from,--installed,--interactive,--keys-dir,--no-cache,--no-check-certificate,--no-interactive,--no-network,--no-progress,--origin,--orphaned,--print-arch,--progress,--progress-fd,--providers,--purge,--quiet,--repositories-file,--repository,--root,--timeout,--update-cache,--upgradable,--upgradeable,--verbose,--version,--wait,-I,-O,-P,-U,-V,-X,-a,-d,-f,-i,-o,-p,-q,-u,-v	-
apk policy	-	--allow-untrusted,--arch,--cache-dir,--cache-max-age,--force,--force-binary-stdout,--force-broken-world,--force-missing-repositories,--force-non-repository,--force-old-apk,--force-overwrite,--force-refresh,--interactive,--keys-dir,--no-cache,--no-check-certificate,--no-interactive,--no-network,--no-progress,--print-arch,--progress,--progress-fd,--purge,--quiet,--repositories-file,--repository,--root,--timeout,--update-cache,--verbose,--version,--wait,-U,-V,-X,-f,-i,-p,-q,-v	path
apk search	-	--all,--allow-untrusted,--arch,--cache-dir,--cache-max-age,--description,--exact,--force,--force-binary-stdout,--force-broken-world,--force-missing-repositories,--force-non-repository,--force-old-apk,--force-overwrite,--force-refresh,--from,--has-origin,--interactive,--keys-dir,--no-cache,--no-check-certificate,--no-interactive,--no-network,--no-progress,--origin,--print-arch,--progress,--progress-fd,--purge,--quiet,--rdepends,--repositories-file,--repository,--root,--timeout,--update-cache,--verbose,--version,--wait,-U,-V,-X,-a,-d,-e,-f,-i,-o,-p,-q,-r,-v,-x	-
apk stats	-	-	-
apk update	-	-	-
apk upgrade	-	--allow-untrusted,--arch,--available,--cache-dir,--cache-max-age,--clean-protected,--force,--force-binary-stdout,--force-broken-world,--force-missing-repositories,--force-non-repository,--force-old-apk,--force-overwrite,--force-refresh,--ignore,--initramfs-diskless-boot,--interactive,--keys-dir,--latest,--no-cache,--no-check-certificate,--no-commit-hooks,--no-interactive,--no-network,--no-progress,--no-scripts,--no-self-upgrade,--overlay-from-stdin,--print-arch,--progress,--progress-fd,--prune,--purge,--quiet,--repositories-file,--repository,--root,--self-upgrade-only,--simulate,--timeout,--update-cache,--verbose,--version,--wait,-U,-V,-X,-a,-f,-i,-l,-p,-q,-s,-v	path
apk verify	-	-	path
apk version	-	--all,--allow-untrusted,--arch,--cache-dir,--cache-max-age,--check,--force,--force-binary-stdout,--force-broken-world,--force-missing-repositories,--force-non-repository,--force-old-apk,--force-overwrite,--force-refresh,--indexes,--interactive,--keys-dir,--limit,--no-cache,--no-check-certificate,--no-interactive,--no-network,--no-progress,--print-arch,--progress,--progress-fd,--purge,--quiet,--repositories-file,--repository,--root,--test,--timeout,--update-cache,--verbose,--version,--wait,-I,-U,-V,-X,-a,-c,-f,-i,-l,-p,-q,-t,-v	path
aplay	-	--avail-min,--buffer-size,--buffer-time,--channels,--chmap,--device,--disable-channels,--disable-format,--disable-resample,--disable-softvol,--dump-hw-params,--duration,--fatal-errors,--file-type,--format,--help,--interactive,--list-devices,--list-pcms,--max-file-time,--mmap,--nonblock,--period-size,--period-time,--process-id-file,--quiet,--rate,--samples,--start-delay,--stop-delay,--test-coef,--test-nowait,--test-position,--use-strftime,--verbose,--version,--vumeter,-A,-B,-D,-F,-L,-M,-N,-R,-T,-V,-c,-d,-f,-h,-i,-l,-m,-q,-r,-s,-t,-v	path
apropos	-	--and,--config-file,--debug,--exact,--help,--locale,--long,--manpath,--regex,--section,--sections,--systems,--usage,--verbose,--version,--wildcard,-C,-L,-M,-V,-a,-d,-e,-l,-m,-r,-s,-v,-w	-
apt	autoclean,autopurge,autoremove,build-dep,changelog,clean,depends,dist-upgrade,download,edit-sources,full-upgrade,help,info,install,list,policy,purge,rdepends,reinstall,remove,satisfy,search,show,showsrc,source,update,upgrade	--help,--host-architecture,--option,--target-release,--version,-a,-c,-h,-o,-t,-v	-
apt autoclean	-	--dry-run,--simulate,-s	-
apt autopurge	-	--allow-change-held-packages,--allow-downgrades,--allow-insecure-repositories,--allow-remove-essential,--allow-unauthenticated,--arch-only,--assume-no,--assume-yes,--auto-remove,--download,--download-only,--dry-run,--fix-missing,--fix-policy,--force-yes,--ignore-hold,--ignore-missing,--install-recommends,--install-suggests,--no-install-recommends,--no-install-suggests,--no-list-columns,--no-strict-pinning,--only-upgrade,--print-uris,--purge,--reinstall,--remove,--show-progress,--show-upgraded,--simulate,--solver,--trivial-only,--upgrade,--verbose-versions,-d,-m,-s,-u,-y	-
apt autoremove	-	--allow-change-held-packages,--allow-downgrades,--allow-insecure-repositories,--allow-remove-essential,--allow-unauthenticated,--arch-only,--assume-no,--assume-yes,--auto-remove,--download,--download-only,--dry-run,--fix-missing,--fix-policy,--force-yes,--ignore-hold,--ignore-missing,--install-recommends,--install-suggests,--no-install-recommends,--no-install-suggests,--no-list-columns,--no-strict-pinning,--only-upgrade,--print-uris,--purge,--reinstall,--remove,--show-progress,--show-upgraded,--simulate,--solver,--trivial-only,--upgrade,--verbose-versions,-d,-m,-s,-u,-y	-
apt build-dep	-	--allow-change-held-packages,--allow-downgrades,--allow-insecure-repositories,--allow-remove-essential,--allow-unauthenticated,--arch-only,--assume-no,--assume-yes,--build-profiles,--download,--download-only,--dry-run,--fix-missing,--fix-policy,--host-architecture,--ignore-hold,--ignore-missing,--install-recommends,--install-suggests,--no-install-recommends,--no-install-suggests,--no-strict-pinning,--only-upgrade,--print-uris,--purge,--remove,--show-upgraded,--simulate,--solver,--target-release,--trivial-only,--upgrade,-P,-a,-d,-m,-s,-t,-u,-y	path
apt changelog	-	-	path
apt clean	-	--dry-run,--simulate,-s	-
apt depends	-	--breaks,--conflicts,--depends,--enhances,--implicit,--important,--installed,--pre-depends,--recommends,--recurse,--replaces,--suggests,-i	path
apt dist-upgrade	-	--allow-change-held-packages,--allow-downgrades,--allow-insecure-repositories,--allow-remove-essential,--allow-unauthenticated,--arch-only,--assume-no,--assume-yes,--auto-remove,--download,--download-only,--dry-run,--fix-missing,--fix-policy,--force-yes,--ignore-hold,--ignore-missing,--install-recommends,--install-suggests,--no-install-recommends,--no-install-suggests,--no-list-columns,--no-strict-pinning,--only-upgrade,--print-uris,--purge,--reinstall,--remove,--show-progress,--show-upgraded,--simulate,--solver,--trivial-only,--upgrade,--verbose-versions,-d,-m,-s,-u,-y	-
apt download	-	-	path
apt edit-sources	-	-	-
apt full-upgrade	-	--allow-change-held-packages,--allow-downgrades,--allow-insecure-repositories,--allow-remove-essential,--allow-unauthenticated,--arch-only,--assume-no,--assume-yes,--auto-remove,--download,--download-only,--dry-run,--fix-missing,--fix-policy,--force-yes,--ignore-hold,--ignore-missing,--install-recommends,--install-suggests,--no-install-recommends,--no-install-suggests,--no-list-columns,--no-strict-pinning,--only-upgrade,--print-uris,--purge,--reinstall,--remove,--show-progress,--show-upgraded,--simulate,--solver,--trivial-only,--upgrade,--verbose-versions,-d,-m,-s,-u,-y	-
apt help	-	-	-
apt info	-	-	path
apt install	-	--allow-change-held-packages,--allow-downgrades,--allow-insecure-repositories,--allow-remove-essential,--allow-unauthenticated,--arch-only,--assume-no,--assume-yes,--auto-remove,--download,--download-only,--dry-run,--fix-missing,--fix-policy,--force-yes,--ignore-hold,--ignore-missing,--install-recommends,--install-suggests,--no-install-recommends,--no-install-suggests,--no-list-columns,--no-strict-pinning,--only-upgrade,--print-uris,--purge,--reinstall,--remove,--show-progress,--show-upgraded,--simulate,--solver,--trivial-only,--upgrade,--verbose-versions,-d,-m,-s,-u,-y	path
apt list	-	--all-versions,--installed,--manual-installed,--target-release,--upgradable,--verbose,-a,-t,-v	-
apt policy	-	-	path
apt purge	-	--allow-change-held-packages,--allow-downgrades,--allow-insecure-repositories,--allow-remove-essential,--allow-unauthenticated,--arch-only,--assume-no,--assume-yes,--auto-remove,--download,--download-only,--dry-run,--fix-missing,--fix-policy,--force-yes,--ignore-hold,--ignore-missing,--install-recommends,--install-suggests,--no-install-recommends,--no-install-suggests,--no-list-columns,--no-strict-pinning,--only-upgrade,--print-uris,--purge,--reinstall,--remove,--show-progress,--show-upgraded,--simulate,--solver,--trivial-only,--upgrade,--verbose-versions,-d,-m,-s,-u,-y	-
apt rdepends	-	--breaks,--conflicts,--enhances,--implicit,--important,--installed,--pre-rdepends,--rdepends,--recommends,--recurse,--replaces,--suggests,-i	path
apt reinstall	-	--allow-change-held-packages,--allow-downgrades,--allow-insecure-repositories,--allow-remove-essential,--allow-unauthenticated,--arch-only,--assume-no,--assume-yes,--auto-remove,--download,--download-only,--dry-run,--fix-missing,--fix-policy,--force-yes,--ignore-hold,--ignore-missing,--install-recommends,--install-suggests,--no-install-recommends,--no-install-suggests,--no-list-columns,--no-strict-pinning,--only-upgrade,--print-uris,--purge,--reinstall,--remove,--show-progress,--show-upgraded,--simulate,--solver,--trivial-only,--upgrade,--verbose-versions,-d,-m,-s,-u,-y	path
apt remove	-	--allow-change-held-packages,--allow-downgrades,--allow-insecure-repositories,--allow-remove-essential,--allow-unauthenticated,--arch-only,--assume-no,--assume-yes,--auto-remove,--download,--download-only,--dry-run,--fix-missing,--fix-policy,--force-yes,--ignore-hold,--ignore-missing,--install-recommends,--install-suggests,--no-install-recommends,--no-install-suggests,--no-list-columns,--no-strict-pinning,--only-upgrade,--print-uris,--purge,--reinstall,--remove,--show-progress,--show-upgraded,--simulate,--solver,--trivial-only,--upgrade,--verbose-versions,-d,-m,-s,-u,-y	path
apt satisfy	-	-	path
apt search	-	--full,--names-only,-f,-n	-
apt show	-	--all-versions,-a	path
apt showsrc	-	--only-source	path
apt source	-	--allow-change-held-packages,--allow-downgrades,--allow-insecure-repositories,--allow-remove-essential,--allow-unauthenticated,--arch-only,--assume-no,--assume-yes,--build,--build-profiles,--compile,--debian-only,--diff-only,--download,--download-only,--dry-run,--dsc-only,--fix-missing,--fix-policy,--ignore-hold,--ignore-missing,--install-recommends,--install-suggests,--no-install-recommends,--no-install-suggests,--only-upgrade,--print-uris,--remove,--show-upgraded,--simulate,--tar-only,--trivial-only,--upgrade,-P,-b,-d,-m,-s,-u,-y	path
apt update	-	--allow-insecure-repositories,--list-cleanup,--print-uris	-
apt upgrade	-	--allow-change-held-packages,--allow-downgrades,--allow-insecure-repositories,--allow-remove-essential,--allow-unauthenticated,--arch-only,--assume-no,--assume-yes,--auto-remove,--download,--download-only,--dry-run,--fix-missing,--fix-policy,--force-yes,--ignore-hold,--ignore-missing,--install-recommends,--install-suggests,--no-install-recommends,--no-install-suggests,--no-list-columns,--no-strict-pinning,--only-upgrade,--print-uris,--purge,--reinstall,--remove,--show-progress,--show-upgraded,--simulate,--solver,--trivial-only,--upgrade,--verbose-versions,-d,-m,-s,-u,-y	path
apt-cache	depends,dotty,dump,dumpavail,gencaches,madison,pkgnames,policy,rdepends,search,show,showpkg,showsrc,stats,unmet,xvcg	--all-names,--all-versions,--config-file,--full,--generate,--help,--implicit,--important,--installed,--no-breaks,--no-conflicts,--no-depends,--no-enhances,--no-pre-depends,--no-recommends,--no-replaces,--no-suggests,--option,--pkg-cache,--quiet,--recurse,--src-cache,--version,--with-source,-a,-c,-f,-g,-h,-i,-n,-o,-p,-q,-s,-v	-
apt-cache depends	-	-	path
apt-cache dotty	-	-	path
apt-cache dump	-	-	-
apt-cache dumpavail	-	-	-
apt-cache gencaches	-	-	-
apt-cache madison	-	-	path
apt-cache pkgnames	-	-	-
apt-cache policy	-	-	path
apt-cache rdepends	-	-	path
apt-cache search	-	-	-
apt-cache show	-	-	path
apt-cache showpkg	-	-	path
apt-cache showsrc	-	-	path
apt-cache stats	-	-	-
apt-cache unmet	-	-	-
apt-cache xvcg	-	-	path
apt-get	autoclean,autoremove,build-dep,changelog,check,clean,dist-upgrade,download,dselect-upgrade,indextargets,install,purge,reinstall,remove,satisfy,source,update,upgrade	--allow-downgrades,--allow-releaseinfo-change,--allow-remove-essential,--allow-unauthenticated,--arch-only,--assume-no,--assume-yes,--auto-remove,--autoremove,--build,--build-profiles,--compile,--config-file,--default-release,--diff-only,--download-only,--dry-run,--dsc-only,--error-on,--fix-broken,--fix-missing,--force-yes,--help,--host-architecture,--ignore-hold,--ignore-missing,--indep-only,--install-suggests,--just-print,--list-cleanup,--no-act,--no-allow-insecure-repositories,--no-download,--no-install-recommends,--no-remove,--no-show-upgraded,--no-upgrade,--only-source,--only-upgrade,--option,--print-uris,--purge,--quiet,--recon,--reinstall,--show-progress,--simulate,--tar-only,--target-release,--trivial-only,--verbose-versions,--version,--with-new-pkgs,--with-source,--yes,-P,-V,-a,-b,-c,-d,-f,-h,-m,-o,-q,-s,-t,-v,-y	-
apt-get autoclean	-	-	-
apt-get autoremove	-	-	-
apt-get build-dep	-	-	path
apt-get changelog	-	-	path
apt-get check	-	-	-
apt-get clean	-	-	-
apt-get dist-upgrade	-	-	-
apt-get download	-	-	path
apt-get dselect-upgrade	-	-	-
apt-get indextargets	-	-	-
apt-get install	-	-	path
apt-get purge	-	-	path
apt-get reinstall	-	-	-
apt-get remove	-	-	path
apt-get satisfy	-	-	-
apt-get source	-	-	path
apt-get update	-	-	-
apt-get upgrade	-	-	-
ar	-	-	-
archlinux-java	fix,get,help,set,status,unset	--help,-h	-
archlinux-java fix	-	-	-
archlinux-java get	-	-	-
archlinux-java help	-	-	-
archlinux-java set	-	-	path
archlinux-java status	-	-	-
archlinux-java unset	-	-	-
arecord	-	-	path
aria2c	-	--all-proxy,--all-proxy-passwd,--all-proxy-user,--allow-overwrite,--allow-piece-length-change,--always-resume,--async-dns,--async-dns-server,--auto-file-renaming,--auto-save-interval,--bt-detach-seed-only,--bt-enable-hook-after-hash-check,--bt-enable-lpd,--bt-exclude-tracker,--bt-external-ip,--bt-force-encryption,--bt-hash-check-seed,--bt-load-saved-metadata,--bt-lpd-interface,--bt-max-open-files,--bt-max-peers,--bt-metadata-only,--bt-min-crypto-level,--bt-prioritize-piece,--bt-remove-unselected-file,--bt-request-peer-speed-limit,--bt-require-crypto,--bt-save-metadata,--bt-seed-unverified,--bt-stop-timeout,--bt-tracker,--bt-tracker-connect-timeout,--bt-tracker-interval,--bt-tracker-timeout,--ca-certificate,--certificate,--check-certificate,--check-integrity,--checksum,--conditional-get,--conf-path,--connect-timeout,--console-log-level,--content-disposition-default-utf8,--continue,--daemon,--deferred-input,--dht-entry-point,--dht-entry-point6,--dht-file-path,--dht-file-path6,--dht-listen-addr6,--dht-listen-port,--dht-message-timeout,--dir,--disable-ipv6,--disk-cache,--download-result,--dry-run,--dscp,--enable-async-dns6,--enable-color,--enable-dht,--enable-dht6,--enable-http-keep-alive,--enable-http-pipelining,--enable-mmap,--enable-peer-exchange,--enable-rpc,--event-poll,--file-allocation,--follow-metalink,--follow-torrent,--force-save,--force-sequential,--ftp-passwd,--ftp-pasv,--ftp-proxy,--ftp-proxy-passwd,--ftp-proxy-user,--ftp-reuse-connection,--ftp-type,--ftp-user,--gid,--hash-check-only,--header,--help,--http-accept-gzip,--http-auth-challenge,--http-no-cache,--http-passwd,--http-proxy,--http-proxy-passwd,--http-proxy-user,--http-user,--https-proxy,--https-proxy-passwd,--https-proxy-user,--human-readable,--index-out,--input-file,--interface,--keep-unfinished-download-result,--listen-port,--load-cookies,--log,--log-level,--lowest-speed-limit,--max-concurrent-downloads,--max-connection-per-server,--max-download-limit,--max-download-result,--max-file-not-found,--max-mmap-limit,--max-overall-download-limit,--max-overall-upload-limit,--max-resume-failure-tries,--max-tries,--max-upload-limit,--metalink-base-uri,--metalink-enable-unique-protocol,--metalink-file,--metalink-language,--metalink-location,--metalink-os,--metalink-preferred-protocol,--metalink-version,--min-split-size,--min-tls-version,--multiple-interface,--netrc-path,--no-conf,--no-file-allocation-limit,--no-netrc,--no-proxy,--no-want-digest-header,--on-bt-download-complete,--on-download-complete,--on-download-error,--on-download-pause,--on-download-start,--on-download-stop,--optimize-concurrent-downloads,--out,--parameterized-uri,--pause,--pause-metadata,--peer-agent,--peer-id-prefix,--piece-length,--private-key,--proxy-method,--quiet,--realtime-chunk-checksum,--referer,--remote-time,--remove-control-file,--retry-wait,--reuse-uri,--rlimit-nofile,--rpc-allow-origin-all,--rpc-certificate,--rpc-listen-all,--rpc-listen-port,--rpc-max-request-size,--rpc-passwd,--rpc-private-key,--rpc-save-upload-metadata,--rpc-secret,--rpc-secure,--rpc-user,--save-cookies,--save-not-found,--save-session,--save-session-interval,--seed-ratio,--seed-time,--select-file,--server-stat-if,--server-stat-of,--server-stat-timeout,--show-console-readout,--show-files,--socket-recv-buffer-size,--split,--ssh-host-key-md,--stderr,--stop,--stop-with-process,--stream-piece-selector,--summary-interval,--timeout,--torrent-file,--truncate-console-readout,--uri-selector,--use-head,--user-agent,--version,-D,-M,-O,-P,-R,-S,-T,-U,-V,-Z,-c,-d,-h,-i,-j,-k,-l,-m,-n,-o,-p,-q,-s,-t,-u,-v,-x	path
artisan	_complete,about,clear-compiled,completion,db,docs,down,dusk,env,help,horizon,inspire,list,migrate,optimize,serve,test,tinker,ui,up	-	-
artisan _complete	-	--api-version,--current,--input,--shell,--symfony	-
artisan about	-	--json,--only	-
artisan clear-compiled	-	-	-
artisan completion	-	--debug	-
artisan db	-	--read,--write	-
artisan docs	-	-	-
artisan down	-	--redirect,--refresh,--render,--retry,--secret,--status,--with-secret	-
artisan dusk	-	--browse,--without-tty	-
artisan env	-	-	-
artisan help	-	-	-
artisan horizon	-	--environment	-
artisan inspire	-	-	-
artisan list	-	--format,--raw,--short	-
artisan migrate	-	--database,--force,--graceful,--isolated,--path,--pretend,--realpath,--schema-path,--seed,--seeder,--step	-
artisan optimize	-	-	-
artisan serve	-	--host,--no-reload,--port,--tries	-
artisan test	-	--compact,--coverage,--drop-databases,--min,--parallel,--profile,--recreate-databases,--without-databases,--without-tty	-
artisan tinker	-	--execute	-
artisan ui	-	--auth,--option	-
artisan up	-	-	-
asciinema	auth,cat,convert,help,play,rec,stream,upload	--help,--quiet,--server-url,--version,-h,-q	-
asciinema auth	-	-	-
asciinema cat	-	-	path
asciinema convert	-	--format,--help,--overwrite,--quiet,--server-url,-f,-h,-q	path
asciinema help	-	-	-
asciinema play	-	--idle-time-limit,--loop,--pause-on-markers,--speed,-i,-l,-m,-s	path
asciinema rec	-	--append,--command,--env,--filename,--format,--headless,--help,--idle-time-limit,--input,--overwrite,--quiet,--title,--tty-size,-I,-a,-c,-f,-h,-i,-q,-t	path
asciinema stream	-	--command,--headless,--input,--log-file,--relay,--serve,--tty-size,-I,-c,-r,-s	-
asciinema upload	-	-	path
atuin	account,ai,config,contributors,daemon,default-config,doctor,dotfiles,gen-completions,help,hex,history,hook,import,info,init,key,kv,login,logout,pty-proxy,register,scripts,search,setup,stats,status,store,sync,uuid,wrapped	--help,--version,-V,-h	-
atuin account	change-password,delete,help,link,login,logout,register	--help,-h	-
atuin account change-password	-	--current-password,--help,--new-password,--totp-code,-c,-h,-n,-t	-
atuin account delete	-	--help,--password,--totp-code,-h,-p,-t	-
atuin account help	change-password,delete,help,link,login,logout,register	-	-
atuin account help change-password	-	-	-
atuin account help delete	-	-	-
atuin account help help	-	-	-
atuin account help link	-	-	-
atuin account help login	-	-	-
atuin account help logout	-	-	-
atuin account help register	-	-	-
atuin account link	-	--help,-h	-
atuin account login	-	--help,--key,--password,--totp-code,--username,-h,-k,-p,-t,-u	-
atuin account logout	-	--help,-h	-
atuin account register	-	--email,--help,--password,--username,-e,-h,-p,-u	-
atuin ai	help,init,inline	--help,-h	-
atuin ai help	help,init,inline	-	-
atuin ai help help	-	-	-
atuin ai help init	-	-	-
atuin ai help inline	-	-	-
atuin ai init	-	--help,-h	-
atuin ai inline	-	--api-endpoint,--api-token,--help,--verbose,-h,-v	-
atuin config	get,help,print,set	--help,-h	-
atuin config get	-	--help,--resolved,--verbose,-h,-r,-v	-
atuin config help	get,help,print,set	-	-
atuin config help get	-	-	-
atuin config help help	-	-	-
atuin config help print	-	-	-
atuin config help set	-	-	-
atuin config print	-	--help,-h	-
atuin config set	-	--help,--type,-h,-t	-
atuin contributors	-	--help,-h	-
atuin daemon	help,restart,start,status,stop	--help,--show-logs,-h	-
atuin daemon help	help,restart,start,status,stop	-	-
atuin daemon help help	-	-	-
atuin daemon help restart	-	-	-
atuin daemon help start	-	-	-
atuin daemon help status	-	-	-
atuin daemon help stop	-	-	-
atuin daemon restart	-	--help,-h	-
atuin daemon start	-	--force,--help,--show-logs,-h	-
atuin daemon status	-	--help,-h	-
atuin daemon stop	-	--help,-h	-
atuin default-config	-	--help,-h	-
atuin doctor	-	--help,-h	-
atuin dotfiles	alias,help,var	--help,-h	-
atuin dotfiles alias	clear,delete,help,list,set	--help,-h	-
atuin dotfiles alias clear	-	--help,-h	-
atuin dotfiles alias delete	-	--help,-h	path
atuin dotfiles alias help	clear,delete,help,list,set	-	-
atuin dotfiles alias help clear	-	-	-
atuin dotfiles alias help delete	-	-	-
atuin dotfiles alias help help	-	-	-
atuin dotfiles alias help list	-	-	-
atuin dotfiles alias help set	-	-	-
atuin dotfiles alias list	-	--help,--name,--reverse,--sort-by,--value,-h,-n,-r,-v	-
atuin dotfiles alias set	-	--help,-h	path
atuin dotfiles help	alias,help,var	-	-
atuin dotfiles help alias	clear,delete,list,set	-	-
atuin dotfiles help alias clear	-	-	-
atuin dotfiles help alias delete	-	-	-
atuin dotfiles help alias list	-	-	-
atuin dotfiles help alias set	-	-	-
atuin dotfiles help help	-	-	-
atuin dotfiles help var	delete,list,set	-	-
atuin dotfiles help var delete	-	-	-
atuin dotfiles help var list	-	-	-
atuin dotfiles help var set	-	-	-
atuin dotfiles var	delete,help,list,set	--help,-h	-
atuin dotfiles var delete	-	--help,-h	path
atuin dotfiles var help	delete,help,list,set	-	-
atuin dotfiles var help delete	-	-	-
atuin dotfiles var help help	-	-	-
atuin dotfiles var help list	-	-	-
atuin dotfiles var help set	-	-	-
atuin dotfiles var list	-	--exports-only,--help,--name,--reverse,--shell-only,--sort-by,--value,-h,-n,-r,-v	-
atuin dotfiles var set	-	--help,--no-export,-h,-n	path
atuin gen-completions	-	--help,--out-dir,--shell,-h,-o,-s	-
atuin help	account,ai,config,contributors,daemon,default-config,doctor,dotfiles,gen-completions,help,history,hook,import,info,init,key,kv,login,logout,pty-proxy,register,scripts,search,setup,stats,status,store,sync,uuid,wrapped	-	-
atuin help account	change-password,delete,link,login,logout,register	-	-
atuin help account change-password	-	-	-
atuin help account delete	-	-	-
atuin help account link	-	-	-
atuin help account login	-	-	-
atuin help account logout	-	-	-
atuin help account register	-	-	-
atuin help ai	init,inline	-	-
atuin help ai init	-	-	-
atuin help ai inline	-	-	-
atuin help config	get,print,set	-	-
atuin help config get	-	-	-
atuin help config print	-	-	-
atuin help config set	-	-	-
atuin help contributors	-	-	-
atuin help daemon	restart,start,status,stop	-	-
atuin help daemon restart	-	-	-
atuin help daemon start	-	-	-
atuin help daemon status	-	-	-
atuin help daemon stop	-	-	-
atuin help default-config	-	-	-
atuin help doctor	-	-	-
atuin help dotfiles	alias,var	-	-
atuin help dotfiles alias	clear,delete,list,set	-	-
atuin help dotfiles alias clear	-	-	-
atuin help dotfiles alias delete	-	-	-
atuin help dotfiles alias list	-	-	-
atuin help dotfiles alias set	-	-	-
atuin help dotfiles var	delete,list,set	-	-
atuin help dotfiles var delete	-	-	-
atuin help dotfiles var list	-	-	-
atuin help dotfiles var set	-	-	-
atuin help gen-completions	-	-	-
atuin help help	-	-	-
atuin help history	dedup,end,init-store,last,list,prune,start,tail	-	-
atuin help history dedup	-	-	-
atuin help history end	-	-	-
atuin help history init-store	-	-	-
atuin help history last	-	-	-
atuin help history list	-	-	-
atuin help history prune	-	-	-
atuin help history start	-	-	-
atuin help history tail	-	-	-
atuin help hook	install	-	-
atuin help hook install	-	-	-
atuin help import	auto,bash,fish,nu,nu-hist-db,powershell,replxx,resh,xonsh,xonsh-sqlite,zsh,zsh-hist-db	-	-
atuin help import auto	-	-	-
atuin help import bash	-	-	-
atuin help import fish	-	-	-
atuin help import nu	-	-	-
atuin help import nu-hist-db	-	-	-
atuin help import powershell	-	-	-
atuin help import replxx	-	-	-
atuin help import resh	-	-	-
atuin help import xonsh	-	-	-
atuin help import xonsh-sqlite	-	-	-
atuin help import zsh	-	-	-
atuin help import zsh-hist-db	-	-	-
atuin help info	-	-	-
atuin help init	-	-	-
atuin help key	-	-	-
atuin help kv	delete,get,list,rebuild,set	-	-
atuin help kv delete	-	-	-
atuin help kv get	-	-	-
atuin help kv list	-	-	-
atuin help kv rebuild	-	-	-
atuin help kv set	-	-	-
atuin help login	-	-	-
atuin help logout	-	-	-
atuin help pty-proxy	init	-	-
atuin help pty-proxy init	-	-	-
atuin help register	-	-	-
atuin help scripts	delete,edit,get,list,new,run	-	-
atuin help scripts delete	-	-	-
atuin help scripts edit	-	-	-
atuin help scripts get	-	-	-
atuin help scripts list	-	-	-
atuin help scripts new	-	-	-
atuin help scripts run	-	-	-
atuin help search	-	-	-
atuin help setup	-	-	-
atuin help stats	-	-	-
atuin help status	-	-	-
atuin help store	pull,purge,push,rebuild,rekey,status,verify	-	-
atuin help store pull	-	-	-
atuin help store purge	-	-	-
atuin help store push	-	-	-
atuin help store rebuild	-	-	-
atuin help store rekey	-	-	-
atuin help store status	-	-	-
atuin help store verify	-	-	-
atuin help sync	-	-	-
atuin help uuid	-	-	-
atuin help wrapped	-	-	-
atuin hex	help,init	--help,-h	-
atuin hex help	help,init	-	-
atuin hex help help	-	-	-
atuin hex help init	-	-	-
atuin hex init	-	--help,-h	-
atuin history	dedup,end,help,init-store,last,list,prune,start,tail	--help,-h	-
atuin history dedup	-	--before,--dry-run,--dupkeep,--help,-b,-h,-n	-
atuin history end	-	--duration,--exit,--help,-d,-e,-h	-
atuin history help	dedup,end,help,init-store,last,list,prune,start,tail	-	-
atuin history help dedup	-	-	-
atuin history help end	-	-	-
atuin history help help	-	-	-
atuin history help init-store	-	-	-
atuin history help last	-	-	-
atuin history help list	-	-	-
atuin history help prune	-	-	-
atuin history help start	-	-	-
atuin history help tail	-	-	-
atuin history init-store	-	--help,-h	-
atuin history last	-	--cmd-only,--format,--help,--human,--timezone,--tz,-f,-h	-
atuin history list	-	--cmd-only,--cwd,--format,--help,--human,--print0,--reverse,--session,--timezone,--tz,-c,-f,-h,-r,-s	-
atuin history prune	-	--dry-run,--help,-h,-n	-
atuin history start	-	--author,--help,--intent,-h	-
atuin history tail	-	--help,-h	-
atuin hook	help,install	--help,-h	-
atuin hook help	help,install	-	-
atuin hook help help	-	-	-
atuin hook help install	-	-	-
atuin hook install	-	--help,-h	-
atuin import	auto,bash,fish,help,nu,nu-hist-db,powershell,replxx,resh,xonsh,xonsh-sqlite,zsh,zsh-hist-db	--help,-h	-
atuin import auto	-	--help,-h	-
atuin import bash	-	--help,-h	-
atuin import fish	-	--help,-h	-
atuin import help	auto,bash,fish,help,nu,nu-hist-db,powershell,replxx,resh,xonsh,xonsh-sqlite,zsh,zsh-hist-db	-	-
atuin import help auto	-	-	-
atuin import help bash	-	-	-
atuin import help fish	-	-	-
atuin import help help	-	-	-
atuin import help nu	-	-	-
atuin import help nu-hist-db	-	-	-
atuin import help powershell	-	-	-
atuin import help replxx	-	-	-
atuin import help resh	-	-	-
atuin import help xonsh	-	-	-
atuin import help xonsh-sqlite	-	-	-
atuin import help zsh	-	-	-
atuin import help zsh-hist-db	-	-	-
atuin import nu	-	--help,-h	-
atuin import nu-hist-db	-	--help,-h	-
atuin import powershell	-	--help,-h	-
atuin import replxx	-	--help,-h	-
atuin import resh	-	--help,-h	-
atuin import xonsh	-	--help,-h	-
atuin import xonsh-sqlite	-	--help,-h	-
atuin import zsh	-	--help,-h	-
atuin import zsh-hist-db	-	--help,-h	-
atuin info	-	--help,-h	-
atuin init	-	--disable-ai,--disable-ctrl-r,--disable-up-arrow,--help,-h	-
atuin key	-	--base64,--help,-h	-
atuin kv	delete,get,help,list,ls,rebuild,rm,set	--help,-h	-
atuin kv delete	-	--help,--namespace,-h,-n	path
atuin kv get	-	--help,--namespace,-h,-n	path
atuin kv help	delete,get,help,list,rebuild,set	-	-
atuin kv help delete	-	-	-
atuin kv help get	-	-	-
atuin kv help help	-	-	-
atuin kv help list	-	-	-
atuin kv help rebuild	-	-	-
atuin kv help set	-	-	-
atuin kv list	-	--all,--all-namespaces,--help,--namespace,-a,-h,-n	-
atuin kv ls	-	--all,--all-namespaces,--help,--namespace,-a,-h,-n	-
atuin kv rebuild	-	--help,-h	-
atuin kv rm	-	--help,--namespace,-h,-n	path
atuin kv set	-	--help,--key,--namespace,-h,-k,-n	path
atuin login	-	--help,--key,--password,--totp-code,--username,-h,-k,-p,-t,-u	-
atuin logout	-	--help,-h	-
atuin pty-proxy	help,init	--help,-h	-
atuin pty-proxy help	help,init	-	-
atuin pty-proxy help help	-	-	-
atuin pty-proxy help init	-	-	-
atuin pty-proxy init	-	--help,-h	-
atuin register	-	--email,--help,--password,--username,-e,-h,-p,-u	-
atuin scripts	delete,edit,get,help,list,ls,new,rm,run	--help,-h	-
atuin scripts delete	-	--force,--help,-f,-h	path
atuin scripts edit	-	--description,--help,--no-edit,--no-tags,--rename,--script,--shebang,--tags,-d,-h,-s,-t	-
atuin scripts get	-	--help,--script,-h,-s	path
atuin scripts help	delete,edit,get,help,list,new,run	-	-
atuin scripts help delete	-	-	-
atuin scripts help edit	-	-	-
atuin scripts help get	-	-	-
atuin scripts help help	-	-	-
atuin scripts help list	-	-	-
atuin scripts help new	-	-	-
atuin scripts help run	-	-	-
atuin scripts list	-	--help,-h	-
atuin scripts ls	-	--help,-h	-
atuin scripts new	-	--description,--help,--last,--no-edit,--script,--shebang,--tags,-d,-h,-s,-t	-
atuin scripts rm	-	--force,--help,-f,-h	path
atuin scripts run	-	--help,--var,-h,-v	-
atuin search	-	--after,--author,--before,--cmd-only,--cwd,--delete,--delete-it-all,--exclude-cwd,--exclude-exit,--exit,--filter-mode,--format,--help,--human,--include-duplicates,--inline-height,--interactive,--keymap-mode,--limit,--offset,--print0,--reverse,--search-mode,--timezone,--tz,-b,-c,-e,-f,-h,-i,-r	-
atuin setup	-	--help,-h	-
atuin stats	-	--count,--help,--ngram-size,-c,-h,-n	-
atuin status	-	--help,-h	-
atuin store	help,pull,purge,push,rebuild,rekey,status,verify	--help,-h	-
atuin store help	help,pull,purge,push,rebuild,rekey,status,verify	-	-
atuin store help help	-	-	-
atuin store help pull	-	-	-
atuin store help purge	-	-	-
atuin store help push	-	-	-
atuin store help rebuild	-	-	-
atuin store help rekey	-	-	-
atuin store help status	-	-	-
atuin store help verify	-	-	-
atuin store pull	-	--force,--help,--page,--tag,-h,-t	-
atuin store purge	-	--help,-h	-
atuin store push	-	--force,--help,--host,--page,--tag,-h,-t	-
atuin store rebuild	-	--help,-h	-
atuin store rekey	-	--help,-h	-
atuin store status	-	--help,-h	-
atuin store verify	-	--help,-h	-
atuin sync	-	--force,--help,-f,-h	-
atuin uuid	-	--help,-h	-
atuin wrapped	-	--help,-h	-
autoconf	-	--debug,--force,--help,--include,--initialization,--output,--prepend-include,--trace,--verbose,--version,--warnings,-B,-I,-V,-W,-d,-f,-h,-i,-o,-t,-v	path
avdmanager	create,delete,list,move	--clear-cache,--help,--silent,--verbose,-h,-s,-v	-
avdmanager create	avd	-	-
avdmanager create avd	-	--abi,--device,--force,--name,--package,--path,--sdcard,--snapshot,--tag,-a,-b,-c,-d,-f,-g,-k,-n,-p	-
avdmanager delete	avd	-	-
avdmanager delete avd	-	--name,-n	-
avdmanager list	avd,device,target	-	-
avdmanager list avd	-	--compact,--null,-0,-c	-
avdmanager list device	-	--compact,--null,-0,-c	-
avdmanager list target	-	--compact,--null,-0,-c	-
avdmanager move	avd	-	-
avdmanager move avd	-	--name,--path,--rename,-n,-p,-r	-
awk	-	--assign,--bignum,--characters-as-bytes,--copyright,--debug,--dump-variables,--exec,--field-separator,--file,--gen-pot,--help,--include,--lint,--lint-old,--load,--no-optimize,--non-decimal-data,--optimize,--posix,--pretty-print,--profile,--re-interval,--sandbox,--source,--traditional,--use-lc-numeric,--version,-C,-D,-E,-F,-L,-M,-N,-O,-P,-S,-V,-b,-c,-d,-e,-f,-g,-h,-i,-l,-n,-o,-p,-r,-s,-t,-v	-
aws	-	-	path
baobab	-	--all-file-systems,--help,--version,-a,-h,-v	path
base32	-	--decode,--help,--ignore-garbage,--version,--wrap,-d,-i,-w	path
base64	-	--decode,--help,--ignore-garbage,--version,--wrap,-d,-i,-w	path
basename	-	--help,--multiple,--suffix,--version,--zero,-a,-s,-z	-
bash	-	--debugger,--dump-po-strings,--dump-strings,--init-file,--login,--noediting,--noprofile,--norc,--posix,--rcfile,--restricted,--verbose,--version,--x,-D,-c,-i,-l,-r,-s,-v	path
bash-language-server	-	--help,--version,-h,-v	-
bat	-	--acknowledgements,--binary,--chop-long-lines,--color,--completion,--decorations,--diagnostic,--diagnostics,--diff,--diff-context,--file-name,--force-colorization,--help,--highlight-line,--ignored-suffix,--italic-text,--language,--lessopen,--line-range,--list-languages,--list-themes,--map-syntax,--nonprintable-notation,--number,--pager,--paging,--plain,--set-terminal-title,--show-all,--show-nonprintable,--squeeze-blank,--squeeze-limit,--strip-ansi,--style,--tabs,--terminal-width,--theme,--theme-dark,--theme-light,--unbuffered,--version,--wrap,-A,-H,-L,-S,-V,-d,-f,-h,-l,-m,-n,-p,-r,-s,-u	path
batdiff	-	--color,--context,--delta,--no-color,--pager,--paging,--terminal-width,-C	path
batgrep	-	--after-context,--before-context,--case-sensitive,--color,--context,--ignore-case,--no-color,--no-follow,--no-highlight,--no-separator,--no-snip,--pager,--paging,--search-pattern,--smart-case,--terminal-width,-A,-B,-C,-S,-i,-p,-s	-
batman	-	-	path
bats	-	--count,--help,--pretty,--tap,--version,-c,-h,-p,-t,-v	path
bazel	aquery,build,canonicalize-flags,clean,config,coverage,cquery,dump,fetch,help,info,license,mobile-install,mod,print_action,query,run,shutdown,test,vendor,version	--autodetect_server_javabase,--batch,--batch_cpu_scheduling,--bazelrc,--block_for_lock,--client_debug,--command_port,--connect_timeout_secs,--default_system_javabase,--digest_function,--experimental_cgroup_parent,--experimental_run_in_user_cgroup,--extra_classpath,--failure_detail_out,--fatal_event_bus_exceptions,--home_rc,--host_jvm_args,--host_jvm_debug,--idle_server_tasks,--ignore_all_rc_files,--install_base,--install_md5,--invocation_policy,--io_nice_level,--local_startup_timeout_secs,--lock_install_base,--macos_qos_class,--max_idle_secs,--noautodetect_server_javabase,--nobatch,--nobatch_cpu_scheduling,--noblock_for_lock,--noclient_debug,--noexperimental_run_in_user_cgroup,--nofatal_event_bus_exceptions,--nohome_rc,--noidle_server_tasks,--noignore_all_rc_files,--nolock_install_base,--nopreemptible,--noquiet,--noshutdown_on_low_sys_mem,--nosystem_rc,--nounlimit_coredumps,--nowindows_enable_symlinks,--noworkspace_rc,--nowrite_command_log,--option_sources,--output_base,--output_user_root,--preemptible,--product_name,--quiet,--server_javabase,--server_jvm_out,--shutdown_on_low_sys_mem,--system_rc,--unix_digest_hash_attribute_name,--unlimit_coredumps,--windows_enable_symlinks,--workspace_directory,--workspace_rc,--write_command_log	-
bazel aquery	-	--allow_analysis_cache_discard,--allow_one_action_on_resource_unavailable,--allowed_local_actions_regex,--allowed_strategies_by_exec_platform,--analyze,--aspects,--aspects_parameters,--build,--build_event_upload_max_retries,--build_manual_tests,--build_tag_filters,--build_tests_only,--cache_computed_file_digests,--check_tests_up_to_date,--check_up_to_date,--compile_one_dependency,--default_visibility,--deleted_packages,--directory_creation_cache,--discard_analysis_cache,--enforce_project_configs,--execution_log_binary_file,--execution_log_compact_file,--execution_log_json_file,--execution_log_sort,--expand_test_suites,--experimental_active_directories,--experimental_analysis_cache_enable_metadata_queries,--experimental_analysis_cache_key_distinguisher_for_testing,--experimental_analysis_cache_server_checksum_override,--experimental_analysis_cache_service,--experimental_aquery_dump_after_build_format,--experimental_aquery_dump_after_build_output_file,--experimental_async_execution,--experimental_async_execution_max_concurrent_actions,--experimental_bep_target_summary,--experimental_build_event_expand_filesets,--experimental_build_event_output_group_mode,--experimental_build_event_upload_retry_minimum_delay,--experimental_build_event_upload_strategy,--experimental_check_external_other_files,--experimental_check_output_files,--experimental_convenience_symlinks,--experimental_convenience_symlinks_bep_event,--experimental_cpu_load_scheduling,--experimental_cpu_load_scheduling_window_size,--experimental_enable_critical_path_profiling,--experimental_enable_skyfocus,--experimental_extra_action_filter,--experimental_extra_action_top_level_only,--experimental_frontier_violation_check,--experimental_frontier_violation_verbose,--experimental_fsvc_threads,--experimental_lazy_macro_expansion_packages,--experimental_local_lockfree_output,--experimental_local_retries_on_crash,--experimental_materialize_param_files_directly,--experimental_max_directories_to_eagerly_visit_in_globbing,--experimental_merged_skyframe_analysis_execution,--experimental_oom_sensitive_skyfunctions_semaphore_size,--experimental_process_wrapper_graceful_sigterm,--experimental_remote_analysis_cache,--experimental_remote_analysis_cache_concurrency,--experimental_remote_analysis_cache_deadline,--experimental_remote_analysis_cache_max_batch_size,--experimental_remote_analysis_cache_mode,--experimental_remote_analysis_unreachable_cache_retry_interval,--experimental_remote_analysis_write_proxy,--experimental_remote_cache_eviction_retries,--experimental_run_bep_event_include_residue,--experimental_skyfocus_dump_keys,--experimental_skyfocus_dump_post_gc_stats,--experimental_skyframe_cpu_heavy_skykeys_thread_pool_size,--experimental_skyframe_error_handling_refactor,--experimental_skyframe_memory_dump,--experimental_skyframe_target_pattern_evaluator,--experimental_skymeld_analysis_overlap_percentage,--experimental_stats_summary,--experimental_stream_log_file_uploads,--experimental_use_validation_aspect,--explain,--fetch,--flaky_test_attempts,--genrule_strategy,--hide_aspect_results,--include_artifacts,--include_commandline,--include_file_write_contents,--include_param_files,--include_pruned_inputs,--incompatible_config_setting_private_default_visibility,--incompatible_enforce_config_setting_visibility,--incompatible_skip_genfiles_symlink,--jobs,--keep_going,--legacy_globbing_threads,--legacy_important_outputs,--loading_phase_threads,--local_resources,--local_termination_grace_seconds,--local_test_jobs,--materialize_param_files,--max_config_changes_to_show,--max_test_output_bytes,--noallow_analysis_cache_discard,--noallow_one_action_on_resource_unavailable,--noanalyze,--nobuild,--nobuild_manual_tests,--nobuild_tests_only,--nocheck_tests_up_to_date,--nocheck_up_to_date,--nocompile_one_dependency,--nodiscard_analysis_cache,--noenforce_project_configs,--noexecution_log_sort,--noexpand_test_suites,--noexperimental_analysis_cache_enable_metadata_queries,--noexperimental_async_execution,--noexperimental_bep_target_summary,--noexperimental_build_event_expand_filesets,--noexperimental_check_external_other_files,--noexperimental_check_output_files,--noexperimental_convenience_symlinks_bep_event,--noexperimental_cpu_load_scheduling,--noexperimental_enable_critical_path_profiling,--noexperimental_enable_skyfocus,--noexperimental_extra_action_top_level_only,--noexperimental_frontier_violation_verbose,--noexperimental_local_lockfree_output,--noexperimental_materialize_param_files_directly,--noexperimental_merged_skyframe_analysis_execution,--noexperimental_process_wrapper_graceful_sigterm,--noexperimental_run_bep_event_include_residue,--noexperimental_skyfocus_dump_post_gc_stats,--noexperimental_skyframe_error_handling_refactor,--noexperimental_skyframe_target_pattern_evaluator,--noexperimental_stats_summary,--noexperimental_stream_log_file_uploads,--noexperimental_use_validation_aspect,--nofetch,--noinclude_artifacts,--noinclude_commandline,--noinclude_file_write_contents,--noinclude_param_files,--noinclude_pruned_inputs,--noincompatible_config_setting_private_default_visibility,--noincompatible_enforce_config_setting_visibility,--noincompatible_skip_genfiles_symlink,--nokeep_going,--nolegacy_important_outputs,--nomaterialize_param_files,--nooutput_tree_tracking,--norewind_lost_inputs,--norun_validations,--noshow_loading_progress,--noskip_incompatible_explicit_targets,--noskyframe_state,--notest_keep_going,--nouse_action_cache,--noverbose_failures,--output,--output_filter,--output_groups,--output_tree_tracking,--package_path,--progress_report_interval,--remote_analysis_json_log,--rewind_lost_inputs,--run_validations,--serialized_frontier_profile,--show_loading_progress,--show_result,--skip_incompatible_explicit_targets,--skyframe_state,--spawn_strategy,--strategy,--strategy_regexp,--subcommands,--symlink_prefix,--target_pattern_file,--test_keep_going,--test_lang_filters,--test_output,--test_size_filters,--test_strategy,--test_summary,--test_tag_filters,--test_timeout_filters,--test_tmpdir,--use_action_cache,--verbose_failures,--version_window_for_dirty_node_gc,-j,-k,-s	-
bazel build	-	--allow_analysis_cache_discard,--allow_one_action_on_resource_unavailable,--allowed_local_actions_regex,--allowed_strategies_by_exec_platform,--analyze,--aspects,--aspects_parameters,--build,--build_event_upload_max_retries,--build_manual_tests,--build_tag_filters,--build_tests_only,--cache_computed_file_digests,--check_tests_up_to_date,--check_up_to_date,--compile_one_dependency,--default_visibility,--deleted_packages,--directory_creation_cache,--discard_analysis_cache,--enforce_project_configs,--execution_log_binary_file,--execution_log_compact_file,--execution_log_json_file,--execution_log_sort,--expand_test_suites,--experimental_active_directories,--experimental_analysis_cache_enable_metadata_queries,--experimental_analysis_cache_key_distinguisher_for_testing,--experimental_analysis_cache_server_checksum_override,--experimental_analysis_cache_service,--experimental_aquery_dump_after_build_format,--experimental_aquery_dump_after_build_output_file,--experimental_async_execution,--experimental_async_execution_max_concurrent_actions,--experimental_bep_target_summary,--experimental_build_event_expand_filesets,--experimental_build_event_output_group_mode,--experimental_build_event_upload_retry_minimum_delay,--experimental_build_event_upload_strategy,--experimental_check_external_other_files,--experimental_check_output_files,--experimental_convenience_symlinks,--experimental_convenience_symlinks_bep_event,--experimental_cpu_load_scheduling,--experimental_cpu_load_scheduling_window_size,--experimental_enable_critical_path_profiling,--experimental_enable_skyfocus,--experimental_extra_action_filter,--experimental_extra_action_top_level_only,--experimental_frontier_violation_check,--experimental_frontier_violation_verbose,--experimental_fsvc_threads,--experimental_lazy_macro_expansion_packages,--experimental_local_lockfree_output,--experimental_local_retries_on_crash,--experimental_materialize_param_files_directly,--experimental_max_directories_to_eagerly_visit_in_globbing,--experimental_merged_skyframe_analysis_execution,--experimental_oom_sensitive_skyfunctions_semaphore_size,--experimental_process_wrapper_graceful_sigterm,--experimental_remote_analysis_cache,--experimental_remote_analysis_cache_concurrency,--experimental_remote_analysis_cache_deadline,--experimental_remote_analysis_cache_max_batch_size,--experimental_remote_analysis_cache_mode,--experimental_remote_analysis_unreachable_cache_retry_interval,--experimental_remote_analysis_write_proxy,--experimental_remote_cache_eviction_retries,--experimental_run_bep_event_include_residue,--experimental_skyfocus_dump_keys,--experimental_skyfocus_dump_post_gc_stats,--experimental_skyframe_cpu_heavy_skykeys_thread_pool_size,--experimental_skyframe_error_handling_refactor,--experimental_skyframe_memory_dump,--experimental_skyframe_target_pattern_evaluator,--experimental_skymeld_analysis_overlap_percentage,--experimental_stats_summary,--experimental_stream_log_file_uploads,--experimental_use_validation_aspect,--explain,--fetch,--flaky_test_attempts,--genrule_strategy,--hide_aspect_results,--incompatible_config_setting_private_default_visibility,--incompatible_enforce_config_setting_visibility,--incompatible_skip_genfiles_symlink,--jobs,--keep_going,--legacy_globbing_threads,--legacy_important_outputs,--loading_phase_threads,--local_resources,--local_termination_grace_seconds,--local_test_jobs,--materialize_param_files,--max_config_changes_to_show,--max_test_output_bytes,--noallow_analysis_cache_discard,--noallow_one_action_on_resource_unavailable,--noanalyze,--nobuild,--nobuild_manual_tests,--nobuild_tests_only,--nocheck_tests_up_to_date,--nocheck_up_to_date,--nocompile_one_dependency,--nodiscard_analysis_cache,--noenforce_project_configs,--noexecution_log_sort,--noexpand_test_suites,--noexperimental_analysis_cache_enable_metadata_queries,--noexperimental_async_execution,--noexperimental_bep_target_summary,--noexperimental_build_event_expand_filesets,--noexperimental_check_external_other_files,--noexperimental_check_output_files,--noexperimental_convenience_symlinks_bep_event,--noexperimental_cpu_load_scheduling,--noexperimental_enable_critical_path_profiling,--noexperimental_enable_skyfocus,--noexperimental_extra_action_top_level_only,--noexperimental_frontier_violation_verbose,--noexperimental_local_lockfree_output,--noexperimental_materialize_param_files_directly,--noexperimental_merged_skyframe_analysis_execution,--noexperimental_process_wrapper_graceful_sigterm,--noexperimental_run_bep_event_include_residue,--noexperimental_skyfocus_dump_post_gc_stats,--noexperimental_skyframe_error_handling_refactor,--noexperimental_skyframe_target_pattern_evaluator,--noexperimental_stats_summary,--noexperimental_stream_log_file_uploads,--noexperimental_use_validation_aspect,--nofetch,--noincompatible_config_setting_private_default_visibility,--noincompatible_enforce_config_setting_visibility,--noincompatible_skip_genfiles_symlink,--nokeep_going,--nolegacy_important_outputs,--nomaterialize_param_files,--nooutput_tree_tracking,--norewind_lost_inputs,--norun_validations,--noshow_loading_progress,--noskip_incompatible_explicit_targets,--notest_keep_going,--nouse_action_cache,--noverbose_failures,--output_filter,--output_groups,--output_tree_tracking,--package_path,--progress_report_interval,--remote_analysis_json_log,--rewind_lost_inputs,--run_validations,--serialized_frontier_profile,--show_loading_progress,--show_result,--skip_incompatible_explicit_targets,--spawn_strategy,--strategy,--strategy_regexp,--subcommands,--symlink_prefix,--target_pattern_file,--test_keep_going,--test_lang_filters,--test_output,--test_size_filters,--test_strategy,--test_summary,--test_tag_filters,--test_timeout_filters,--test_tmpdir,--use_action_cache,--verbose_failures,--version_window_for_dirty_node_gc,-j,-k,-s	-
bazel canonicalize-flags	-	--allow_analysis_cache_discard,--allow_one_action_on_resource_unavailable,--allowed_local_actions_regex,--allowed_strategies_by_exec_platform,--analyze,--aspects,--aspects_parameters,--build,--build_event_upload_max_retries,--build_manual_tests,--build_tag_filters,--build_tests_only,--cache_computed_file_digests,--canonicalize_policy,--check_tests_up_to_date,--check_up_to_date,--compile_one_dependency,--default_visibility,--deleted_packages,--directory_creation_cache,--discard_analysis_cache,--enforce_project_configs,--execution_log_binary_file,--execution_log_compact_file,--execution_log_json_file,--execution_log_sort,--expand_test_suites,--experimental_active_directories,--experimental_analysis_cache_enable_metadata_queries,--experimental_analysis_cache_key_distinguisher_for_testing,--experimental_analysis_cache_server_checksum_override,--experimental_analysis_cache_service,--experimental_aquery_dump_after_build_format,--experimental_aquery_dump_after_build_output_file,--experimental_async_execution,--experimental_async_execution_max_concurrent_actions,--experimental_bep_target_summary,--experimental_build_event_expand_filesets,--experimental_build_event_output_group_mode,--experimental_build_event_upload_retry_minimum_delay,--experimental_build_event_upload_strategy,--experimental_check_external_other_files,--experimental_check_output_files,--experimental_convenience_symlinks,--experimental_convenience_symlinks_bep_event,--experimental_cpu_load_scheduling,--experimental_cpu_load_scheduling_window_size,--experimental_enable_critical_path_profiling,--experimental_enable_skyfocus,--experimental_extra_action_filter,--experimental_extra_action_top_level_only,--experimental_frontier_violation_check,--experimental_frontier_violation_verbose,--experimental_fsvc_threads,--experimental_include_default_values,--experimental_lazy_macro_expansion_packages,--experimental_local_lockfree_output,--experimental_local_retries_on_crash,--experimental_materialize_param_files_directly,--experimental_max_directories_to_eagerly_visit_in_globbing,--experimental_merged_skyframe_analysis_execution,--experimental_oom_sensitive_skyfunctions_semaphore_size,--experimental_process_wrapper_graceful_sigterm,--experimental_remote_analysis_cache,--experimental_remote_analysis_cache_concurrency,--experimental_remote_analysis_cache_deadline,--experimental_remote_analysis_cache_max_batch_size,--experimental_remote_analysis_cache_mode,--experimental_remote_analysis_unreachable_cache_retry_interval,--experimental_remote_analysis_write_proxy,--experimental_remote_cache_eviction_retries,--experimental_run_bep_event_include_residue,--experimental_skyfocus_dump_keys,--experimental_skyfocus_dump_post_gc_stats,--experimental_skyframe_cpu_heavy_skykeys_thread_pool_size,--experimental_skyframe_error_handling_refactor,--experimental_skyframe_memory_dump,--experimental_skyframe_target_pattern_evaluator,--experimental_skymeld_analysis_overlap_percentage,--experimental_stats_summary,--experimental_stream_log_file_uploads,--experimental_use_validation_aspect,--explain,--fetch,--flaky_test_attempts,--for_command,--genrule_strategy,--hide_aspect_results,--incompatible_config_setting_private_default_visibility,--incompatible_enforce_config_setting_visibility,--incompatible_skip_genfiles_symlink,--invocation_policy,--jobs,--keep_going,--legacy_globbing_threads,--legacy_important_outputs,--loading_phase_threads,--local_resources,--local_termination_grace_seconds,--local_test_jobs,--materialize_param_files,--max_config_changes_to_show,--max_test_output_bytes,--noallow_analysis_cache_discard,--noallow_one_action_on_resource_unavailable,--noanalyze,--nobuild,--nobuild_manual_tests,--nobuild_tests_only,--nocanonicalize_policy,--nocheck_tests_up_to_date,--nocheck_up_to_date,--nocompile_one_dependency,--nodiscard_analysis_cache,--noenforce_project_configs,--noexecution_log_sort,--noexpand_test_suites,--noexperimental_analysis_cache_enable_metadata_queries,--noexperimental_async_execution,--noexperimental_bep_target_summary,--noexperimental_build_event_expand_filesets,--noexperimental_check_external_other_files,--noexperimental_check_output_files,--noexperimental_convenience_symlinks_bep_event,--noexperimental_cpu_load_scheduling,--noexperimental_enable_critical_path_profiling,--noexperimental_enable_skyfocus,--noexperimental_extra_action_top_level_only,--noexperimental_frontier_violation_verbose,--noexperimental_include_default_values,--noexperimental_local_lockfree_output,--noexperimental_materialize_param_files_directly,--noexperimental_merged_skyframe_analysis_execution,--noexperimental_process_wrapper_graceful_sigterm,--noexperimental_run_bep_event_include_residue,--noexperimental_skyfocus_dump_post_gc_stats,--noexperimental_skyframe_error_handling_refactor,--noexperimental_skyframe_target_pattern_evaluator,--noexperimental_stats_summary,--noexperimental_stream_log_file_uploads,--noexperimental_use_validation_aspect,--nofetch,--noincompatible_config_setting_private_default_visibility,--noincompatible_enforce_config_setting_visibility,--noincompatible_skip_genfiles_symlink,--nokeep_going,--nolegacy_important_outputs,--nomaterialize_param_files,--nooutput_tree_tracking,--norewind_lost_inputs,--norun_validations,--noshow_loading_progress,--noskip_incompatible_explicit_targets,--notest_keep_going,--nouse_action_cache,--noverbose_failures,--output_filter,--output_groups,--output_tree_tracking,--package_path,--progress_report_interval,--remote_analysis_json_log,--rewind_lost_inputs,--run_validations,--serialized_frontier_profile,--show_loading_progress,--show_result,--skip_incompatible_explicit_targets,--spawn_strategy,--strategy,--strategy_regexp,--subcommands,--symlink_prefix,--target_pattern_file,--test_keep_going,--test_lang_filters,--test_output,--test_size_filters,--test_strategy,--test_summary,--test_tag_filters,--test_timeout_filters,--test_tmpdir,--use_action_cache,--verbose_failures,--version_window_for_dirty_node_gc,-j,-k,-s	-
bazel clean	-	--allow_analysis_cache_discard,--allow_one_action_on_resource_unavailable,--allowed_local_actions_regex,--allowed_strategies_by_exec_platform,--analyze,--aspects,--aspects_parameters,--async,--build,--build_event_upload_max_retries,--build_manual_tests,--build_tag_filters,--build_tests_only,--cache_computed_file_digests,--check_tests_up_to_date,--check_up_to_date,--compile_one_dependency,--default_visibility,--deleted_packages,--directory_creation_cache,--discard_analysis_cache,--enforce_project_configs,--execution_log_binary_file,--execution_log_compact_file,--execution_log_json_file,--execution_log_sort,--expand_test_suites,--experimental_active_directories,--experimental_analysis_cache_enable_metadata_queries,--experimental_analysis_cache_key_distinguisher_for_testing,--experimental_analysis_cache_server_checksum_override,--experimental_analysis_cache_service,--experimental_aquery_dump_after_build_format,--experimental_aquery_dump_after_build_output_file,--experimental_async_execution,--experimental_async_execution_max_concurrent_actions,--experimental_bep_target_summary,--experimental_build_event_expand_filesets,--experimental_build_event_output_group_mode,--experimental_build_event_upload_retry_minimum_delay,--experimental_build_event_upload_strategy,--experimental_check_external_other_files,--experimental_check_output_files,--experimental_convenience_symlinks,--experimental_convenience_symlinks_bep_event,--experimental_cpu_load_scheduling,--experimental_cpu_load_scheduling_window_size,--experimental_enable_critical_path_profiling,--experimental_enable_skyfocus,--experimental_extra_action_filter,--experimental_extra_action_top_level_only,--experimental_frontier_violation_check,--experimental_frontier_violation_verbose,--experimental_fsvc_threads,--experimental_lazy_macro_expansion_packages,--experimental_local_lockfree_output,--experimental_local_retries_on_crash,--experimental_materialize_param_files_directly,--experimental_max_directories_to_eagerly_visit_in_globbing,--experimental_merged_skyframe_analysis_execution,--experimental_oom_sensitive_skyfunctions_semaphore_size,--experimental_process_wrapper_graceful_sigterm,--experimental_remote_analysis_cache,--experimental_remote_analysis_cache_concurrency,--experimental_remote_analysis_cache_deadline,--experimental_remote_analysis_cache_max_batch_size,--experimental_remote_analysis_cache_mode,--experimental_remote_analysis_unreachable_cache_retry_interval,--experimental_remote_analysis_write_proxy,--experimental_remote_cache_eviction_retries,--experimental_run_bep_event_include_residue,--experimental_skyfocus_dump_keys,--experimental_skyfocus_dump_post_gc_stats,--experimental_skyframe_cpu_heavy_skykeys_thread_pool_size,--experimental_skyframe_error_handling_refactor,--experimental_skyframe_memory_dump,--experimental_skyframe_target_pattern_evaluator,--experimental_skymeld_analysis_overlap_percentage,--experimental_stats_summary,--experimental_stream_log_file_uploads,--experimental_use_validation_aspect,--explain,--expunge,--expunge_async,--fetch,--flaky_test_attempts,--genrule_strategy,--hide_aspect_results,--incompatible_config_setting_private_default_visibility,--incompatible_enforce_config_setting_visibility,--incompatible_skip_genfiles_symlink,--jobs,--keep_going,--legacy_globbing_threads,--legacy_important_outputs,--loading_phase_threads,--local_resources,--local_termination_grace_seconds,--local_test_jobs,--materialize_param_files,--max_config_changes_to_show,--max_test_output_bytes,--noallow_analysis_cache_discard,--noallow_one_action_on_resource_unavailable,--noanalyze,--noasync,--nobuild,--nobuild_manual_tests,--nobuild_tests_only,--nocheck_tests_up_to_date,--nocheck_up_to_date,--nocompile_one_dependency,--nodiscard_analysis_cache,--noenforce_project_configs,--noexecution_log_sort,--noexpand_test_suites,--noexperimental_analysis_cache_enable_metadata_queries,--noexperimental_async_execution,--noexperimental_bep_target_summary,--noexperimental_build_event_expand_filesets,--noexperimental_check_external_other_files,--noexperimental_check_output_files,--noexperimental_convenience_symlinks_bep_event,--noexperimental_cpu_load_scheduling,--noexperimental_enable_critical_path_profiling,--noexperimental_enable_skyfocus,--noexperimental_extra_action_top_level_only,--noexperimental_frontier_violation_verbose,--noexperimental_local_lockfree_output,--noexperimental_materialize_param_files_directly,--noexperimental_merged_skyframe_analysis_execution,--noexperimental_process_wrapper_graceful_sigterm,--noexperimental_run_bep_event_include_residue,--noexperimental_skyfocus_dump_post_gc_stats,--noexperimental_skyframe_error_handling_refactor,--noexperimental_skyframe_target_pattern_evaluator,--noexperimental_stats_summary,--noexperimental_stream_log_file_uploads,--noexperimental_use_validation_aspect,--noexpunge,--nofetch,--noincompatible_config_setting_private_default_visibility,--noincompatible_enforce_config_setting_visibility,--noincompatible_skip_genfiles_symlink,--nokeep_going,--nolegacy_important_outputs,--nomaterialize_param_files,--nooutput_tree_tracking,--norewind_lost_inputs,--norun_validations,--noshow_loading_progress,--noskip_incompatible_explicit_targets,--notest_keep_going,--nouse_action_cache,--noverbose_failures,--output_filter,--output_groups,--output_tree_tracking,--package_path,--progress_report_interval,--remote_analysis_json_log,--rewind_lost_inputs,--run_validations,--serialized_frontier_profile,--show_loading_progress,--show_result,--skip_incompatible_explicit_targets,--spawn_strategy,--strategy,--strategy_regexp,--subcommands,--symlink_prefix,--target_pattern_file,--test_keep_going,--test_lang_filters,--test_output,--test_size_filters,--test_strategy,--test_summary,--test_tag_filters,--test_timeout_filters,--test_tmpdir,--use_action_cache,--verbose_failures,--version_window_for_dirty_node_gc,-j,-k,-s	-
bazel config	-	--allow_analysis_cache_discard,--allow_one_action_on_resource_unavailable,--allowed_local_actions_regex,--allowed_strategies_by_exec_platform,--analyze,--aspects,--aspects_parameters,--build,--build_event_upload_max_retries,--build_manual_tests,--build_tag_filters,--build_tests_only,--cache_computed_file_digests,--check_tests_up_to_date,--check_up_to_date,--compile_one_dependency,--default_visibility,--deleted_packages,--directory_creation_cache,--discard_analysis_cache,--dump_all,--enforce_project_configs,--execution_log_binary_file,--execution_log_compact_file,--execution_log_json_file,--execution_log_sort,--expand_test_suites,--experimental_active_directories,--experimental_analysis_cache_enable_metadata_queries,--experimental_analysis_cache_key_distinguisher_for_testing,--experimental_analysis_cache_server_checksum_override,--experimental_analysis_cache_service,--experimental_aquery_dump_after_build_format,--experimental_aquery_dump_after_build_output_file,--experimental_async_execution,--experimental_async_execution_max_concurrent_actions,--experimental_bep_target_summary,--experimental_build_event_expand_filesets,--experimental_build_event_output_group_mode,--experimental_build_event_upload_retry_minimum_delay,--experimental_build_event_upload_strategy,--experimental_check_external_other_files,--experimental_check_output_files,--experimental_convenience_symlinks,--experimental_convenience_symlinks_bep_event,--experimental_cpu_load_scheduling,--experimental_cpu_load_scheduling_window_size,--experimental_enable_critical_path_profiling,--experimental_enable_skyfocus,--experimental_extra_action_filter,--experimental_extra_action_top_level_only,--experimental_frontier_violation_check,--experimental_frontier_violation_verbose,--experimental_fsvc_threads,--experimental_lazy_macro_expansion_packages,--experimental_local_lockfree_output,--experimental_local_retries_on_crash,--experimental_materialize_param_files_directly,--experimental_max_directories_to_eagerly_visit_in_globbing,--experimental_merged_skyframe_analysis_execution,--experimental_oom_sensitive_skyfunctions_semaphore_size,--experimental_process_wrapper_graceful_sigterm,--experimental_remote_analysis_cache,--experimental_remote_analysis_cache_concurrency,--experimental_remote_analysis_cache_deadline,--experimental_remote_analysis_cache_max_batch_size,--experimental_remote_analysis_cache_mode,--experimental_remote_analysis_unreachable_cache_retry_interval,--experimental_remote_analysis_write_proxy,--experimental_remote_cache_eviction_retries,--experimental_run_bep_event_include_residue,--experimental_skyfocus_dump_keys,--experimental_skyfocus_dump_post_gc_stats,--experimental_skyframe_cpu_heavy_skykeys_thread_pool_size,--experimental_skyframe_error_handling_refactor,--experimental_skyframe_memory_dump,--experimental_skyframe_target_pattern_evaluator,--experimental_skymeld_analysis_overlap_percentage,--experimental_stats_summary,--experimental_stream_log_file_uploads,--experimental_use_validation_aspect,--explain,--fetch,--flaky_test_attempts,--genrule_strategy,--hide_aspect_results,--incompatible_config_setting_private_default_visibility,--incompatible_enforce_config_setting_visibility,--incompatible_skip_genfiles_symlink,--jobs,--keep_going,--legacy_globbing_threads,--legacy_important_outputs,--loading_phase_threads,--local_resources,--local_termination_grace_seconds,--local_test_jobs,--materialize_param_files,--max_config_changes_to_show,--max_test_output_bytes,--noallow_analysis_cache_discard,--noallow_one_action_on_resource_unavailable,--noanalyze,--nobuild,--nobuild_manual_tests,--nobuild_tests_only,--nocheck_tests_up_to_date,--nocheck_up_to_date,--nocompile_one_dependency,--nodiscard_analysis_cache,--nodump_all,--noenforce_project_configs,--noexecution_log_sort,--noexpand_test_suites,--noexperimental_analysis_cache_enable_metadata_queries,--noexperimental_async_execution,--noexperimental_bep_target_summary,--noexperimental_build_event_expand_filesets,--noexperimental_check_external_other_files,--noexperimental_check_output_files,--noexperimental_convenience_symlinks_bep_event,--noexperimental_cpu_load_scheduling,--noexperimental_enable_critical_path_profiling,--noexperimental_enable_skyfocus,--noexperimental_extra_action_top_level_only,--noexperimental_frontier_violation_verbose,--noexperimental_local_lockfree_output,--noexperimental_materialize_param_files_directly,--noexperimental_merged_skyframe_analysis_execution,--noexperimental_process_wrapper_graceful_sigterm,--noexperimental_run_bep_event_include_residue,--noexperimental_skyfocus_dump_post_gc_stats,--noexperimental_skyframe_error_handling_refactor,--noexperimental_skyframe_target_pattern_evaluator,--noexperimental_stats_summary,--noexperimental_stream_log_file_uploads,--noexperimental_use_validation_aspect,--nofetch,--noincompatible_config_setting_private_default_visibility,--noincompatible_enforce_config_setting_visibility,--noincompatible_skip_genfiles_symlink,--nokeep_going,--nolegacy_important_outputs,--nomaterialize_param_files,--nooutput_tree_tracking,--norewind_lost_inputs,--norun_validations,--noshow_loading_progress,--noskip_incompatible_explicit_targets,--notest_keep_going,--nouse_action_cache,--noverbose_failures,--output,--output_filter,--output_groups,--output_tree_tracking,--package_path,--progress_report_interval,--remote_analysis_json_log,--rewind_lost_inputs,--run_validations,--serialized_frontier_profile,--show_loading_progress,--show_result,--skip_incompatible_explicit_targets,--spawn_strategy,--strategy,--strategy_regexp,--subcommands,--symlink_prefix,--target_pattern_file,--test_keep_going,--test_lang_filters,--test_output,--test_size_filters,--test_strategy,--test_summary,--test_tag_filters,--test_timeout_filters,--test_tmpdir,--use_action_cache,--verbose_failures,--version_window_for_dirty_node_gc,-j,-k,-s	-
bazel coverage	-	--allow_analysis_cache_discard,--allow_one_action_on_resource_unavailable,--allowed_local_actions_regex,--allowed_strategies_by_exec_platform,--analyze,--aspects,--aspects_parameters,--build,--build_event_upload_max_retries,--build_manual_tests,--build_tag_filters,--build_tests_only,--cache_computed_file_digests,--check_tests_up_to_date,--check_up_to_date,--compile_one_dependency,--default_visibility,--deleted_packages,--directory_creation_cache,--discard_analysis_cache,--enforce_project_configs,--execution_log_binary_file,--execution_log_compact_file,--execution_log_json_file,--execution_log_sort,--expand_test_suites,--experimental_active_directories,--experimental_analysis_cache_enable_metadata_queries,--experimental_analysis_cache_key_distinguisher_for_testing,--experimental_analysis_cache_server_checksum_override,--experimental_analysis_cache_service,--experimental_aquery_dump_after_build_format,--experimental_aquery_dump_after_build_output_file,--experimental_async_execution,--experimental_async_execution_max_concurrent_actions,--experimental_bep_target_summary,--experimental_build_event_expand_filesets,--experimental_build_event_output_group_mode,--experimental_build_event_upload_retry_minimum_delay,--experimental_build_event_upload_strategy,--experimental_check_external_other_files,--experimental_check_output_files,--experimental_convenience_symlinks,--experimental_convenience_symlinks_bep_event,--experimental_cpu_load_scheduling,--experimental_cpu_load_scheduling_window_size,--experimental_enable_critical_path_profiling,--experimental_enable_skyfocus,--experimental_extra_action_filter,--experimental_extra_action_top_level_only,--experimental_frontier_violation_check,--experimental_frontier_violation_verbose,--experimental_fsvc_threads,--experimental_lazy_macro_expansion_packages,--experimental_local_lockfree_output,--experimental_local_retries_on_crash,--experimental_materialize_param_files_directly,--experimental_max_directories_to_eagerly_visit_in_globbing,--experimental_merged_skyframe_analysis_execution,--experimental_oom_sensitive_skyfunctions_semaphore_size,--experimental_process_wrapper_graceful_sigterm,--experimental_remote_analysis_cache,--experimental_remote_analysis_cache_concurrency,--experimental_remote_analysis_cache_deadline,--experimental_remote_analysis_cache_max_batch_size,--experimental_remote_analysis_cache_mode,--experimental_remote_analysis_unreachable_cache_retry_interval,--experimental_remote_analysis_write_proxy,--experimental_remote_cache_eviction_retries,--experimental_run_bep_event_include_residue,--experimental_skyfocus_dump_keys,--experimental_skyfocus_dump_post_gc_stats,--experimental_skyframe_cpu_heavy_skykeys_thread_pool_size,--experimental_skyframe_error_handling_refactor,--experimental_skyframe_memory_dump,--experimental_skyframe_target_pattern_evaluator,--experimental_skymeld_analysis_overlap_percentage,--experimental_stats_summary,--experimental_stream_log_file_uploads,--experimental_use_validation_aspect,--explain,--fetch,--flaky_test_attempts,--genrule_strategy,--hide_aspect_results,--incompatible_config_setting_private_default_visibility,--incompatible_enforce_config_setting_visibility,--incompatible_skip_genfiles_symlink,--jobs,--keep_going,--legacy_globbing_threads,--legacy_important_outputs,--loading_phase_threads,--local_resources,--local_termination_grace_seconds,--local_test_jobs,--materialize_param_files,--max_config_changes_to_show,--max_test_output_bytes,--noallow_analysis_cache_discard,--noallow_one_action_on_resource_unavailable,--noanalyze,--nobuild,--nobuild_manual_tests,--nobuild_tests_only,--nocheck_tests_up_to_date,--nocheck_up_to_date,--nocompile_one_dependency,--nodiscard_analysis_cache,--noenforce_project_configs,--noexecution_log_sort,--noexpand_test_suites,--noexperimental_analysis_cache_enable_metadata_queries,--noexperimental_async_execution,--noexperimental_bep_target_summary,--noexperimental_build_event_expand_filesets,--noexperimental_check_external_other_files,--noexperimental_check_output_files,--noexperimental_convenience_symlinks_bep_event,--noexperimental_cpu_load_scheduling,--noexperimental_enable_critical_path_profiling,--noexperimental_enable_skyfocus,--noexperimental_extra_action_top_level_only,--noexperimental_frontier_violation_verbose,--noexperimental_local_lockfree_output,--noexperimental_materialize_param_files_directly,--noexperimental_merged_skyframe_analysis_execution,--noexperimental_process_wrapper_graceful_sigterm,--noexperimental_run_bep_event_include_residue,--noexperimental_skyfocus_dump_post_gc_stats,--noexperimental_skyframe_error_handling_refactor,--noexperimental_skyframe_target_pattern_evaluator,--noexperimental_stats_summary,--noexperimental_stream_log_file_uploads,--noexperimental_use_validation_aspect,--nofetch,--noincompatible_config_setting_private_default_visibility,--noincompatible_enforce_config_setting_visibility,--noincompatible_skip_genfiles_symlink,--nokeep_going,--nolegacy_important_outputs,--nomaterialize_param_files,--nooutput_tree_tracking,--noprint_relative_test_log_paths,--norewind_lost_inputs,--norun_validations,--noshow_loading_progress,--noskip_incompatible_explicit_targets,--notest_keep_going,--notest_verbose_timeout_warnings,--nouse_action_cache,--noverbose_failures,--noverbose_test_summary,--output_filter,--output_groups,--output_tree_tracking,--package_path,--print_relative_test_log_paths,--progress_report_interval,--remote_analysis_json_log,--rewind_lost_inputs,--run_validations,--serialized_frontier_profile,--show_loading_progress,--show_result,--skip_incompatible_explicit_targets,--spawn_strategy,--strategy,--strategy_regexp,--subcommands,--symlink_prefix,--target_pattern_file,--test_keep_going,--test_lang_filters,--test_output,--test_size_filters,--test_strategy,--test_summary,--test_tag_filters,--test_timeout_filters,--test_tmpdir,--test_verbose_timeout_warnings,--use_action_cache,--verbose_failures,--verbose_test_summary,--version_window_for_dirty_node_gc,-j,-k,-s	-
bazel cquery	-	--allow_analysis_cache_discard,--allow_one_action_on_resource_unavailable,--allowed_local_actions_regex,--allowed_strategies_by_exec_platform,--analyze,--aspects,--aspects_parameters,--build,--build_event_upload_max_retries,--build_manual_tests,--build_tag_filters,--build_tests_only,--cache_computed_file_digests,--check_tests_up_to_date,--check_up_to_date,--compile_one_dependency,--default_visibility,--deleted_packages,--directory_creation_cache,--discard_analysis_cache,--enforce_project_configs,--execution_log_binary_file,--execution_log_compact_file,--execution_log_json_file,--execution_log_sort,--expand_test_suites,--experimental_active_directories,--experimental_analysis_cache_enable_metadata_queries,--experimental_analysis_cache_key_distinguisher_for_testing,--experimental_analysis_cache_server_checksum_override,--experimental_analysis_cache_service,--experimental_aquery_dump_after_build_format,--experimental_aquery_dump_after_build_output_file,--experimental_async_execution,--experimental_async_execution_max_concurrent_actions,--experimental_bep_target_summary,--experimental_build_event_expand_filesets,--experimental_build_event_output_group_mode,--experimental_build_event_upload_retry_minimum_delay,--experimental_build_event_upload_strategy,--experimental_check_external_other_files,--experimental_check_output_files,--experimental_convenience_symlinks,--experimental_convenience_symlinks_bep_event,--experimental_cpu_load_scheduling,--experimental_cpu_load_scheduling_window_size,--experimental_enable_critical_path_profiling,--experimental_enable_skyfocus,--experimental_extra_action_filter,--experimental_extra_action_top_level_only,--experimental_frontier_violation_check,--experimental_frontier_violation_verbose,--experimental_fsvc_threads,--experimental_lazy_macro_expansion_packages,--experimental_local_lockfree_output,--experimental_local_retries_on_crash,--experimental_materialize_param_files_directly,--experimental_max_directories_to_eagerly_visit_in_globbing,--experimental_merged_skyframe_analysis_execution,--experimental_oom_sensitive_skyfunctions_semaphore_size,--experimental_process_wrapper_graceful_sigterm,--experimental_remote_analysis_cache,--experimental_remote_analysis_cache_concurrency,--experimental_remote_analysis_cache_deadline,--experimental_remote_analysis_cache_max_batch_size,--experimental_remote_analysis_cache_mode,--experimental_remote_analysis_unreachable_cache_retry_interval,--experimental_remote_analysis_write_proxy,--experimental_remote_cache_eviction_retries,--experimental_run_bep_event_include_residue,--experimental_skyfocus_dump_keys,--experimental_skyfocus_dump_post_gc_stats,--experimental_skyframe_cpu_heavy_skykeys_thread_pool_size,--experimental_skyframe_error_handling_refactor,--experimental_skyframe_memory_dump,--experimental_skyframe_target_pattern_evaluator,--experimental_skymeld_analysis_overlap_percentage,--experimental_stats_summary,--experimental_stream_log_file_uploads,--experimental_use_validation_aspect,--explain,--fetch,--flaky_test_attempts,--genrule_strategy,--hide_aspect_results,--incompatible_config_setting_private_default_visibility,--incompatible_enforce_config_setting_visibility,--incompatible_skip_genfiles_symlink,--jobs,--keep_going,--legacy_globbing_threads,--legacy_important_outputs,--loading_phase_threads,--local_resources,--local_termination_grace_seconds,--local_test_jobs,--materialize_param_files,--max_config_changes_to_show,--max_test_output_bytes,--noallow_analysis_cache_discard,--noallow_one_action_on_resource_unavailable,--noanalyze,--nobuild,--nobuild_manual_tests,--nobuild_tests_only,--nocheck_tests_up_to_date,--nocheck_up_to_date,--nocompile_one_dependency,--nodiscard_analysis_cache,--noenforce_project_configs,--noexecution_log_sort,--noexpand_test_suites,--noexperimental_analysis_cache_enable_metadata_queries,--noexperimental_async_execution,--noexperimental_bep_target_summary,--noexperimental_build_event_expand_filesets,--noexperimental_check_external_other_files,--noexperimental_check_output_files,--noexperimental_convenience_symlinks_bep_event,--noexperimental_cpu_load_scheduling,--noexperimental_enable_critical_path_profiling,--noexperimental_enable_skyfocus,--noexperimental_extra_action_top_level_only,--noexperimental_frontier_violation_verbose,--noexperimental_local_lockfree_output,--noexperimental_materialize_param_files_directly,--noexperimental_merged_skyframe_analysis_execution,--noexperimental_process_wrapper_graceful_sigterm,--noexperimental_run_bep_event_include_residue,--noexperimental_skyfocus_dump_post_gc_stats,--noexperimental_skyframe_error_handling_refactor,--noexperimental_skyframe_target_pattern_evaluator,--noexperimental_stats_summary,--noexperimental_stream_log_file_uploads,--noexperimental_use_validation_aspect,--nofetch,--noincompatible_config_setting_private_default_visibility,--noincompatible_enforce_config_setting_visibility,--noincompatible_skip_genfiles_symlink,--nokeep_going,--nolegacy_important_outputs,--nomaterialize_param_files,--nooutput_tree_tracking,--noprint_relative_test_log_paths,--norewind_lost_inputs,--norun_validations,--noshow_loading_progress,--noskip_incompatible_explicit_targets,--notest_keep_going,--notest_verbose_timeout_warnings,--nouse_action_cache,--noverbose_failures,--noverbose_test_summary,--output,--output_filter,--output_groups,--output_tree_tracking,--package_path,--print_relative_test_log_paths,--progress_report_interval,--remote_analysis_json_log,--rewind_lost_inputs,--run_validations,--serialized_frontier_profile,--show_config_fragments,--show_loading_progress,--show_result,--skip_incompatible_explicit_targets,--spawn_strategy,--strategy,--strategy_regexp,--subcommands,--symlink_prefix,--target_pattern_file,--test_keep_going,--test_lang_filters,--test_output,--test_size_filters,--test_strategy,--test_summary,--test_tag_filters,--test_timeout_filters,--test_tmpdir,--test_verbose_timeout_warnings,--transitions,--use_action_cache,--verbose_failures,--verbose_test_summary,--version_window_for_dirty_node_gc,-j,-k,-s	-
bazel dump	-	--action_cache,--memory,--noaction_cache,--nopackages,--norule_classes,--norules,--packages,--rule_classes,--rules,--skyframe,--skykey_filter,--skylark_memory	-
bazel fetch	-	--all,--allow_analysis_cache_discard,--allow_one_action_on_resource_unavailable,--allowed_local_actions_regex,--allowed_strategies_by_exec_platform,--analyze,--aspects,--aspects_parameters,--build,--build_event_upload_max_retries,--build_manual_tests,--build_tag_filters,--build_tests_only,--cache_computed_file_digests,--check_tests_up_to_date,--check_up_to_date,--compile_one_dependency,--configure,--default_visibility,--deleted_packages,--directory_creation_cache,--discard_analysis_cache,--enforce_project_configs,--execution_log_binary_file,--execution_log_compact_file,--execution_log_json_file,--execution_log_sort,--expand_test_suites,--experimental_active_directories,--experimental_analysis_cache_enable_metadata_queries,--experimental_analysis_cache_key_distinguisher_for_testing,--experimental_analysis_cache_server_checksum_override,--experimental_analysis_cache_service,--experimental_aquery_dump_after_build_format,--experimental_aquery_dump_after_build_output_file,--experimental_async_execution,--experimental_async_execution_max_concurrent_actions,--experimental_bep_target_summary,--experimental_build_event_expand_filesets,--experimental_build_event_output_group_mode,--experimental_build_event_upload_retry_minimum_delay,--experimental_build_event_upload_strategy,--experimental_check_external_other_files,--experimental_check_output_files,--experimental_convenience_symlinks,--experimental_convenience_symlinks_bep_event,--experimental_cpu_load_scheduling,--experimental_cpu_load_scheduling_window_size,--experimental_enable_critical_path_profiling,--experimental_enable_skyfocus,--experimental_extra_action_filter,--experimental_extra_action_top_level_only,--experimental_frontier_violation_check,--experimental_frontier_violation_verbose,--experimental_fsvc_threads,--experimental_lazy_macro_expansion_packages,--experimental_local_lockfree_output,--experimental_local_retries_on_crash,--experimental_materialize_param_files_directly,--experimental_max_directories_to_eagerly_visit_in_globbing,--experimental_merged_skyframe_analysis_execution,--experimental_oom_sensitive_skyfunctions_semaphore_size,--experimental_process_wrapper_graceful_sigterm,--experimental_remote_analysis_cache,--experimental_remote_analysis_cache_concurrency,--experimental_remote_analysis_cache_deadline,--experimental_remote_analysis_cache_max_batch_size,--experimental_remote_analysis_cache_mode,--experimental_remote_analysis_unreachable_cache_retry_interval,--experimental_remote_analysis_write_proxy,--experimental_remote_cache_eviction_retries,--experimental_run_bep_event_include_residue,--experimental_skyfocus_dump_keys,--experimental_skyfocus_dump_post_gc_stats,--experimental_skyframe_cpu_heavy_skykeys_thread_pool_size,--experimental_skyframe_error_handling_refactor,--experimental_skyframe_memory_dump,--experimental_skyframe_target_pattern_evaluator,--experimental_skymeld_analysis_overlap_percentage,--experimental_stats_summary,--experimental_stream_log_file_uploads,--experimental_use_validation_aspect,--explain,--fetch,--flaky_test_attempts,--force,--genrule_strategy,--hide_aspect_results,--incompatible_config_setting_private_default_visibility,--incompatible_enforce_config_setting_visibility,--incompatible_skip_genfiles_symlink,--jobs,--keep_going,--legacy_globbing_threads,--legacy_important_outputs,--loading_phase_threads,--local_resources,--local_termination_grace_seconds,--local_test_jobs,--materialize_param_files,--max_config_changes_to_show,--max_test_output_bytes,--noall,--noallow_analysis_cache_discard,--noallow_one_action_on_resource_unavailable,--noanalyze,--nobuild,--nobuild_manual_tests,--nobuild_tests_only,--nocheck_tests_up_to_date,--nocheck_up_to_date,--nocompile_one_dependency,--noconfigure,--nodiscard_analysis_cache,--noenforce_project_configs,--noexecution_log_sort,--noexpand_test_suites,--noexperimental_analysis_cache_enable_metadata_queries,--noexperimental_async_execution,--noexperimental_bep_target_summary,--noexperimental_build_event_expand_filesets,--noexperimental_check_external_other_files,--noexperimental_check_output_files,--noexperimental_convenience_symlinks_bep_event,--noexperimental_cpu_load_scheduling,--noexperimental_enable_critical_path_profiling,--noexperimental_enable_skyfocus,--noexperimental_extra_action_top_level_only,--noexperimental_frontier_violation_verbose,--noexperimental_local_lockfree_output,--noexperimental_materialize_param_files_directly,--noexperimental_merged_skyframe_analysis_execution,--noexperimental_process_wrapper_graceful_sigterm,--noexperimental_run_bep_event_include_residue,--noexperimental_skyfocus_dump_post_gc_stats,--noexperimental_skyframe_error_handling_refactor,--noexperimental_skyframe_target_pattern_evaluator,--noexperimental_stats_summary,--noexperimental_stream_log_file_uploads,--noexperimental_use_validation_aspect,--nofetch,--noforce,--noincompatible_config_setting_private_default_visibility,--noincompatible_enforce_config_setting_visibility,--noincompatible_skip_genfiles_symlink,--nokeep_going,--nolegacy_important_outputs,--nomaterialize_param_files,--nooutput_tree_tracking,--noprint_relative_test_log_paths,--norewind_lost_inputs,--norun_validations,--noshow_loading_progress,--noskip_incompatible_explicit_targets,--notest_keep_going,--notest_verbose_timeout_warnings,--nouse_action_cache,--noverbose_failures,--noverbose_test_summary,--output_filter,--output_groups,--output_tree_tracking,--package_path,--print_relative_test_log_paths,--progress_report_interval,--remote_analysis_json_log,--repo,--rewind_lost_inputs,--run_validations,--serialized_frontier_profile,--show_loading_progress,--show_result,--skip_incompatible_explicit_targets,--spawn_strategy,--strategy,--strategy_regexp,--subcommands,--symlink_prefix,--target_pattern_file,--test_keep_going,--test_lang_filters,--test_output,--test_size_filters,--test_strategy,--test_summary,--test_tag_filters,--test_timeout_filters,--test_tmpdir,--test_verbose_timeout_warnings,--use_action_cache,--verbose_failures,--verbose_test_summary,--version_window_for_dirty_node_gc,-j,-k,-s	-
bazel help	aquery,build,canonicalize-flags,clean,config,coverage,cquery,dump,fetch,help,info,license,mobile-install,mod,print_action,query,run,shutdown,test,vendor,version	--help_verbosity,--long,--short,-l	-
bazel help aquery	-	-	-
bazel help build	-	-	-
bazel help canonicalize-flags	-	-	-
bazel help clean	-	-	-
bazel help config	-	-	-
bazel help coverage	-	-	-
bazel help cquery	-	-	-
bazel help dump	-	-	-
bazel help fetch	-	-	-
bazel help help	-	-	-
bazel help info	-	-	-
bazel help license	-	-	-
bazel help mobile-install	-	-	-
bazel help mod	-	-	-
bazel help print_action	-	-	-
bazel help query	-	-	-
bazel help run	-	-	-
bazel help shutdown	-	-	-
bazel help test	-	-	-
bazel help vendor	-	-	-
bazel help version	-	-	-
bazel info	-	--allow_analysis_cache_discard,--allow_one_action_on_resource_unavailable,--allowed_local_actions_regex,--allowed_strategies_by_exec_platform,--analyze,--aspects,--aspects_parameters,--build,--build_event_upload_max_retries,--build_manual_tests,--build_tag_filters,--build_tests_only,--cache_computed_file_digests,--check_tests_up_to_date,--check_up_to_date,--compile_one_dependency,--default_visibility,--deleted_packages,--directory_creation_cache,--discard_analysis_cache,--enforce_project_configs,--execution_log_binary_file,--execution_log_compact_file,--execution_log_json_file,--execution_log_sort,--expand_test_suites,--experimental_active_directories,--experimental_analysis_cache_enable_metadata_queries,--experimental_analysis_cache_key_distinguisher_for_testing,--experimental_analysis_cache_server_checksum_override,--experimental_analysis_cache_service,--experimental_aquery_dump_after_build_format,--experimental_aquery_dump_after_build_output_file,--experimental_async_execution,--experimental_async_execution_max_concurrent_actions,--experimental_bep_target_summary,--experimental_build_event_expand_filesets,--experimental_build_event_output_group_mode,--experimental_build_event_upload_retry_minimum_delay,--experimental_build_event_upload_strategy,--experimental_check_external_other_files,--experimental_check_output_files,--experimental_convenience_symlinks,--experimental_convenience_symlinks_bep_event,--experimental_cpu_load_scheduling,--experimental_cpu_load_scheduling_window_size,--experimental_enable_critical_path_profiling,--experimental_enable_skyfocus,--experimental_extra_action_filter,--experimental_extra_action_top_level_only,--experimental_frontier_violation_check,--experimental_frontier_violation_verbose,--experimental_fsvc_threads,--experimental_lazy_macro_expansion_packages,--experimental_local_lockfree_output,--experimental_local_retries_on_crash,--experimental_materialize_param_files_directly,--experimental_max_directories_to_eagerly_visit_in_globbing,--experimental_merged_skyframe_analysis_execution,--experimental_oom_sensitive_skyfunctions_semaphore_size,--experimental_process_wrapper_graceful_sigterm,--experimental_remote_analysis_cache,--experimental_remote_analysis_cache_concurrency,--experimental_remote_analysis_cache_deadline,--experimental_remote_analysis_cache_max_batch_size,--experimental_remote_analysis_cache_mode,--experimental_remote_analysis_unreachable_cache_retry_interval,--experimental_remote_analysis_write_proxy,--experimental_remote_cache_eviction_retries,--experimental_run_bep_event_include_residue,--experimental_skyfocus_dump_keys,--experimental_skyfocus_dump_post_gc_stats,--experimental_skyframe_cpu_heavy_skykeys_thread_pool_size,--experimental_skyframe_error_handling_refactor,--experimental_skyframe_memory_dump,--experimental_skyframe_target_pattern_evaluator,--experimental_skymeld_analysis_overlap_percentage,--experimental_stats_summary,--experimental_stream_log_file_uploads,--experimental_use_validation_aspect,--explain,--fetch,--flaky_test_attempts,--genrule_strategy,--hide_aspect_results,--incompatible_config_setting_private_default_visibility,--incompatible_enforce_config_setting_visibility,--incompatible_skip_genfiles_symlink,--info_output_type,--jobs,--keep_going,--legacy_globbing_threads,--legacy_important_outputs,--loading_phase_threads,--local_resources,--local_termination_grace_seconds,--local_test_jobs,--materialize_param_files,--max_config_changes_to_show,--max_test_output_bytes,--noallow_analysis_cache_discard,--noallow_one_action_on_resource_unavailable,--noanalyze,--nobuild,--nobuild_manual_tests,--nobuild_tests_only,--nocheck_tests_up_to_date,--nocheck_up_to_date,--nocompile_one_dependency,--nodiscard_analysis_cache,--noenforce_project_configs,--noexecution_log_sort,--noexpand_test_suites,--noexperimental_analysis_cache_enable_metadata_queries,--noexperimental_async_execution,--noexperimental_bep_target_summary,--noexperimental_build_event_expand_filesets,--noexperimental_check_external_other_files,--noexperimental_check_output_files,--noexperimental_convenience_symlinks_bep_event,--noexperimental_cpu_load_scheduling,--noexperimental_enable_critical_path_profiling,--noexperimental_enable_skyfocus,--noexperimental_extra_action_top_level_only,--noexperimental_frontier_violation_verbose,--noexperimental_local_lockfree_output,--noexperimental_materialize_param_files_directly,--noexperimental_merged_skyframe_analysis_execution,--noexperimental_process_wrapper_graceful_sigterm,--noexperimental_run_bep_event_include_residue,--noexperimental_skyfocus_dump_post_gc_stats,--noexperimental_skyframe_error_handling_refactor,--noexperimental_skyframe_target_pattern_evaluator,--noexperimental_stats_summary,--noexperimental_stream_log_file_uploads,--noexperimental_use_validation_aspect,--nofetch,--noincompatible_config_setting_private_default_visibility,--noincompatible_enforce_config_setting_visibility,--noincompatible_skip_genfiles_symlink,--nokeep_going,--nolegacy_important_outputs,--nomaterialize_param_files,--nooutput_tree_tracking,--norewind_lost_inputs,--norun_validations,--noshow_loading_progress,--noshow_make_env,--noskip_incompatible_explicit_targets,--notest_keep_going,--nouse_action_cache,--noverbose_failures,--output_filter,--output_groups,--output_tree_tracking,--package_path,--progress_report_interval,--remote_analysis_json_log,--rewind_lost_inputs,--run_validations,--serialized_frontier_profile,--show_loading_progress,--show_make_env,--show_result,--skip_incompatible_explicit_targets,--spawn_strategy,--strategy,--strategy_regexp,--subcommands,--symlink_prefix,--target_pattern_file,--test_keep_going,--test_lang_filters,--test_output,--test_size_filters,--test_strategy,--test_summary,--test_tag_filters,--test_timeout_filters,--test_tmpdir,--use_action_cache,--verbose_failures,--version_window_for_dirty_node_gc,-j,-k,-s	-
bazel license	-	-	-
bazel mobile-install	-	--adb,--adb_arg,--allow_analysis_cache_discard,--allow_one_action_on_resource_unavailable,--allowed_local_actions_regex,--allowed_strategies_by_exec_platform,--analyze,--aspects,--aspects_parameters,--build,--build_event_upload_max_retries,--build_manual_tests,--build_tag_filters,--build_tests_only,--cache_computed_file_digests,--check_tests_up_to_date,--check_up_to_date,--compile_one_dependency,--debug_app,--default_visibility,--deleted_packages,--device,--directory_creation_cache,--discard_analysis_cache,--enforce_project_configs,--execution_log_binary_file,--execution_log_compact_file,--execution_log_json_file,--execution_log_sort,--expand_test_suites,--experimental_active_directories,--experimental_analysis_cache_enable_metadata_queries,--experimental_analysis_cache_key_distinguisher_for_testing,--experimental_analysis_cache_server_checksum_override,--experimental_analysis_cache_service,--experimental_aquery_dump_after_build_format,--experimental_aquery_dump_after_build_output_file,--experimental_async_execution,--experimental_async_execution_max_concurrent_actions,--experimental_bep_target_summary,--experimental_build_event_expand_filesets,--experimental_build_event_output_group_mode,--experimental_build_event_upload_retry_minimum_delay,--experimental_build_event_upload_strategy,--experimental_check_external_other_files,--experimental_check_output_files,--experimental_convenience_symlinks,--experimental_convenience_symlinks_bep_event,--experimental_cpu_load_scheduling,--experimental_cpu_load_scheduling_window_size,--experimental_enable_critical_path_profiling,--experimental_enable_skyfocus,--experimental_extra_action_filter,--experimental_extra_action_top_level_only,--experimental_frontier_violation_check,--experimental_frontier_violation_verbose,--experimental_fsvc_threads,--experimental_lazy_macro_expansion_packages,--experimental_local_lockfree_output,--experimental_local_retries_on_crash,--experimental_materialize_param_files_directly,--experimental_max_directories_to_eagerly_visit_in_globbing,--experimental_merged_skyframe_analysis_execution,--experimental_oom_sensitive_skyfunctions_semaphore_size,--experimental_process_wrapper_graceful_sigterm,--experimental_remote_analysis_cache,--experimental_remote_analysis_cache_concurrency,--experimental_remote_analysis_cache_deadline,--experimental_remote_analysis_cache_max_batch_size,--experimental_remote_analysis_cache_mode,--experimental_remote_analysis_unreachable_cache_retry_interval,--experimental_remote_analysis_write_proxy,--experimental_remote_cache_eviction_retries,--experimental_run_bep_event_include_residue,--experimental_skyfocus_dump_keys,--experimental_skyfocus_dump_post_gc_stats,--experimental_skyframe_cpu_heavy_skykeys_thread_pool_size,--experimental_skyframe_error_handling_refactor,--experimental_skyframe_memory_dump,--experimental_skyframe_target_pattern_evaluator,--experimental_skymeld_analysis_overlap_percentage,--experimental_stats_summary,--experimental_stream_log_file_uploads,--experimental_use_validation_aspect,--explain,--fetch,--flaky_test_attempts,--genrule_strategy,--hide_aspect_results,--incompatible_config_setting_private_default_visibility,--incompatible_enforce_config_setting_visibility,--incompatible_skip_genfiles_symlink,--incremental,--incremental_install_verbosity,--jobs,--keep_going,--legacy_globbing_threads,--legacy_important_outputs,--loading_phase_threads,--local_resources,--local_termination_grace_seconds,--local_test_jobs,--materialize_param_files,--max_config_changes_to_show,--max_test_output_bytes,--mobile_install_aspect,--mobile_install_supported_rules,--mode,--noallow_analysis_cache_discard,--noallow_one_action_on_resource_unavailable,--noanalyze,--nobuild,--nobuild_manual_tests,--nobuild_tests_only,--nocheck_tests_up_to_date,--nocheck_up_to_date,--nocompile_one_dependency,--nodiscard_analysis_cache,--noenforce_project_configs,--noexecution_log_sort,--noexpand_test_suites,--noexperimental_analysis_cache_enable_metadata_queries,--noexperimental_async_execution,--noexperimental_bep_target_summary,--noexperimental_build_event_expand_filesets,--noexperimental_check_external_other_files,--noexperimental_check_output_files,--noexperimental_convenience_symlinks_bep_event,--noexperimental_cpu_load_scheduling,--noexperimental_enable_critical_path_profiling,--noexperimental_enable_skyfocus,--noexperimental_extra_action_top_level_only,--noexperimental_frontier_violation_verbose,--noexperimental_local_lockfree_output,--noexperimental_materialize_param_files_directly,--noexperimental_merged_skyframe_analysis_execution,--noexperimental_process_wrapper_graceful_sigterm,--noexperimental_run_bep_event_include_residue,--noexperimental_skyfocus_dump_post_gc_stats,--noexperimental_skyframe_error_handling_refactor,--noexperimental_skyframe_target_pattern_evaluator,--noexperimental_stats_summary,--noexperimental_stream_log_file_uploads,--noexperimental_use_validation_aspect,--nofetch,--noincompatible_config_setting_private_default_visibility,--noincompatible_enforce_config_setting_visibility,--noincompatible_skip_genfiles_symlink,--noincremental,--nokeep_going,--nolegacy_important_outputs,--nomaterialize_param_files,--nooutput_tree_tracking,--norewind_lost_inputs,--norun_in_client,--norun_validations,--noshow_loading_progress,--noskip_incompatible_explicit_targets,--nosplit_apks,--notest_keep_going,--nouse_action_cache,--noverbose_failures,--output_filter,--output_groups,--output_tree_tracking,--package_path,--progress_report_interval,--remote_analysis_json_log,--rewind_lost_inputs,--run_in_client,--run_validations,--serialized_frontier_profile,--show_loading_progress,--show_result,--skip_incompatible_explicit_targets,--spawn_strategy,--split_apks,--start,--start_app,--strategy,--strategy_regexp,--subcommands,--symlink_prefix,--target_pattern_file,--test_keep_going,--test_lang_filters,--test_output,--test_size_filters,--test_strategy,--test_summary,--test_tag_filters,--test_timeout_filters,--test_tmpdir,--use_action_cache,--verbose_failures,--version_window_for_dirty_node_gc,-j,-k,-s	-
bazel mod	-	--action_env,--all_repos,--all_visible_repos,--allow_analysis_failures,--allow_unresolved_symlinks,--allowed_cpu_values,--analysis_testing_deps_limit,--archived_tree_artifact_mnemonics_filter,--base_module,--build_runfile_links,--build_runfile_manifests,--charset,--check_licenses,--check_visibility,--collect_code_coverage,--compilation_mode,--cpu,--cycles,--default_visibility,--define,--deleted_packages,--depth,--enable_runfiles,--enforce_constraints,--exec_aspects,--experimental_action_listener,--experimental_allow_map_directory,--experimental_check_external_other_files,--experimental_check_output_files,--experimental_collect_code_coverage_for_generated_files,--experimental_debug_selects_always_succeed,--experimental_enforce_transitive_visibility,--experimental_exclude_defines_from_exec_config,--experimental_exec_config,--experimental_exec_configuration_distinguisher,--experimental_extended_sanity_checks,--experimental_lazy_macro_expansion_packages,--experimental_max_directories_to_eagerly_visit_in_globbing,--experimental_output_directory_naming_scheme,--experimental_output_paths,--experimental_override_platform_cpu_name,--experimental_platform_in_output_dir,--experimental_propagate_custom_flag,--experimental_remotable_source_manifests,--experimental_strict_fileset_output,--experimental_throttle_action_cache_check,--experimental_use_platforms_in_output_dir_legacy_heuristic,--experimental_writable_outputs,--extension_filter,--extension_info,--extension_usages,--features,--fetch,--flag_alias,--from,--host_action_env,--host_compilation_mode,--host_cpu,--host_features,--include_builtin,--include_config_fragments_provider,--include_unused,--incompatible_always_include_files_in_data,--incompatible_auto_exec_groups,--incompatible_bazel_test_exec_run_under,--incompatible_bep_cpu_from_platform,--incompatible_check_testonly_for_output_files,--incompatible_compact_repo_mapping_manifest,--incompatible_config_setting_private_default_visibility,--incompatible_disable_select_on,--incompatible_enforce_config_setting_visibility,--incompatible_exclude_starlark_flags_from_exec_config,--incompatible_filegroup_runfiles_for_data,--incompatible_limit_platforms_in_output_dir_to,--incompatible_merge_genfiles_directory,--incompatible_modify_execution_info_additive,--incompatible_target_cpu_from_platform,--instrument_test_targets,--instrumentation_filter,--legacy_globbing_threads,--loading_phase_threads,--min_param_file_size,--modify_execution_info,--noall_repos,--noall_visible_repos,--noallow_analysis_failures,--noallow_unresolved_symlinks,--nobuild_runfile_links,--nobuild_runfile_manifests,--nocheck_licenses,--nocheck_visibility,--nocollect_code_coverage,--nocycles,--noenforce_constraints,--noexperimental_allow_map_directory,--noexperimental_check_external_other_files,--noexperimental_check_output_files,--noexperimental_collect_code_coverage_for_generated_files,--noexperimental_debug_selects_always_succeed,--noexperimental_enforce_transitive_visibility,--noexperimental_exclude_defines_from_exec_config,--noexperimental_extended_sanity_checks,--noexperimental_remotable_source_manifests,--noexperimental_strict_fileset_output,--noexperimental_throttle_action_cache_check,--noexperimental_use_platforms_in_output_dir_legacy_heuristic,--noexperimental_writable_outputs,--nofetch,--noinclude_builtin,--noinclude_unused,--noincompatible_always_include_files_in_data,--noincompatible_auto_exec_groups,--noincompatible_bazel_test_exec_run_under,--noincompatible_bep_cpu_from_platform,--noincompatible_check_testonly_for_output_files,--noincompatible_compact_repo_mapping_manifest,--noincompatible_config_setting_private_default_visibility,--noincompatible_enforce_config_setting_visibility,--noincompatible_exclude_starlark_flags_from_exec_config,--noincompatible_filegroup_runfiles_for_data,--noincompatible_merge_genfiles_directory,--noincompatible_modify_execution_info_additive,--noincompatible_target_cpu_from_platform,--noinstrument_test_targets,--noshow_loading_progress,--nostamp,--nostrict_filesets,--nouse_target_platform_for_tests,--noverbose,--noverbose_visibility_errors,--output,--package_path,--platform_suffix,--run_under,--scl_config,--show_loading_progress,--stamp,--strict_filesets,--target_environment,--use_target_platform_for_tests,--verbose,--verbose_visibility_errors,-c	-
bazel print_action	-	--allow_analysis_cache_discard,--allow_one_action_on_resource_unavailable,--allowed_local_actions_regex,--allowed_strategies_by_exec_platform,--analyze,--aspects,--aspects_parameters,--build,--build_event_upload_max_retries,--build_manual_tests,--build_tag_filters,--build_tests_only,--cache_computed_file_digests,--check_tests_up_to_date,--check_up_to_date,--compile_one_dependency,--default_visibility,--deleted_packages,--directory_creation_cache,--discard_analysis_cache,--enforce_project_configs,--execution_log_binary_file,--execution_log_compact_file,--execution_log_json_file,--execution_log_sort,--expand_test_suites,--experimental_active_directories,--experimental_analysis_cache_enable_metadata_queries,--experimental_analysis_cache_key_distinguisher_for_testing,--experimental_analysis_cache_server_checksum_override,--experimental_analysis_cache_service,--experimental_aquery_dump_after_build_format,--experimental_aquery_dump_after_build_output_file,--experimental_async_execution,--experimental_async_execution_max_concurrent_actions,--experimental_bep_target_summary,--experimental_build_event_expand_filesets,--experimental_build_event_output_group_mode,--experimental_build_event_upload_retry_minimum_delay,--experimental_build_event_upload_strategy,--experimental_check_external_other_files,--experimental_check_output_files,--experimental_convenience_symlinks,--experimental_convenience_symlinks_bep_event,--experimental_cpu_load_scheduling,--experimental_cpu_load_scheduling_window_size,--experimental_enable_critical_path_profiling,--experimental_enable_skyfocus,--experimental_extra_action_filter,--experimental_extra_action_top_level_only,--experimental_frontier_violation_check,--experimental_frontier_violation_verbose,--experimental_fsvc_threads,--experimental_lazy_macro_expansion_packages,--experimental_local_lockfree_output,--experimental_local_retries_on_crash,--experimental_materialize_param_files_directly,--experimental_max_directories_to_eagerly_visit_in_globbing,--experimental_merged_skyframe_analysis_execution,--experimental_oom_sensitive_skyfunctions_semaphore_size,--experimental_process_wrapper_graceful_sigterm,--experimental_remote_analysis_cache,--experimental_remote_analysis_cache_concurrency,--experimental_remote_analysis_cache_deadline,--experimental_remote_analysis_cache_max_batch_size,--experimental_remote_analysis_cache_mode,--experimental_remote_analysis_unreachable_cache_retry_interval,--experimental_remote_analysis_write_proxy,--experimental_remote_cache_eviction_retries,--experimental_run_bep_event_include_residue,--experimental_skyfocus_dump_keys,--experimental_skyfocus_dump_post_gc_stats,--experimental_skyframe_cpu_heavy_skykeys_thread_pool_size,--experimental_skyframe_error_handling_refactor,--experimental_skyframe_memory_dump,--experimental_skyframe_target_pattern_evaluator,--experimental_skymeld_analysis_overlap_percentage,--experimental_stats_summary,--experimental_stream_log_file_uploads,--experimental_use_validation_aspect,--explain,--fetch,--flaky_test_attempts,--genrule_strategy,--hide_aspect_results,--incompatible_config_setting_private_default_visibility,--incompatible_enforce_config_setting_visibility,--incompatible_skip_genfiles_symlink,--jobs,--keep_going,--legacy_globbing_threads,--legacy_important_outputs,--loading_phase_threads,--local_resources,--local_termination_grace_seconds,--local_test_jobs,--materialize_param_files,--max_config_changes_to_show,--max_test_output_bytes,--noallow_analysis_cache_discard,--noallow_one_action_on_resource_unavailable,--noanalyze,--nobuild,--nobuild_manual_tests,--nobuild_tests_only,--nocheck_tests_up_to_date,--nocheck_up_to_date,--nocompile_one_dependency,--nodiscard_analysis_cache,--noenforce_project_configs,--noexecution_log_sort,--noexpand_test_suites,--noexperimental_analysis_cache_enable_metadata_queries,--noexperimental_async_execution,--noexperimental_bep_target_summary,--noexperimental_build_event_expand_filesets,--noexperimental_check_external_other_files,--noexperimental_check_output_files,--noexperimental_convenience_symlinks_bep_event,--noexperimental_cpu_load_scheduling,--noexperimental_enable_critical_path_profiling,--noexperimental_enable_skyfocus,--noexperimental_extra_action_top_level_only,--noexperimental_frontier_violation_verbose,--noexperimental_local_lockfree_output,--noexperimental_materialize_param_files_directly,--noexperimental_merged_skyframe_analysis_execution,--noexperimental_process_wrapper_graceful_sigterm,--noexperimental_run_bep_event_include_residue,--noexperimental_skyfocus_dump_post_gc_stats,--noexperimental_skyframe_error_handling_refactor,--noexperimental_skyframe_target_pattern_evaluator,--noexperimental_stats_summary,--noexperimental_stream_log_file_uploads,--noexperimental_use_validation_aspect,--nofetch,--noincompatible_config_setting_private_default_visibility,--noincompatible_enforce_config_setting_visibility,--noincompatible_skip_genfiles_symlink,--nokeep_going,--nolegacy_important_outputs,--nomaterialize_param_files,--nooutput_tree_tracking,--norewind_lost_inputs,--norun_validations,--noshow_loading_progress,--noskip_incompatible_explicit_targets,--notest_keep_going,--nouse_action_cache,--noverbose_failures,--output_filter,--output_groups,--output_tree_tracking,--package_path,--print_action_mnemonics,--progress_report_interval,--remote_analysis_json_log,--rewind_lost_inputs,--run_validations,--serialized_frontier_profile,--show_loading_progress,--show_result,--skip_incompatible_explicit_targets,--spawn_strategy,--strategy,--strategy_regexp,--subcommands,--symlink_prefix,--target_pattern_file,--test_keep_going,--test_lang_filters,--test_output,--test_size_filters,--test_strategy,--test_summary,--test_tag_filters,--test_timeout_filters,--test_tmpdir,--use_action_cache,--verbose_failures,--version_window_for_dirty_node_gc,-j,-k,-s	-
bazel query	-	--action_env,--allow_analysis_failures,--allow_unresolved_symlinks,--allowed_cpu_values,--analysis_testing_deps_limit,--archived_tree_artifact_mnemonics_filter,--build_runfile_links,--build_runfile_manifests,--check_licenses,--check_visibility,--collect_code_coverage,--compilation_mode,--cpu,--default_visibility,--define,--deleted_packages,--enable_runfiles,--enforce_constraints,--exec_aspects,--experimental_action_listener,--experimental_allow_map_directory,--experimental_check_external_other_files,--experimental_check_output_files,--experimental_collect_code_coverage_for_generated_files,--experimental_debug_selects_always_succeed,--experimental_enforce_transitive_visibility,--experimental_exclude_defines_from_exec_config,--experimental_exec_config,--experimental_exec_configuration_distinguisher,--experimental_extended_sanity_checks,--experimental_graphless_query,--experimental_lazy_macro_expansion_packages,--experimental_max_directories_to_eagerly_visit_in_globbing,--experimental_output_directory_naming_scheme,--experimental_output_paths,--experimental_override_platform_cpu_name,--experimental_platform_in_output_dir,--experimental_propagate_custom_flag,--experimental_remotable_source_manifests,--experimental_strict_fileset_output,--experimental_throttle_action_cache_check,--experimental_use_platforms_in_output_dir_legacy_heuristic,--experimental_writable_outputs,--features,--fetch,--flag_alias,--host_action_env,--host_compilation_mode,--host_cpu,--host_features,--include_config_fragments_provider,--incompatible_always_include_files_in_data,--incompatible_auto_exec_groups,--incompatible_bazel_test_exec_run_under,--incompatible_bep_cpu_from_platform,--incompatible_check_testonly_for_output_files,--incompatible_compact_repo_mapping_manifest,--incompatible_config_setting_private_default_visibility,--incompatible_disable_select_on,--incompatible_enforce_config_setting_visibility,--incompatible_exclude_starlark_flags_from_exec_config,--incompatible_filegroup_runfiles_for_data,--incompatible_lexicographical_output,--incompatible_limit_platforms_in_output_dir_to,--incompatible_merge_genfiles_directory,--incompatible_modify_execution_info_additive,--incompatible_target_cpu_from_platform,--instrument_test_targets,--instrumentation_filter,--keep_going,--legacy_globbing_threads,--loading_phase_threads,--min_param_file_size,--modify_execution_info,--noallow_analysis_failures,--noallow_unresolved_symlinks,--nobuild_runfile_links,--nobuild_runfile_manifests,--nocheck_licenses,--nocheck_visibility,--nocollect_code_coverage,--noenforce_constraints,--noexperimental_allow_map_directory,--noexperimental_check_external_other_files,--noexperimental_check_output_files,--noexperimental_collect_code_coverage_for_generated_files,--noexperimental_debug_selects_always_succeed,--noexperimental_enforce_transitive_visibility,--noexperimental_exclude_defines_from_exec_config,--noexperimental_extended_sanity_checks,--noexperimental_remotable_source_manifests,--noexperimental_strict_fileset_output,--noexperimental_throttle_action_cache_check,--noexperimental_use_platforms_in_output_dir_legacy_heuristic,--noexperimental_writable_outputs,--nofetch,--noincompatible_always_include_files_in_data,--noincompatible_auto_exec_groups,--noincompatible_bazel_test_exec_run_under,--noincompatible_bep_cpu_from_platform,--noincompatible_check_testonly_for_output_files,--noincompatible_compact_repo_mapping_manifest,--noincompatible_config_setting_private_default_visibility,--noincompatible_enforce_config_setting_visibility,--noincompatible_exclude_starlark_flags_from_exec_config,--noincompatible_filegroup_runfiles_for_data,--noincompatible_lexicographical_output,--noincompatible_merge_genfiles_directory,--noincompatible_modify_execution_info_additive,--noincompatible_target_cpu_from_platform,--noinstrument_test_targets,--nokeep_going,--noorder_results,--noshow_loading_progress,--nostamp,--nostrict_filesets,--nostrict_test_suite,--nouse_target_platform_for_tests,--noverbose_visibility_errors,--null,--order_output,--order_results,--output,--package_path,--platform_suffix,--run_under,--scl_config,--show_loading_progress,--stamp,--strict_filesets,--strict_test_suite,--target_environment,--use_target_platform_for_tests,--verbose_visibility_errors,-c,-k	-
bazel run	-	--allow_analysis_cache_discard,--allow_one_action_on_resource_unavailable,--allowed_local_actions_regex,--allowed_strategies_by_exec_platform,--analyze,--aspects,--aspects_parameters,--build,--build_event_upload_max_retries,--build_manual_tests,--build_tag_filters,--build_tests_only,--cache_computed_file_digests,--check_tests_up_to_date,--check_up_to_date,--compile_one_dependency,--default_visibility,--deleted_packages,--directory_creation_cache,--discard_analysis_cache,--emit_script_path_in_exec_request,--enforce_project_configs,--execution_log_binary_file,--execution_log_compact_file,--execution_log_json_file,--execution_log_sort,--expand_test_suites,--experimental_active_directories,--experimental_analysis_cache_enable_metadata_queries,--experimental_analysis_cache_key_distinguisher_for_testing,--experimental_analysis_cache_server_checksum_override,--experimental_analysis_cache_service,--experimental_aquery_dump_after_build_format,--experimental_aquery_dump_after_build_output_file,--experimental_async_execution,--experimental_async_execution_max_concurrent_actions,--experimental_bep_target_summary,--experimental_build_event_expand_filesets,--experimental_build_event_output_group_mode,--experimental_build_event_upload_retry_minimum_delay,--experimental_build_event_upload_strategy,--experimental_check_external_other_files,--experimental_check_output_files,--experimental_convenience_symlinks,--experimental_convenience_symlinks_bep_event,--experimental_cpu_load_scheduling,--experimental_cpu_load_scheduling_window_size,--experimental_enable_critical_path_profiling,--experimental_enable_skyfocus,--experimental_extra_action_filter,--experimental_extra_action_top_level_only,--experimental_frontier_violation_check,--experimental_frontier_violation_verbose,--experimental_fsvc_threads,--experimental_lazy_macro_expansion_packages,--experimental_local_lockfree_output,--experimental_local_retries_on_crash,--experimental_materialize_param_files_directly,--experimental_max_directories_to_eagerly_visit_in_globbing,--experimental_merged_skyframe_analysis_execution,--experimental_oom_sensitive_skyfunctions_semaphore_size,--experimental_process_wrapper_graceful_sigterm,--experimental_remote_analysis_cache,--experimental_remote_analysis_cache_concurrency,--experimental_remote_analysis_cache_deadline,--experimental_remote_analysis_cache_max_batch_size,--experimental_remote_analysis_cache_mode,--experimental_remote_analysis_unreachable_cache_retry_interval,--experimental_remote_analysis_write_proxy,--experimental_remote_cache_eviction_retries,--experimental_run_bep_event_include_residue,--experimental_skyfocus_dump_keys,--experimental_skyfocus_dump_post_gc_stats,--experimental_skyframe_cpu_heavy_skykeys_thread_pool_size,--experimental_skyframe_error_handling_refactor,--experimental_skyframe_memory_dump,--experimental_skyframe_target_pattern_evaluator,--experimental_skymeld_analysis_overlap_percentage,--experimental_stats_summary,--experimental_stream_log_file_uploads,--experimental_use_validation_aspect,--explain,--fetch,--flaky_test_attempts,--genrule_strategy,--hide_aspect_results,--incompatible_config_setting_private_default_visibility,--incompatible_enforce_config_setting_visibility,--incompatible_skip_genfiles_symlink,--jobs,--keep_going,--legacy_globbing_threads,--legacy_important_outputs,--loading_phase_threads,--local_resources,--local_termination_grace_seconds,--local_test_jobs,--materialize_param_files,--max_config_changes_to_show,--max_test_output_bytes,--noallow_analysis_cache_discard,--noallow_one_action_on_resource_unavailable,--noanalyze,--nobuild,--nobuild_manual_tests,--nobuild_tests_only,--nocheck_tests_up_to_date,--nocheck_up_to_date,--nocompile_one_dependency,--nodiscard_analysis_cache,--noemit_script_path_in_exec_request,--noenforce_project_configs,--noexecution_log_sort,--noexpand_test_suites,--noexperimental_analysis_cache_enable_metadata_queries,--noexperimental_async_execution,--noexperimental_bep_target_summary,--noexperimental_build_event_expand_filesets,--noexperimental_check_external_other_files,--noexperimental_check_output_files,--noexperimental_convenience_symlinks_bep_event,--noexperimental_cpu_load_scheduling,--noexperimental_enable_critical_path_profiling,--noexperimental_enable_skyfocus,--noexperimental_extra_action_top_level_only,--noexperimental_frontier_violation_verbose,--noexperimental_local_lockfree_output,--noexperimental_materialize_param_files_directly,--noexperimental_merged_skyframe_analysis_execution,--noexperimental_process_wrapper_graceful_sigterm,--noexperimental_run_bep_event_include_residue,--noexperimental_skyfocus_dump_post_gc_stats,--noexperimental_skyframe_error_handling_refactor,--noexperimental_skyframe_target_pattern_evaluator,--noexperimental_stats_summary,--noexperimental_stream_log_file_uploads,--noexperimental_use_validation_aspect,--nofetch,--noincompatible_config_setting_private_default_visibility,--noincompatible_enforce_config_setting_visibility,--noincompatible_skip_genfiles_symlink,--nokeep_going,--nolegacy_important_outputs,--nomaterialize_param_files,--noomit_run_args,--nooutput_tree_tracking,--noportable_paths,--norewind_lost_inputs,--norun,--norun_in_cwd,--norun_validations,--noshow_loading_progress,--noskip_incompatible_explicit_targets,--notest_keep_going,--nouse_action_cache,--noverbose_failures,--omit_run_args,--output_filter,--output_groups,--output_tree_tracking,--package_path,--portable_paths,--progress_report_interval,--remote_analysis_json_log,--rewind_lost_inputs,--run,--run_env,--run_in_cwd,--run_validations,--script_path,--serialized_frontier_profile,--show_loading_progress,--show_result,--skip_incompatible_explicit_targets,--spawn_strategy,--strategy,--strategy_regexp,--subcommands,--symlink_prefix,--target_pattern_file,--test_keep_going,--test_lang_filters,--test_output,--test_size_filters,--test_strategy,--test_summary,--test_tag_filters,--test_timeout_filters,--test_tmpdir,--use_action_cache,--verbose_failures,--version_window_for_dirty_node_gc,-j,-k,-s	-
bazel shutdown	-	--iff_heap_size_greater_than	-
bazel test	-	--allow_analysis_cache_discard,--allow_one_action_on_resource_unavailable,--allowed_local_actions_regex,--allowed_strategies_by_exec_platform,--analyze,--aspects,--aspects_parameters,--build,--build_event_upload_max_retries,--build_manual_tests,--build_tag_filters,--build_tests_only,--cache_computed_file_digests,--check_tests_up_to_date,--check_up_to_date,--compile_one_dependency,--default_visibility,--deleted_packages,--directory_creation_cache,--discard_analysis_cache,--enforce_project_configs,--execution_log_binary_file,--execution_log_compact_file,--execution_log_json_file,--execution_log_sort,--expand_test_suites,--experimental_active_directories,--experimental_analysis_cache_enable_metadata_queries,--experimental_analysis_cache_key_distinguisher_for_testing,--experimental_analysis_cache_server_checksum_override,--experimental_analysis_cache_service,--experimental_aquery_dump_after_build_format,--experimental_aquery_dump_after_build_output_file,--experimental_async_execution,--experimental_async_execution_max_concurrent_actions,--experimental_bep_target_summary,--experimental_build_event_expand_filesets,--experimental_build_event_output_group_mode,--experimental_build_event_upload_retry_minimum_delay,--experimental_build_event_upload_strategy,--experimental_check_external_other_files,--experimental_check_output_files,--experimental_convenience_symlinks,--experimental_convenience_symlinks_bep_event,--experimental_cpu_load_scheduling,--experimental_cpu_load_scheduling_window_size,--experimental_enable_critical_path_profiling,--experimental_enable_skyfocus,--experimental_extra_action_filter,--experimental_extra_action_top_level_only,--experimental_frontier_violation_check,--experimental_frontier_violation_verbose,--experimental_fsvc_threads,--experimental_lazy_macro_expansion_packages,--experimental_local_lockfree_output,--experimental_local_retries_on_crash,--experimental_materialize_param_files_directly,--experimental_max_directories_to_eagerly_visit_in_globbing,--experimental_merged_skyframe_analysis_execution,--experimental_oom_sensitive_skyfunctions_semaphore_size,--experimental_process_wrapper_graceful_sigterm,--experimental_remote_analysis_cache,--experimental_remote_analysis_cache_concurrency,--experimental_remote_analysis_cache_deadline,--experimental_remote_analysis_cache_max_batch_size,--experimental_remote_analysis_cache_mode,--experimental_remote_analysis_unreachable_cache_retry_interval,--experimental_remote_analysis_write_proxy,--experimental_remote_cache_eviction_retries,--experimental_run_bep_event_include_residue,--experimental_skyfocus_dump_keys,--experimental_skyfocus_dump_post_gc_stats,--experimental_skyframe_cpu_heavy_skykeys_thread_pool_size,--experimental_skyframe_error_handling_refactor,--experimental_skyframe_memory_dump,--experimental_skyframe_target_pattern_evaluator,--experimental_skymeld_analysis_overlap_percentage,--experimental_stats_summary,--experimental_stream_log_file_uploads,--experimental_use_validation_aspect,--explain,--fetch,--flaky_test_attempts,--genrule_strategy,--hide_aspect_results,--incompatible_config_setting_private_default_visibility,--incompatible_enforce_config_setting_visibility,--incompatible_skip_genfiles_symlink,--jobs,--keep_going,--legacy_globbing_threads,--legacy_important_outputs,--loading_phase_threads,--local_resources,--local_termination_grace_seconds,--local_test_jobs,--materialize_param_files,--max_config_changes_to_show,--max_test_output_bytes,--noallow_analysis_cache_discard,--noallow_one_action_on_resource_unavailable,--noanalyze,--nobuild,--nobuild_manual_tests,--nobuild_tests_only,--nocheck_tests_up_to_date,--nocheck_up_to_date,--nocompile_one_dependency,--nodiscard_analysis_cache,--noenforce_project_configs,--noexecution_log_sort,--noexpand_test_suites,--noexperimental_analysis_cache_enable_metadata_queries,--noexperimental_async_execution,--noexperimental_bep_target_summary,--noexperimental_build_event_expand_filesets,--noexperimental_check_external_other_files,--noexperimental_check_output_files,--noexperimental_convenience_symlinks_bep_event,--noexperimental_cpu_load_scheduling,--noexperimental_enable_critical_path_profiling,--noexperimental_enable_skyfocus,--noexperimental_extra_action_top_level_only,--noexperimental_frontier_violation_verbose,--noexperimental_local_lockfree_output,--noexperimental_materialize_param_files_directly,--noexperimental_merged_skyframe_analysis_execution,--noexperimental_process_wrapper_graceful_sigterm,--noexperimental_run_bep_event_include_residue,--noexperimental_skyfocus_dump_post_gc_stats,--noexperimental_skyframe_error_handling_refactor,--noexperimental_skyframe_target_pattern_evaluator,--noexperimental_stats_summary,--noexperimental_stream_log_file_uploads,--noexperimental_use_validation_aspect,--nofetch,--noincompatible_config_setting_private_default_visibility,--noincompatible_enforce_config_setting_visibility,--noincompatible_skip_genfiles_symlink,--nokeep_going,--nolegacy_important_outputs,--nomaterialize_param_files,--nooutput_tree_tracking,--noprint_relative_test_log_paths,--norewind_lost_inputs,--norun_validations,--noshow_loading_progress,--noskip_incompatible_explicit_targets,--notest_keep_going,--notest_verbose_timeout_warnings,--nouse_action_cache,--noverbose_failures,--noverbose_test_summary,--output_filter,--output_groups,--output_tree_tracking,--package_path,--print_relative_test_log_paths,--progress_report_interval,--remote_analysis_json_log,--rewind_lost_inputs,--run_validations,--serialized_frontier_profile,--show_loading_progress,--show_result,--skip_incompatible_explicit_targets,--spawn_strategy,--strategy,--strategy_regexp,--subcommands,--symlink_prefix,--target_pattern_file,--test_keep_going,--test_lang_filters,--test_output,--test_size_filters,--test_strategy,--test_summary,--test_tag_filters,--test_timeout_filters,--test_tmpdir,--test_verbose_timeout_warnings,--use_action_cache,--verbose_failures,--verbose_test_summary,--version_window_for_dirty_node_gc,-j,-k,-s	-
bazel vendor	-	--allow_analysis_cache_discard,--allow_one_action_on_resource_unavailable,--allowed_local_actions_regex,--allowed_strategies_by_exec_platform,--analyze,--aspects,--aspects_parameters,--build,--build_event_upload_max_retries,--build_manual_tests,--build_tag_filters,--build_tests_only,--cache_computed_file_digests,--check_tests_up_to_date,--check_up_to_date,--compile_one_dependency,--default_visibility,--deleted_packages,--directory_creation_cache,--discard_analysis_cache,--enforce_project_configs,--execution_log_binary_file,--execution_log_compact_file,--execution_log_json_file,--execution_log_sort,--expand_test_suites,--experimental_active_directories,--experimental_analysis_cache_enable_metadata_queries,--experimental_analysis_cache_key_distinguisher_for_testing,--experimental_analysis_cache_server_checksum_override,--experimental_analysis_cache_service,--experimental_aquery_dump_after_build_format,--experimental_aquery_dump_after_build_output_file,--experimental_async_execution,--experimental_async_execution_max_concurrent_actions,--experimental_bep_target_summary,--experimental_build_event_expand_filesets,--experimental_build_event_output_group_mode,--experimental_build_event_upload_retry_minimum_delay,--experimental_build_event_upload_strategy,--experimental_check_external_other_files,--experimental_check_output_files,--experimental_convenience_symlinks,--experimental_convenience_symlinks_bep_event,--experimental_cpu_load_scheduling,--experimental_cpu_load_scheduling_window_size,--experimental_enable_critical_path_profiling,--experimental_enable_skyfocus,--experimental_extra_action_filter,--experimental_extra_action_top_level_only,--experimental_frontier_violation_check,--experimental_frontier_violation_verbose,--experimental_fsvc_threads,--experimental_lazy_macro_expansion_packages,--experimental_local_lockfree_output,--experimental_local_retries_on_crash,--experimental_materialize_param_files_directly,--experimental_max_directories_to_eagerly_visit_in_globbing,--experimental_merged_skyframe_analysis_execution,--experimental_oom_sensitive_skyfunctions_semaphore_size,--experimental_process_wrapper_graceful_sigterm,--experimental_remote_analysis_cache,--experimental_remote_analysis_cache_concurrency,--experimental_remote_analysis_cache_deadline,--experimental_remote_analysis_cache_max_batch_size,--experimental_remote_analysis_cache_mode,--experimental_remote_analysis_unreachable_cache_retry_interval,--experimental_remote_analysis_write_proxy,--experimental_remote_cache_eviction_retries,--experimental_run_bep_event_include_residue,--experimental_skyfocus_dump_keys,--experimental_skyfocus_dump_post_gc_stats,--experimental_skyframe_cpu_heavy_skykeys_thread_pool_size,--experimental_skyframe_error_handling_refactor,--experimental_skyframe_memory_dump,--experimental_skyframe_target_pattern_evaluator,--experimental_skymeld_analysis_overlap_percentage,--experimental_stats_summary,--experimental_stream_log_file_uploads,--experimental_use_validation_aspect,--explain,--fetch,--flaky_test_attempts,--genrule_strategy,--hide_aspect_results,--incompatible_config_setting_private_default_visibility,--incompatible_enforce_config_setting_visibility,--incompatible_skip_genfiles_symlink,--jobs,--keep_going,--legacy_globbing_threads,--legacy_important_outputs,--loading_phase_threads,--local_resources,--local_termination_grace_seconds,--local_test_jobs,--materialize_param_files,--max_config_changes_to_show,--max_test_output_bytes,--noallow_analysis_cache_discard,--noallow_one_action_on_resource_unavailable,--noanalyze,--nobuild,--nobuild_manual_tests,--nobuild_tests_only,--nocheck_tests_up_to_date,--nocheck_up_to_date,--nocompile_one_dependency,--nodiscard_analysis_cache,--noenforce_project_configs,--noexecution_log_sort,--noexpand_test_suites,--noexperimental_analysis_cache_enable_metadata_queries,--noexperimental_async_execution,--noexperimental_bep_target_summary,--noexperimental_build_event_expand_filesets,--noexperimental_check_external_other_files,--noexperimental_check_output_files,--noexperimental_convenience_symlinks_bep_event,--noexperimental_cpu_load_scheduling,--noexperimental_enable_critical_path_profiling,--noexperimental_enable_skyfocus,--noexperimental_extra_action_top_level_only,--noexperimental_frontier_violation_verbose,--noexperimental_local_lockfree_output,--noexperimental_materialize_param_files_directly,--noexperimental_merged_skyframe_analysis_execution,--noexperimental_process_wrapper_graceful_sigterm,--noexperimental_run_bep_event_include_residue,--noexperimental_skyfocus_dump_post_gc_stats,--noexperimental_skyframe_error_handling_refactor,--noexperimental_skyframe_target_pattern_evaluator,--noexperimental_stats_summary,--noexperimental_stream_log_file_uploads,--noexperimental_use_validation_aspect,--nofetch,--noincompatible_config_setting_private_default_visibility,--noincompatible_enforce_config_setting_visibility,--noincompatible_skip_genfiles_symlink,--nokeep_going,--nolegacy_important_outputs,--nomaterialize_param_files,--nooutput_tree_tracking,--noprint_relative_test_log_paths,--norewind_lost_inputs,--norun_validations,--noshow_loading_progress,--noskip_incompatible_explicit_targets,--notest_keep_going,--notest_verbose_timeout_warnings,--nouse_action_cache,--noverbose_failures,--noverbose_test_summary,--output_filter,--output_groups,--output_tree_tracking,--package_path,--print_relative_test_log_paths,--progress_report_interval,--remote_analysis_json_log,--repo,--rewind_lost_inputs,--run_validations,--serialized_frontier_profile,--show_loading_progress,--show_result,--skip_incompatible_explicit_targets,--spawn_strategy,--strategy,--strategy_regexp,--subcommands,--symlink_prefix,--target_pattern_file,--test_keep_going,--test_lang_filters,--test_output,--test_size_filters,--test_strategy,--test_summary,--test_tag_filters,--test_timeout_filters,--test_tmpdir,--test_verbose_timeout_warnings,--use_action_cache,--verbose_failures,--verbose_test_summary,--version_window_for_dirty_node_gc,-j,-k,-s	-
bazel version	-	--gnu_format,--nognu_format	-
bc	-	--help,--interactive,--mathlib,--quiet,--standard,--version,--warn,-h,-i,-l,-q,-s,-v,-w	path
benthos	blobl,create,echo,h,help,lint,list,streams,studio,template,test	--chilled,--config,--env-file,--help,--resources,--set,--templates,--version,--watcher,-c,-e,-h,-r,-s,-t,-v,-w	-
benthos blobl	server	--file,--max-token-length,--pretty,--raw,--threads,-f,-p,-r,-t	-
benthos blobl server	-	--host,--input-file,--mapping-file,--no-open,--port,--write,-i,-m,-n,-p,-w	-
benthos create	-	--small,-s	-
benthos echo	-	-	-
benthos h	-	-	-
benthos help	-	-	-
benthos lint	-	--deprecated,--labels,--skip-env-var-check	path
benthos list	-	--format,--status	-
benthos streams	-	--no-api,--prefix-stream-endpoints	path
benthos studio	pull,sync-schema	--endpoint,-e	-
benthos studio pull	-	--name,--send-traces,--session,--token,--token-secret,-s	-
benthos studio sync-schema	-	--session,--token,-s,-t	-
benthos template	lint	-	-
benthos template lint	-	-	path
benthos test	-	--log	path
black	-	--check,--code,--color,--config,--diff,--exclude,--extend-exclude,--fast,--force-exclude,--help,--include,--ipynb,--line-length,--no-color,--pyi,--quiet,--required-version,--safe,--skip-magic-trailing-comma,--skip-string-normalization,--stdin-filename,--target-version,--verbose,--version,-C,-S,-c,-h,-l,-q,-t,-v	path
bloop	about,autocomplete,bsp,clean,compile,configure,console,help,link,projects,run,test	--config-dir,--debug,--no-color,--verbose,--version,-c,-v	-
bloop about	-	-	-
bloop autocomplete	-	--command,--format,--mode,--project	-
bloop bsp	-	--host,--pipe-name,--port,--protocol,--socket	-
bloop clean	-	--cascade,--include-dependencies,--project,--projects,--propagate,-p	path
bloop compile	-	--cascade,--incremental,--pipeline,--project,--projects,--reporter,--watch,-p,-w	path
bloop configure	-	--threads	-
bloop console	-	--ammonite-version,--args,--exclude-root,--incremental,--out-file,--pipeline,--project,--projects,--repl,--reporter,-p	path
bloop help	-	-	-
bloop link	-	--incremental,--main,--optimize,--pipeline,--project,--projects,--reporter,--watch,-O,-m,-p,-w	path
bloop projects	-	--dot-graph	-
bloop run	-	--args,--incremental,--main,--optimize,--pipeline,--project,--projects,--reporter,--skip-jargs,--watch,-O,-m,-p,-w	path
bloop test	-	--args,--cascade,--include-dependencies,--incremental,--only,--parallel,--pipeline,--project,--projects,--propagate,--reporter,--watch,-o,-p,-w	path
bluetoothctl	advertise,agent,block,cancel-pairing,connect,default-agent,devices,disconnect,discoverable,discoverable-timeout,export,help,info,list,pair,pairable,power,remove,reset-alias,scan,select,set-alias,show,system-alias,trust,unblock,untrust,version	--agent,--endpoints,--help,--monitor,--timeout,--version,-a,-e,-h,-m,-t,-v	-
bluetoothctl advertise	-	-	-
bluetoothctl agent	-	-	-
bluetoothctl block	-	-	path
bluetoothctl cancel-pairing	-	-	path
bluetoothctl connect	-	-	path
bluetoothctl default-agent	-	-	-
bluetoothctl devices	-	-	-
bluetoothctl disconnect	-	-	path
bluetoothctl discoverable	-	-	-
bluetoothctl discoverable-timeout	-	-	-
bluetoothctl export	-	-	-
bluetoothctl help	-	-	-
bluetoothctl info	-	-	path
bluetoothctl list	-	-	-
bluetoothctl pair	-	-	path
bluetoothctl pairable	-	-	-
bluetoothctl power	-	-	-
bluetoothctl remove	-	-	path
bluetoothctl reset-alias	-	-	-
bluetoothctl scan	-	-	-
bluetoothctl select	-	-	path
bluetoothctl set-alias	-	-	-
bluetoothctl show	-	-	path
bluetoothctl system-alias	-	-	-
bluetoothctl trust	-	-	path
bluetoothctl unblock	-	-	path
bluetoothctl untrust	-	-	path
bluetoothctl version	-	-	-
brew	abv,analytics,audit,autoremove,bottle,bump,bump-cask-pr,bump-formula-pr,bump-revision,bump-unversioned-casks,cat,cleanup,command,commands,completions,config,contributions,create,deps,desc,determine-test-runners,developer,dispatch-build-bottle,docs,doctor,dr,edit,environment,extract,fetch,formula,generate-cask-api,generate-formula-api,generate-man-completions,gist-logs,home,homepage,info,instal,install,install-bundler-gems,irb,lc,leaves,link,linkage,list,livecheck,ln,log,ls,migrate,missing,nodenv-sync,options,outdated,pin,post_install,postgresql-upgrade-database,postinstall,pr-automerge,pr-publish,pr-pull,pr-upload,prof,pyenv-sync,rbenv-sync,readall,reinstall,release,remove,rm,ruby,search,sh,style,tap,tap-info,tap-new,tc,test,tests,typecheck,unbottled,uninstal,uninstall,unlink,unpack,unpin,untap,up,update,update-license-data,update-maintainers,update-python-resources,update-report,update-sponsors,update-test,upgrade,uses,vendor-gems	-	-
brew abv	-	--analytics,--cask,--category,--days,--debug,--eval-all,--formula,--github,--help,--installed,--json,--quiet,--variations,--verbose	path
brew analytics	-	--debug,--help,--quiet,--verbose	-
brew audit	-	--arch,--audit-debug,--cask,--debug,--display-filename,--eval-all,--except,--except-cops,--fix,--formula,--git,--help,--installed,--new,--no-signing,--online,--only,--only-cops,--os,--quiet,--signing,--skip-style,--strict,--tap,--token-conflicts,--verbose	path
brew autoremove	-	--debug,--dry-run,--help,--quiet,--verbose	-
brew bottle	-	--committer,--debug,--force-core-tap,--help,--json,--keep-old,--merge,--no-all-checks,--no-commit,--no-rebuild,--only-json-tab,--quiet,--root-url,--root-url-using,--skip-relocation,--verbose,--write	-
brew bump	-	--cask,--debug,--formula,--full-name,--help,--installed,--limit,--no-pull-requests,--open-pr,--quiet,--start-with,--verbose	-
brew bump-cask-pr	-	--commit,--debug,--dry-run,--force,--fork-org,--help,--message,--no-audit,--no-browse,--no-fork,--no-style,--quiet,--sha256,--url,--verbose,--version,--version-arm,--version-intel,--write-only	-
brew bump-formula-pr	-	--commit,--debug,--dry-run,--force,--fork-org,--help,--message,--mirror,--no-audit,--no-browse,--no-fork,--online,--python-exclude-packages,--python-extra-packages,--python-package-name,--quiet,--revision,--sha256,--strict,--tag,--url,--verbose,--version,--write-only	-
brew bump-revision	-	--debug,--dry-run,--help,--message,--quiet,--remove-bottle-block,--verbose,--write-only	-
brew bump-unversioned-casks	-	--debug,--dry-run,--help,--limit,--quiet,--state-file,--verbose	-
brew cat	-	--cask,--debug,--formula,--help,--quiet,--verbose	-
brew cleanup	-	--debug,--dry-run,--help,--prune,--prune-prefix,--quiet,--verbose,-s	-
brew command	-	--debug,--help,--quiet,--verbose	-
brew commands	-	--debug,--help,--include-aliases,--quiet,--verbose	-
brew completions	-	--debug,--help,--quiet,--verbose	-
brew config	-	--debug,--help,--quiet,--verbose	-
brew contributions	-	--csv,--debug,--from,--help,--quiet,--repositories,--to,--user,--verbose	-
brew create	-	--HEAD,--autotools,--cask,--cmake,--crystal,--debug,--force,--go,--help,--meson,--no-fetch,--node,--perl,--python,--quiet,--ruby,--rust,--set-license,--set-name,--set-version,--tap,--verbose	-
brew deps	-	--HEAD,--annotate,--cask,--debug,--direct,--dot,--eval-all,--for-each,--formula,--full-name,--graph,--help,--include-build,--include-optional,--include-requirements,--include-test,--installed,--missing,--quiet,--skip-recommended,--topological,--tree,--union,--verbose	path
brew desc	-	--cask,--debug,--description,--eval-all,--formula,--help,--name,--quiet,--search,--verbose	path
brew determine-test-runners	-	--all-supported,--debug,--dependents,--eval-all,--help,--quiet,--verbose	-
brew developer	-	--debug,--help,--quiet,--verbose	-
brew dispatch-build-bottle	-	--debug,--help,--issue,--linux,--linux-self-hosted,--linux-wheezy,--macos,--quiet,--tap,--timeout,--upload,--verbose,--workflow	-
brew docs	-	--debug,--help,--quiet,--verbose	-
brew doctor	-	--audit-debug,--debug,--help,--list-checks,--quiet,--verbose	-
brew dr	-	--audit-debug,--debug,--help,--list-checks,--quiet,--verbose	-
brew edit	-	--cask,--debug,--formula,--help,--print-path,--quiet,--verbose	path
brew environment	-	--debug,--help,--plain,--quiet,--shell,--verbose	-
brew extract	-	--debug,--force,--help,--quiet,--verbose,--version	-
brew fetch	-	--HEAD,--arch,--bottle-tag,--build-bottle,--build-from-source,--cask,--debug,--deps,--force,--force-bottle,--formula,--help,--no-quarantine,--os,--quarantine,--quiet,--retry,--verbose	path
brew formula	-	--debug,--help,--quiet,--verbose	-
brew generate-cask-api	-	--debug,--dry-run,--help,--quiet,--verbose	-
brew generate-formula-api	-	--debug,--dry-run,--help,--quiet,--verbose	-
brew generate-man-completions	-	--debug,--help,--quiet,--verbose	-
brew gist-logs	-	--debug,--help,--new-issue,--private,--quiet,--verbose,--with-hostname	-
brew home	-	--cask,--debug,--formula,--help,--quiet,--verbose	-
brew homepage	-	--cask,--debug,--formula,--help,--quiet,--verbose	-
brew info	-	--analytics,--cask,--category,--days,--debug,--eval-all,--formula,--github,--help,--installed,--json,--quiet,--variations,--verbose	path
brew instal	-	--HEAD,--adopt,--appdir,--audio-unit-plugindir,--binaries,--bottle-arch,--build-bottle,--build-from-source,--cask,--cc,--colorpickerdir,--debug,--debug-symbols,--dictionarydir,--display-times,--dry-run,--fetch-HEAD,--fontdir,--force,--force-bottle,--formula,--git,--help,--ignore-dependencies,--include-test,--input-methoddir,--interactive,--internet-plugindir,--keep-tmp,--keyboard-layoutdir,--language,--mdimporterdir,--no-binaries,--no-quarantine,--only-dependencies,--overwrite,--prefpanedir,--qlplugindir,--quarantine,--quiet,--require-sha,--screen-saverdir,--servicedir,--skip-cask-deps,--skip-post-install,--verbose,--vst-plugindir,--vst3-plugindir,--zap	-
brew install	-	--HEAD,--adopt,--appdir,--audio-unit-plugindir,--binaries,--bottle-arch,--build-bottle,--build-from-source,--cask,--cc,--colorpickerdir,--debug,--debug-symbols,--dictionarydir,--display-times,--dry-run,--fetch-HEAD,--fontdir,--force,--force-bottle,--formula,--git,--help,--ignore-dependencies,--include-test,--input-methoddir,--interactive,--internet-plugindir,--keep-tmp,--keyboard-layoutdir,--language,--mdimporterdir,--no-binaries,--no-quarantine,--only-dependencies,--overwrite,--prefpanedir,--qlplugindir,--quarantine,--quiet,--require-sha,--screen-saverdir,--servicedir,--skip-cask-deps,--skip-post-install,--verbose,--vst-plugindir,--vst3-plugindir,--zap	path
brew install-bundler-gems	-	--add-groups,--debug,--groups,--help,--quiet,--verbose	-
brew irb	-	--debug,--examples,--help,--pry,--quiet,--verbose	-
brew lc	-	--cask,--debug,--eval-all,--formula,--full-name,--help,--installed,--json,--newer-only,--quiet,--resources,--tap,--verbose	-
brew leaves	-	--debug,--help,--installed-as-dependency,--installed-on-request,--quiet,--verbose	-
brew link	-	--HEAD,--debug,--dry-run,--force,--help,--overwrite,--quiet,--verbose	-
brew linkage	-	--cached,--debug,--help,--quiet,--reverse,--strict,--test,--verbose	-
brew list	-	--cask,--debug,--formula,--full-name,--help,--multiple,--pinned,--quiet,--verbose,--versions,-1,-l,-r,-t	path
brew livecheck	-	--cask,--debug,--eval-all,--formula,--full-name,--help,--installed,--json,--newer-only,--quiet,--resources,--tap,--verbose	-
brew ln	-	--HEAD,--debug,--dry-run,--force,--help,--overwrite,--quiet,--verbose	-
brew log	-	--cask,--debug,--formula,--help,--max-count,--oneline,--patch,--quiet,--stat,--verbose,-1	-
brew ls	-	--cask,--debug,--formula,--full-name,--help,--multiple,--pinned,--quiet,--verbose,--versions,-1,-l,-r,-t	-
brew migrate	-	--cask,--debug,--dry-run,--force,--formula,--help,--quiet,--verbose	-
brew missing	-	--debug,--help,--hide,--quiet,--verbose	-
brew nodenv-sync	-	--debug,--help,--quiet,--verbose	-
brew options	-	--command,--compact,--debug,--eval-all,--help,--installed,--quiet,--verbose	-
brew outdated	-	--cask,--debug,--fetch-HEAD,--formula,--greedy,--greedy-auto-updates,--greedy-latest,--help,--json,--quiet,--verbose	-
brew pin	-	--debug,--help,--quiet,--verbose	-
brew post_install	-	--debug,--help,--quiet,--verbose	-
brew postgresql-upgrade-database	-	--debug,--help,--quiet,--verbose	-
brew postinstall	-	--debug,--help,--quiet,--verbose	-
brew pr-automerge	-	--autosquash,--debug,--help,--ignore-failures,--publish,--quiet,--tap,--verbose,--with-label,--without-approval,--without-labels,--workflow	-
brew pr-publish	-	--autosquash,--branch,--debug,--help,--large-runner,--message,--quiet,--tap,--verbose,--workflow	-
brew pr-pull	-	--artifact,--autosquash,--branch-okay,--clean,--committer,--debug,--dry-run,--help,--ignore-missing-artifacts,--keep-old,--message,--no-cherry-pick,--no-commit,--no-upload,--quiet,--resolve,--retain-bottle-dir,--root-url,--root-url-using,--tap,--verbose,--warn-on-upload-failure,--workflows	-
brew pr-upload	-	--committer,--debug,--dry-run,--help,--keep-old,--no-commit,--quiet,--root-url,--root-url-using,--upload-only,--verbose,--warn-on-upload-failure	-
brew prof	-	--debug,--help,--quiet,--stackprof,--verbose	-
brew pyenv-sync	-	--debug,--help,--quiet,--verbose	-
brew rbenv-sync	-	--debug,--help,--quiet,--verbose	-
brew readall	-	--aliases,--arch,--debug,--eval-all,--help,--no-simulate,--os,--quiet,--syntax,--verbose	-
brew reinstall	-	--adopt,--appdir,--audio-unit-plugindir,--binaries,--build-from-source,--cask,--colorpickerdir,--debug,--debug-symbols,--dictionarydir,--display-times,--fontdir,--force,--force-bottle,--formula,--git,--help,--input-methoddir,--interactive,--internet-plugindir,--keep-tmp,--keyboard-layoutdir,--language,--mdimporterdir,--no-binaries,--no-quarantine,--prefpanedir,--qlplugindir,--quarantine,--quiet,--require-sha,--screen-saverdir,--servicedir,--skip-cask-deps,--verbose,--vst-plugindir,--vst3-plugindir,--zap	-
brew release	-	--debug,--help,--major,--minor,--quiet,--verbose	-
brew remove	-	--cask,--debug,--force,--formula,--help,--ignore-dependencies,--quiet,--verbose,--zap	-
brew rm	-	--cask,--debug,--force,--formula,--help,--ignore-dependencies,--quiet,--verbose,--zap	-
brew ruby	-	--debug,--help,--quiet,--verbose,-e,-r	-
brew search	-	--archlinux,--cask,--closed,--debian,--debug,--desc,--eval-all,--fedora,--fink,--formula,--help,--macports,--open,--opensuse,--pull-request,--quiet,--repology,--ubuntu,--verbose	-
brew sh	-	--cmd,--debug,--env,--help,--quiet,--verbose	-
brew style	-	--cask,--debug,--except-cops,--fix,--formula,--help,--only-cops,--quiet,--reset-cache,--verbose	-
brew tap	-	--custom-remote,--debug,--eval-all,--force,--force-auto-update,--help,--no-force-auto-update,--quiet,--repair,--verbose	-
brew tap-info	-	--debug,--help,--installed,--json,--quiet,--verbose	-
brew tap-new	-	--branch,--debug,--github-packages,--help,--no-git,--pull-label,--quiet,--verbose	-
brew tc	-	--debug,--dir,--file,--fix,--help,--ignore,--quiet,--suggest-typed,--update,--update-all,--verbose	-
brew test	-	--HEAD,--debug,--force,--help,--keep-tmp,--quiet,--retry,--verbose	-
brew tests	-	--byebug,--changed,--coverage,--debug,--fail-fast,--generic,--help,--online,--only,--profile,--quiet,--seed,--verbose	-
brew typecheck	-	--debug,--dir,--file,--fix,--help,--ignore,--quiet,--suggest-typed,--update,--update-all,--verbose	-
brew unbottled	-	--debug,--dependents,--eval-all,--help,--lost,--quiet,--tag,--total,--verbose	-
brew uninstal	-	--cask,--debug,--force,--formula,--help,--ignore-dependencies,--quiet,--verbose,--zap	-
brew uninstall	-	--cask,--debug,--force,--formula,--help,--ignore-dependencies,--quiet,--verbose,--zap	path
brew unlink	-	--debug,--dry-run,--help,--quiet,--verbose	-
brew unpack	-	--debug,--destdir,--force,--git,--help,--patch,--quiet,--verbose	-
brew unpin	-	--debug,--help,--quiet,--verbose	-
brew untap	-	--debug,--force,--help,--quiet,--verbose	-
brew up	-	--auto-update,--debug,--force,--help,--merge,--quiet,--verbose	-
brew update	-	--auto-update,--debug,--force,--help,--merge,--quiet,--verbose	-
brew update-license-data	-	--debug,--help,--quiet,--verbose	-
brew update-maintainers	-	--debug,--help,--quiet,--verbose	-
brew update-python-resources	-	--debug,--exclude-packages,--extra-packages,--help,--ignore-non-pypi-packages,--package-name,--print-only,--quiet,--silent,--verbose,--version	-
brew update-report	-	--auto-update,--debug,--force,--help,--quiet,--verbose	-
brew update-sponsors	-	--debug,--help,--quiet,--verbose	-
brew update-test	-	--before,--commit,--debug,--help,--keep-tmp,--quiet,--to-tag,--verbose	-
brew upgrade	-	--appdir,--audio-unit-plugindir,--binaries,--build-from-source,--cask,--colorpickerdir,--debug,--debug-symbols,--dictionarydir,--display-times,--dry-run,--fetch-HEAD,--fontdir,--force,--force-bottle,--formula,--greedy,--greedy-auto-updates,--greedy-latest,--help,--input-methoddir,--interactive,--internet-plugindir,--keep-tmp,--keyboard-layoutdir,--language,--mdimporterdir,--no-binaries,--no-quarantine,--prefpanedir,--qlplugindir,--quarantine,--quiet,--require-sha,--screen-saverdir,--servicedir,--skip-cask-deps,--verbose,--vst-plugindir,--vst3-plugindir	path
brew uses	-	--cask,--debug,--eval-all,--formula,--help,--include-build,--include-optional,--include-test,--installed,--missing,--quiet,--recursive,--skip-recommended,--verbose	-
brew vendor-gems	-	--debug,--help,--no-commit,--quiet,--update,--verbose	-
brotli	-	--best,--decompress,--force,--help,--keep,--large_window,--lgwin,--no-copy-stat,--output,--quality,--rm,--stdout,--suffix,--test,--verbose,--version,-0,-1,-2,-3,-4,-5,-6,-7,-8,-9,-S,-V,-Z,-c,-d,-f,-h,-j,-k,-n,-o,-q,-t,-v,-w	path
bru	run	--help,--version,-h	-
bru run	-	--bail,--cacert,--env,--env-var,--format,--help,--insecure,--output,--tests-only,--version,-f,-h,-o,-r	path
btop	-	--config,--debug,--filter,--force-utf,--help,--low-color,--no-tty,--preset,--tty,--update,--version,-V,-c,-d,-f,-h,-l,-p,-t,-u	-
buildctl	b,build,debug,du,h,help,prune,prune-histories	--addr,--debug,--help,--log-format,--timeout,--tlscacert,--tlscert,--tlsdir,--tlskey,--tlsservername,--version,--wait,-h,-v	-
buildctl b	-	--allow,--debug-json-cache-metrics,--export-cache,--frontend,--import-cache,--local,--metadata-file,--no-cache,--oci-layout,--opt,--output,--progress,--ref-file,--registry-auth-tlscontext,--secret,--source-policy-file,--ssh,--trace,-o	-
buildctl build	-	--allow,--debug-json-cache-metrics,--export-cache,--frontend,--import-cache,--local,--metadata-file,--no-cache,--oci-layout,--opt,--output,--progress,--ref-file,--registry-auth-tlscontext,--secret,--source-policy-file,--ssh,--trace,-o	-
buildctl debug	ctl,dump-llb,dump-metadata,get,histories,info,logs,monitor,workers	-	-
buildctl debug ctl	-	--delete,--pin,--unpin	-
buildctl debug dump-llb	-	--dot	path
buildctl debug dump-metadata	-	--root	-
buildctl debug get	-	-	-
buildctl debug histories	-	--format	-
buildctl debug info	-	--format	-
buildctl debug logs	-	--progress,--trace	-
buildctl debug monitor	-	--completed,--ref	-
buildctl debug workers	-	--filter,--format,--verbose,-f,-v	-
buildctl du	-	--filter,--format,--verbose,-f,-v	-
buildctl h	-	-	-
buildctl help	-	-	-
buildctl prune	-	--all,--filter,--format,--free-storage,--keep-duration,--keep-storage,--keep-storage-min,--verbose,-f,-v	-
buildctl prune-histories	-	--format	-
bun	add,bun,completions,create,dev,discord,help,init,install,link,pm,remove,run,test,unlink,upgrade,x	--bun,--bunfile,--config,--cwd,--define,--disable-hmr,--disable-react-fast-refresh,--extension-order,--external,--help,--hot,--install,--jsx-factory,--jsx-fragment,--jsx-import-source,--jsx-production,--jsx-runtime,--loader,--main-fields,--no-install,--no-summary,--origin,--platform,--port,--prefer-latest,--prefer-offline,--preload,--public-dir,--server-bunfile,--silent,--tsconfig-override,--use,--version,--watch,-b,-c,-d,-e,-h,-i,-l,-p,-r,-u,-v	-
bun add	-	-	path
bun bun	-	-	path
bun completions	-	-	path
bun create	-	-	path
bun dev	-	-	path
bun discord	-	-	-
bun help	-	-	-
bun init	-	-	-
bun install	-	-	-
bun link	-	-	-
bun pm	-	--backend,--cache-dir,--config,--cwd,--dry-run,--force,--global,--help,--ignore-scripts,--link-native-bins,--lockfile,--no-cache,--no-progress,--no-save,--no-summary,--no-verify,--production,--silent,--verbose,--yarn,-c,-f,-g,-p,-y	-
bun remove	-	-	path
bun run	-	-	path
bun test	-	-	-
bun unlink	-	-	-
bun upgrade	-	-	-
bun x	-	-	path
bunx	-	-	path
but	absorb,alias,amend,apply,branch,clean,commit,config,diff,discard,gui,mark,merge,move,mr,oplog,pick,pr,pull,push,redo,resolve,review,reword,rub,setup,show,skill,squash,stage,status,teardown,tui,unapply,uncommit,undo,unmark,update	--current-dir,--format,--help,--version,-C,-V,-h	path
but absorb	-	--dry-run,--help,-h	path
but alias	add,list,remove,rm	--help,-h	-
but alias add	-	--global,--help,-g,-h	path
but alias list	-	--help,-h	-
but alias remove	-	--global,--help,-g,-h	path
but alias rm	-	--global,--help,-g,-h	path
but amend	-	--help,-h	-
but apply	-	--help,-h	path
but branch	delete,list,new,show,update	--help,-h	-
but branch delete	-	--help,-h	path
but branch list	-	--all,--empty,--help,--local,--no-ahead,--no-check,--remote,--review,-a,-h,-l,-r	-
but branch new	-	--anchor,--help,-a,-h	path
but branch show	-	--ai,--check,--files,--help,--review,-f,-h,-r	path
but branch update	-	--dry-run,--help,--interactive,--strategy,--verbose,-h,-i,-s,-v	path
but clean	-	--dry-run,--help,--include-upstream,--pull,-h	-
but commit	empty	--ai,--all,--changes,--create,--diff,--help,--message,--message-file,--no-diff,--no-hooks,--no-verify,--only,-a,-c,-h,-i,-m,-n,-o,-p	path
but commit empty	-	--after,--before,--help,-h	path
but config	ai,forge,metrics,target,ui,user	--help,-h	-
but config ai	anthropic,lmstudio,ollama,openai,openrouter,show	--global,--help,--local,-h	-
but config ai anthropic	-	--api-key,--api-key-env,--help,--key-option,--model,-h	-
but config ai lmstudio	-	--endpoint,--help,--model,-h	-
but config ai ollama	-	--endpoint,--help,--model,-h	-
but config ai openai	-	--api-key,--api-key-env,--endpoint,--help,--key-option,--model,-h	-
but config ai openrouter	-	--api-key,--api-key-env,--help,--model,-h	-
but config ai show	-	--help,-h	-
but config forge	auth,forget,list-users	--help,-h	-
but config forge auth	-	--help,-h	-
but config forge forget	-	--help,-h	path
but config forge list-users	-	--help,-h	-
but config metrics	-	--help,-h	-
but config target	-	--help,-h	path
but config ui	set,unset	--help,-h	-
but config ui set	-	--global,--help,-g,-h	-
but config ui unset	-	--global,--help,-g,-h	-
but config user	set,unset	--help,-h	-
but config user set	-	--global,--help,-g,-h	-
but config user unset	-	--global,--help,-g,-h	-
but diff	-	--help,--no-tui,--tui,-h	-
but discard	-	--help,-h	-
but gui	-	--help,--new-window,-h,-n	path
but mark	-	--delete,--help,-d,-h	path
but merge	-	--help,-h	path
but move	-	--after,--help,-a,-h	path
but mr	auto-merge,new,set-draft,set-ready,template	--draft,--help,-d,-h	-
but mr auto-merge	-	--help,--off,-d,-h	path
but mr new	-	--default,--draft,--file,--help,--message,--no-hooks,--no-verify,--skip-force-push-protection,--with-force,-F,-d,-f,-h,-m,-s,-t	path
but mr set-draft	-	--help,-h	path
but mr set-ready	-	--help,-h	path
but mr template	-	--help,-h	path
but oplog	list,restore,snapshot	--help,-h	-
but oplog list	-	--help,--since,--snapshot,-h,-s	-
but oplog restore	-	--help,-h	path
but oplog snapshot	-	--help,--message,-h,-m	-
but pick	-	--help,-h	path
but pr	auto-merge,new,set-draft,set-ready,template	--draft,--help,-d,-h	-
but pr auto-merge	-	--help,--off,-d,-h	path
but pr new	-	--default,--draft,--file,--help,--message,--no-hooks,--no-verify,--skip-force-push-protection,--with-force,-F,-d,-f,-h,-m,-s,-t	path
but pr set-draft	-	--help,-h	path
but pr set-ready	-	--help,-h	path
but pr template	-	--help,-h	path
but pull	-	--check,--help,-c,-h	-
but push	-	--dry-run,--help,--no-hooks,--no-verify,--skip-force-push-protection,--with-force,-d,-f,-h,-s	path
but redo	-	--help,-h	-
but resolve	cancel,finish,status	--help,-h	-
but resolve cancel	-	--force,--help,-f,-h	-
but resolve finish	-	--help,-h	-
but resolve status	-	--help,-h	-
but review	auto-merge,new,set-draft,set-ready,template	--draft,--help,-d,-h	-
but review auto-merge	-	--help,--off,-d,-h	path
but review new	-	--default,--draft,--file,--help,--message,--no-hooks,--no-verify,--skip-force-push-protection,--with-force,-F,-d,-f,-h,-m,-s,-t	path
but review set-draft	-	--help,-h	path
but review set-ready	-	--help,-h	path
but review template	-	--help,-h	path
but reword	-	--diff,--fix-formatting,--help,--message,--no-diff,-f,-h,-m	path
but rub	-	--help,-h	path
but setup	-	--help,--init,-h	-
but show	-	--help,--verbose,-h,-v	path
but skill	check,install	--help,-h	-
but skill check	-	--global,--help,--local,--update,-g,-h,-l,-u	-
but skill install	-	--detect,--global,--help,--path,-d,-g,-h,-p	path
but squash	-	--ai,--drop-message,--help,--message,-d,-h,-i,-m	path
but stage	-	--branch,--help,-b,-h	-
but status	-	--files,--help,--no-hint,--refresh-prs,--upstream,--verbose,-f,-h,-r,-u,-v	-
but teardown	-	--checkout-to,--help,-c,-h	-
but tui	-	--help,-h	-
but unapply	-	--help,-h	path
but uncommit	-	--discard,--help,-d,-h	path
but undo	-	--help,-h	-
but unmark	-	--help,-h	-
but update	check,install,suppress	--help,-h	-
but update check	-	--help,-h	-
but update install	-	--help,-h	-
but update suppress	-	--help,-h	-
cal	-	--color,--columns,--help,--iso,--julian,--monday,--months,--one,--reform,--span,--sunday,--three,--twelve,--version,--vertical,--week,--year,-1,-3,-S,-V,-Y,-c,-h,-j,-m,-n,-s,-v,-w,-y	-
calibre	-	--detach,--help,--ignore-plugins,--no-update-check,--shutdown-running-calibre,--start-in-tray,--verbose,--version,--with-library,-h,-s,-v	path
capslock	-	-buildtags,-goarch,-goos,-noisy,-output,-packages	-
carapace	help	--choice,--clear-cache,--codegen,--condition,--detect,--diff,--edit,--help,--list,--macro,--mcp,--run,--schema,--selfupdate,--style,--version,-h,-v	path
carapace help	-	-	-
cargo	add,bench,build,check,clean,config,doc,fetch,fix,generate-lockfile,help,info,init,install,locate-project,login,logout,metadata,new,owner,package,pkgid,publish,remove,report,run,rustc,rustdoc,search,test,tree,uninstall,update,vendor,version,yank	--color,--config,--explain,--frozen,--help,--list,--locked,--offline,--quiet,--verbose,--version,-C,-V,-Z,-h,-q,-v	-
cargo add	-	--base,--branch,--build,--default-features,--dev,--dry-run,--features,--git,--help,--ignore-rust-version,--manifest-path,--no-default-features,--no-optional,--no-public,--optional,--package,--path,--public,--registry,--rename,--rev,--tag,--target,-F,-h,-n,-p	path
cargo bench	-	--all,--all-features,--all-targets,--bench,--benches,--bin,--bins,--example,--examples,--exclude,--features,--help,--ignore-rust-version,--jobs,--lib,--manifest-path,--message-format,--no-default-features,--no-fail-fast,--no-run,--package,--profile,--target,--target-dir,--test,--tests,--timings,--unit-graph,--workspace,-F,-h,-j,-p	-
cargo build	-	--all,--all-features,--all-targets,--artifact-dir,--bench,--benches,--bin,--bins,--example,--examples,--exclude,--features,--future-incompat-report,--help,--ignore-rust-version,--jobs,--keep-going,--lib,--manifest-path,--message-format,--no-default-features,--package,--profile,--release,--target,--target-dir,--test,--tests,--timings,--unit-graph,--workspace,-F,-h,-j,-p,-r	-
cargo check	-	--all,--all-features,--all-targets,--bench,--benches,--bin,--bins,--example,--examples,--exclude,--features,--future-incompat-report,--help,--ignore-rust-version,--jobs,--keep-going,--lib,--manifest-path,--message-format,--no-default-features,--package,--profile,--release,--target,--target-dir,--test,--tests,--timings,--unit-graph,--workspace,-F,-h,-j,-p,-r	-
cargo clean	-	--doc,--dry-run,--help,--manifest-path,--package,--profile,--release,--target,--target-dir,--workspace,-h,-n,-p,-r	-
cargo config	get	--help,-h	-
cargo config get	-	--format,--help,--merged,--show-origin,-h	-
cargo doc	-	--all,--all-features,--bin,--bins,--document-private-items,--example,--examples,--exclude,--features,--help,--ignore-rust-version,--jobs,--keep-going,--lib,--manifest-path,--message-format,--no-default-features,--no-deps,--open,--package,--profile,--release,--target,--target-dir,--timings,--unit-graph,--workspace,-F,-h,-j,-p,-r	-
cargo fetch	-	--help,--manifest-path,--target,-h	-
cargo fix	-	--all,--all-features,--all-targets,--allow-dirty,--allow-no-vcs,--allow-staged,--bench,--benches,--bin,--bins,--broken-code,--edition,--edition-idioms,--example,--examples,--exclude,--features,--help,--ignore-rust-version,--jobs,--keep-going,--lib,--manifest-path,--message-format,--no-default-features,--package,--profile,--release,--target,--target-dir,--test,--tests,--timings,--workspace,-F,-h,-j,-p,-r	-
cargo generate-lockfile	-	--help,--ignore-rust-version,--manifest-path,--publish-time,-h	-
cargo help	-	--help,-h	-
cargo info	-	--help,--index,--registry,-h	-
cargo init	-	--bin,--edition,--help,--lib,--name,--registry,--vcs,-h	path
cargo install	-	--all-features,--bin,--bins,--branch,--debug,--dry-run,--example,--examples,--features,--force,--git,--help,--ignore-rust-version,--index,--jobs,--keep-going,--list,--message-format,--no-default-features,--no-track,--path,--profile,--registry,--rev,--root,--tag,--target,--target-dir,--timings,--vers,--version,-F,-f,-h,-j,-n	-
cargo locate-project	-	--help,--manifest-path,--message-format,--workspace,-h	-
cargo login	-	--help,--registry,-h	-
cargo logout	-	--help,--registry,-h	-
cargo metadata	-	--all-features,--features,--filter-platform,--format-version,--help,--manifest-path,--no-default-features,--no-deps,-F,-h	-
cargo new	-	--bin,--edition,--help,--lib,--name,--registry,--vcs,-h	path
cargo owner	-	--add,--help,--index,--list,--registry,--remove,--token,-a,-h,-l,-r	-
cargo package	-	--all-features,--allow-dirty,--exclude,--exclude-lockfile,--features,--help,--index,--jobs,--keep-going,--list,--manifest-path,--message-format,--no-default-features,--no-metadata,--no-verify,--package,--registry,--target,--target-dir,--workspace,-F,-h,-j,-l,-p	-
cargo pkgid	-	--help,--manifest-path,--package,-h,-p	-
cargo publish	-	--all-features,--allow-dirty,--dry-run,--exclude,--features,--help,--index,--jobs,--keep-going,--manifest-path,--no-default-features,--no-verify,--package,--registry,--target,--target-dir,--workspace,-F,-h,-j,-n,-p	-
cargo remove	-	--build,--dev,--dry-run,--help,--manifest-path,--package,--target,-h,-n,-p	path
cargo report	future-incompat,future-incompatibilities,rebuilds,sessions,timings	--help,-h	-
cargo report future-incompat	-	--help,--id,--package,-h,-p	-
cargo report future-incompatibilities	-	--help,--id,--package,-h,-p	-
cargo report rebuilds	-	--help,--id,--manifest-path,-h	-
cargo report sessions	-	--help,--limit,--manifest-path,-h	-
cargo report timings	-	--help,--id,--manifest-path,--open,-h	-
cargo run	-	--all-features,--bin,--example,--features,--help,--ignore-rust-version,--jobs,--keep-going,--manifest-path,--message-format,--no-default-features,--package,--profile,--release,--target,--target-dir,--timings,--unit-graph,-F,-h,-j,-p,-r	-
cargo rustc	-	--all-features,--all-targets,--bench,--benches,--bin,--bins,--crate-type,--example,--examples,--features,--future-incompat-report,--help,--ignore-rust-version,--jobs,--keep-going,--lib,--manifest-path,--message-format,--no-default-features,--package,--print,--profile,--release,--target,--target-dir,--test,--tests,--timings,--unit-graph,-F,-h,-j,-p,-r	-
cargo rustdoc	-	--all-features,--all-targets,--bench,--benches,--bin,--bins,--example,--examples,--features,--help,--ignore-rust-version,--jobs,--keep-going,--lib,--manifest-path,--message-format,--no-default-features,--open,--output-format,--package,--profile,--release,--target,--target-dir,--test,--tests,--timings,--unit-graph,-F,-h,-j,-p,-r	-
cargo search	-	--help,--index,--limit,--registry,-h	-
cargo test	-	--all,--all-features,--all-targets,--bench,--benches,--bin,--bins,--doc,--example,--examples,--exclude,--features,--future-incompat-report,--help,--ignore-rust-version,--jobs,--lib,--manifest-path,--message-format,--no-default-features,--no-fail-fast,--no-run,--package,--profile,--quiet,--release,--target,--target-dir,--test,--tests,--timings,--unit-graph,--workspace,-F,-h,-j,-p,-q,-r	-
cargo tree	-	--all-features,--charset,--depth,--duplicate,--duplicates,--edges,--exclude,--features,--format,--help,--invert,--manifest-path,--no-dedupe,--no-default-features,--package,--prefix,--prune,--target,--workspace,-F,-d,-e,-f,-h,-i,-p	-
cargo uninstall	-	--bin,--help,--package,--root,-h,-p	path
cargo update	-	--aggressive,--breaking,--dry-run,--help,--ignore-rust-version,--manifest-path,--precise,--recursive,--workspace,-b,-h,-n,-w	-
cargo vendor	-	--help,--manifest-path,--no-delete,--respect-source-config,--sync,--versioned-dirs,-h,-s	-
cargo version	-	--help,-h	-
cargo yank	-	--help,--index,--registry,--token,--undo,--vers,--version,-h	-
cargo-clippy	-	--fix,--help,--no-deps,--version,-V,-h	-
cargo-fmt	-	--all,--help,--manifest-path,--message-format,--package,--quiet,--verbose,--version,-h,-p,-q,-v	-
cargo-metadata	-	--all-features,--color,--config,--features,--filter-platform,--format-version,--frozen,--help,--locked,--manifest-path,--no-default-features,--no-deps,--offline,--quiet,--verbose,-F,-Z,-h,-q,-v	-
cargo-rm	-	--build,--dev,--help,--manifest-path,--package,--quiet,--version,-B,-D,-V,-h,-p,-q	path
cargo-set-version	-	--all,--bump,--dry-run,--exclude,--help,--manifest-path,--metadata,--package,--version,--workspace,-V,-h,-m,-p	-
cargo-upgrade	-	--all,--allow-prerelease,--dry-run,--exclude,--help,--manifest-path,--offline,--package,--skip-compatible,--to-lockfile,--version,--workspace,-V,-h,-p	path
cargo-watch	-	--clear,--debug,--delay,--env,--env-file,--exec,--features,--help,--ignore,--ignore-nothing,--no-dot-ignores,--no-process-group,--no-restart,--no-vcs-ignores,--notify,--poll,--postpone,--quiet,--shell,--skip-local-deps,--use-shell,--version,--watch,--watch-when-idle,--why,--workdir,-B,-C,-E,-L,-N,-V,-c,-d,-h,-i,-q,-s,-w,-x	-
cat	-	--help,--number,--number-nonblank,--show-all,--show-ends,--show-nonprinting,--show-tabs,--squeeze-blank,--version,-A,-E,-T,-b,-e,-n,-s,-t,-u,-v	path
cfdisk	-	--color,--help,--lock,--read-only,--sector-size,--version,--zero,-L,-V,-b,-h,-r,-z	path
charm	backup-keys,completion,crypt,fs,help,id,import-keys,jwt,keys,kv,link,name,serve,server,where	-	-
charm backup-keys	-	--output,-o	-
charm completion	-	-	-
charm crypt	decrypt,decrypt-lookup,encrypt,encrypt-lookup	-	-
charm crypt decrypt	-	-	-
charm crypt decrypt-lookup	-	-	-
charm crypt encrypt	-	-	-
charm crypt encrypt-lookup	-	-	-
charm fs	cat,cp,ls,mv,rm,tree	-	-
charm fs cat	-	-	-
charm fs cp	-	--recursive,-r	path
charm fs ls	-	-	-
charm fs mv	-	--recursive,-r	path
charm fs rm	-	-	-
charm fs tree	-	-	-
charm help	-	-	-
charm id	-	-	-
charm import-keys	-	--force-overwrite,-f	path
charm jwt	-	-	-
charm keys	-	--randomart,--simple,-r,-s	-
charm kv	delete,get,list,reset,set,sync	-	-
charm kv delete	-	-	-
charm kv get	-	--show-binary,-b	-
charm kv list	-	--delimiter,--keys-only,--reverse,--show-binary,--values-only,-b,-d,-k,-r,-v	path
charm kv reset	-	-	path
charm kv set	-	-	-
charm kv sync	-	-	path
charm link	-	-	-
charm name	-	-	-
charm serve	-	--data-dir,--health-port,--http-port,--ssh-port,--stats-port	-
charm server	-	--data-dir,--health-port,--http-port,--ssh-port,--stats-port	-
charm where	-	-	-
chcpu	-	--configure,--deconfigure,--disable,--dispatch,--enable,--help,--rescan,--version,-V,-c,-d,-e,-g,-h,-p,-r	-
chdman	addmeta,copy,createcd,createdvd,createhd,createld,createraw,delmeta,dumpmeta,extractcd,extractdvd,extracthd,extractld,extractraw,help,info,listtemplates,verify	-	-
chdman addmeta	-	--index,--input,--nochecksum,--tag,--valuefile,--valuetext,-i,-ix,-nocs,-t,-vf,-vt	-
chdman copy	-	--compression,--force,--hunksize,--input,--inputbytes,--inputhunks,--inputparent,--inputstartbyte,--inputstarthunk,--numprocessors,--output,--outputparent,-c,-f,-hs,-i,-ib,-ih,-ip,-isb,-ish,-np,-o,-op	-
chdman createcd	-	--compression,--hunksize,--input,--numprocessors,--output,--outputparent,-c,-hs,-i,-np,-o,-op	-
chdman createdvd	-	--compression,--force,--hunksize,--input,--inputbytes,--inputhunks,--inputstartbyte,--inputstarthunk,--numprocessors,--output,--outputparent,-c,-f,-hs,-i,-ib,-ih,-isb,-ish,-np,-o,-op	-
chdman createhd	-	--chs,--compression,--force,--hunksize,--ident,--input,--inputbytes,--inputhunks,--inputstartbyte,--inputstarthunk,--numprocessors,--output,--outputparent,--sectorsize,--size,--template,-c,-chs,-f,-hs,-i,-ib,-id,-ih,-isb,-ish,-np,-o,-op,-s,-ss,-t	-
chdman createld	-	--compression,--force,--hunksize,--input,--inputframes,--inputstartframe,--numprocessors,--output,--outputparent,-c,-f,-hs,-i,-if,-isf,-np,-o,-op	-
chdman createraw	-	--compression,--force,--hunksize,--input,--inputbytes,--inputhunks,--inputstartbyte,--inputstarthunk,--numprocessors,--output,--outputparent,--unitsize,-c,-f,-hs,-i,-ib,-ih,-isb,-ish,-np,-o,-op,-us	-
chdman delmeta	-	--index,--input,--tag,-i,-ix,-t	-
chdman dumpmeta	-	--force,--index,--input,--output,--tag,-f,-i,-ix,-o,-t	-
chdman extractcd	-	--force,--input,--inputparent,--output,--outputbin,--splitbin,-f,-i,-ip,-o,-ob,-sb	-
chdman extractdvd	-	--force,--input,--inputbytes,--inputhunks,--inputparent,--inputstartbyte,--inputstarthunk,--output,-f,-i,-ib,-ih,-ip,-isb,-ish,-o	-
chdman extracthd	-	--force,--input,--inputbytes,--inputhunks,--inputparent,--inputstartbyte,--inputstarthunk,--output,-f,-i,-ib,-ih,-ip,-isb,-ish,-o	-
chdman extractld	-	--force,--input,--inputframes,--inputparent,--inputstartframe,--output,-f,-i,-if,-ip,-isf,-o	-
chdman extractraw	-	--force,--input,--inputbytes,--inputhunks,--inputparent,--inputstartbyte,--inputstarthunk,--output,-f,-i,-ib,-ih,-ip,-isb,-ish,-o	-
chdman help	-	-	-
chdman info	-	--input,--verbose,-i,-v	-
chdman listtemplates	-	-	-
chdman verify	-	--fix,--input,--inputparent,-f,-i,-ip	-
cheese	-	--device,--display,--fullscreen,--help,--help-all,--help-gapplication,--help-gtk,--version,--wide,-d,-f,-h,-v,-w	-
chgrp	-	--changes,--dereference,--from,--help,--no-dereference,--no-preserve-root,--preserve-root,--quiet,--recursive,--reference,--silent,--verbose,--version,-H,-L,-P,-R,-c,-f,-h,-v	-
chmod	-	--changes,--dereference,--help,--no-dereference,--no-preserve-root,--preserve-root,--quiet,--recursive,--reference,--silent,--verbose,--version,-H,-L,-P,-R,-c,-f,-h,-v	-
chown	-	--changes,--dereference,--from,--help,--no-dereference,--no-preserve-root,--preserve-root,--quiet,--recursive,--reference,--silent,--verbose,--version,-H,-L,-P,-R,-c,-f,-h,-v	-
chpasswd	-	--crypt-method,--encrypted,--help,--md5,--root,--sha-rounds,-R,-c,-e,-h,-m,-s	-
chroma	-	--check,--fail,--filename,--formatter,--help,--html,--html-all-styles,--html-base-line,--html-highlight,--html-highlight-style,--html-inline-styles,--html-lines,--html-lines-style,--html-lines-table,--html-linkable-lines,--html-only,--html-prefix,--html-prevent-surrounding-pre,--html-styles,--html-tab-width,--json,--lexer,--list,--profile,--style,--svg,--trace,--unbuffered,--version,--xml,-f,-h,-l,-s	path
chromium	-	-	path
chroot	-	--groups,--help,--skip-chdir,--userspec,--version	-
chsh	-	--help,--list-shells,--shell,--version,-l,-s,-u,-v	-
circleci	completion,config,context,diagnostic,follow,help,local,namespace,open,orb,runner,setup,update,version	--debug,--endpoint,--github-api,--help,--host,--skip-update-check,--token,-h	-
circleci completion	bash,zsh	-	-
circleci completion bash	-	-	-
circleci completion zsh	-	-	-
circleci config	pack,process,validate	-	-
circleci config pack	-	-	path
circleci config process	-	--org-slug,--pipeline-parameters,-o	path
circleci config validate	-	--config,--org-slug,-c,-o	path
circleci context	create,delete,list,remove-secret,show,store-secret	-	-
circleci context create	-	-	-
circleci context delete	-	--force,-f	-
circleci context list	-	-	-
circleci context remove-secret	-	-	-
circleci context show	-	-	-
circleci context store-secret	-	-	-
circleci diagnostic	-	-	-
circleci follow	-	-	-
circleci help	-	-	-
circleci local	execute	-	-
circleci local execute	-	--branch,--checkout-key,--config,--env,--index,--job,--node-total,--org-slug,--repo-url,--revision,--skip-checkout,--volume,-c,-e,-o,-v	-
circleci namespace	create	-	-
circleci namespace create	-	--integration-testing,--no-prompt	-
circleci open	-	-	-
circleci orb	add-to-category,create,info,init,list,list-categories,pack,process,publish,remove-from-category,source,unlist,validate	-	-
circleci orb add-to-category	-	-	path
circleci orb create	-	--integration-testing,--no-prompt,--private	-
circleci orb info	-	-	-
circleci orb init	-	--private	-
circleci orb list	-	--details,--json,--private,--sort,--uncertified,-d,-u	-
circleci orb list-categories	-	--json	-
circleci orb pack	-	-	-
circleci orb process	-	-	-
circleci orb publish	increment,promote	-	-
circleci orb publish increment	-	-	-
circleci orb publish promote	-	-	-
circleci orb remove-from-category	-	-	path
circleci orb source	-	-	path
circleci orb unlist	-	-	-
circleci orb validate	-	-	-
circleci runner	instance,resource-class,token	-	-
circleci runner instance	list	-	-
circleci runner instance list	-	-	-
circleci runner resource-class	create,delete,list	-	-
circleci runner resource-class create	-	--generate-token	-
circleci runner resource-class delete	-	-	-
circleci runner resource-class list	-	-	-
circleci runner token	create,delete,list	-	-
circleci runner token create	-	-	-
circleci runner token delete	-	-	-
circleci runner token list	-	-	-
circleci setup	-	--integration-testing,--no-prompt	-
circleci update	-	--check	-
circleci version	-	-	-
cksum	-	--algorithm,--base64,--check,--debug,--help,--ignore-missing,--length,--quiet,--raw,--status,--strict,--tag,--untagged,--version,--warn,--zero,-a,-c,-l,-w,-z	path
clamav-config	-	--cflags,--help,--libs,--prefix,--version	-
clamav-milter	-	--config-file,--help,--version,-V,-c,-h	-
clambc	-	--debug,--force-interpreter,--help,--info,--input,--no-trace-showsource,--printbcir,--printsrc,--statistics,--trace,--trust-bytecode,--version,-T,-V,-c,-f,-h,-i,-p,-r,-s,-t	path
clamconf	-	--config-dir,--generate-config,--help,--non-default,--version,-V,-c,-g,-h,-n	-
clamd	-	--config-file,--debug,--foreground,--help,--log,--version,-F,-V,-c,-h,-l	-
clamdscan	-	--allmatch,--config-file,--copy,--fdpass,--file-list,--help,--infected,--log,--move,--multiscan,--no-summary,--ping,--quiet,--reload,--remove,--stdout,--stream,--verbose,--version,--wait,-V,-f,-h,-i,-l,-m,-p,-v,-w,-z	path
clamdtop	-	--config-file,--defaultcolors,--help,--version,-V,-c,-d,-h	path
clamonacc	-	--allmatch,--config-file,--copy,--exclude-list,--fdpass,--foreground,--help,--log,--move,--ping,--remove,--stream,--verbose,--version,--wait,--watch-list,-F,-V,-W,-c,-e,-h,-l,-p,-v,-w,-z	path
clamscan	-	--alert-broken,--alert-broken-media,--alert-encrypted,--alert-encrypted-archive,--alert-encrypted-doc,--alert-exceeds-max,--alert-macros,--alert-partition-intersection,--alert-phishing-cloak,--alert-phishing-ssl,--allmatch,--archive-verbose,--bell,--bytecode,--bytecode-timeout,--bytecode-unsigned,--copy,--cross-fs,--database,--debug,--detect-pua,--detect-structured,--disable-cache,--dumpcerts,--exclude,--exclude-dir,--exclude-pua,--file-list,--follow-dir-symlinks,--follow-file-symlinks,--gen-json,--help,--heuristic-alerts,--heuristic-scan-precedence,--include,--include-dir,--include-pua,--infected,--leave-temps,--log,--max-dir-recursion,--max-embeddedpe,--max-files,--max-filesize,--max-htmlnormalize,--max-htmlnotags,--max-iconspe,--max-partitions,--max-rechwp3,--max-recursion,--max-scansize,--max-scantime,--max-scriptnormalize,--max-ziptypercg,--move,--no-summary,--nocerts,--normalize,--official-db-only,--pcre-match-limit,--pcre-max-filesize,--pcre-recmatch-limit,--phishing-scan-urls,--phishing-sigs,--quiet,--recursive,--remove,--scan-archive,--scan-elf,--scan-html,--scan-hwp3,--scan-mail,--scan-ole2,--scan-pdf,--scan-pe,--scan-swf,--scan-xmldocs,--statistics,--stdout,--structured-cc-count,--structured-cc-mode,--structured-ssn-count,--structured-ssn-format,--suppress-ok-results,--tempdir,--verbose,--version,-V,-a,-d,-f,-h,-i,-l,-o,-r,-v,-z	path
clamsubmit	-	-N,-V,-d,-e,-h,-n,-p,-v	-
clion	-	-	path
cmus	-	--help,--listen,--plugins,--show-cursor,--version	-
code	-	--add,--category,--diff,--disable-extension,--disable-extensions,--disable-gpu,--enable-proposed-api,--extensions-dir,--goto,--help,--inspect-brk-extensions,--inspect-extensions,--install-extension,--list-extensions,--locale,--log,--max-memory,--new-window,--prof-startup,--reuse-window,--show-versions,--status,--sync,--telemetry,--uninstall-extension,--user-data-dir,--verbose,--version,--wait,-a,-g,-h,-n,-r,-s,-v,-w	path
code-insiders	-	-	path
codecov	-	--CL,--branch,--build,--changelog,--clean,--dir,--dryRun,--env,--feature,--file,--flags,--help,--name,--nonZero,--parent,--pr,--rootDir,--sha,--slug,--source,--tag,--token,--url,--verbose,--version,-B,-C,-F,-N,-P,-Q,-R,-T,-X,-Z,-b,-c,-d,-e,-f,-h,-n,-r,-s,-t,-u,-v	-
comm	-	--check-order,--help,--nocheck-order,--output-delimiter,--total,--version,--zero-terminated,-1,-2,-3,-z	path
compare	-	-	-
composite	-	-	-
conda	clean,compare,config,create,help,info,init,install,list,package,remove,run,search,uninstall,update,upgrade	--help,--version,-V,-h	-
conda clean	-	--all,--dry-run,--force-pkgs-dirs,--help,--index-cache,--json,--packages,--quiet,--tarballs,--verbose,--yes,-a,-c,-d,-f,-h,-i,-p,-q,-t,-v,-y	-
conda compare	-	--help,--json,--name,--prefix,--quiet,--verbose,-h,-n,-p,-q,-v	path
conda config	-	--add,--append,--describe,--env,--file,--get,--help,--json,--prepend,--quiet,--remove,--remove-key,--set,--show,--show-sources,--stdin,--system,--validate,--verbose,--write-default,-h,-q,-v	-
conda create	-	--channel,--clone,--copy,--dev,--download-only,--dry-run,--file,--help,--insecure,--json,--name,--no-channel-priority,--no-default-packages,--no-deps,--no-pin,--offline,--only-deps,--override-channels,--prefix,--quiet,--repodata-fn,--show-channel-urls,--strict-channel-priority,--use-index-cache,--use-local,--verbose,--yes,-C,-c,-d,-h,-k,-n,-p,-q,-v,-y	path
conda help	-	--help,-h	-
conda info	-	--all,--base,--envs,--help,--json,--quiet,--system,--unsafe-channels,--verbose,-a,-e,-h,-q,-s,-v	-
conda init	-	--all,--dry-run,--help,--json,--quiet,--reverse,--verbose,-d,-h,-q,-v	-
conda install	-	--all,--channel,--clobber,--copy,--dev,--download-only,--dry-run,--file,--force-reinstall,--freeze-installed,--help,--insecure,--json,--mkdir,--name,--no-channel-priority,--no-deps,--no-pin,--no-update-deps,--offline,--only-deps,--override-channels,--prefix,--quiet,--repodata-fn,--revision,--satisfied-skip-solve,--show-channel-urls,--strict-channel-priority,--update-all,--update-deps,--update-specs,--use-index-cache,--use-local,--verbose,--yes,-C,-S,-c,-d,-h,-k,-m,-n,-p,-q,-v,-y	-
conda list	-	--canonical,--explicit,--export,--full-name,--help,--json,--md5,--name,--no-pip,--prefix,--quiet,--revisions,--show-channel-urls,--verbose,-c,-e,-f,-h,-n,-p,-q,-r,-v	-
conda package	-	--help,--name,--pkg-build,--pkg-name,--pkg-version,--prefix,--reset,--untracked,--which,-h,-n,-p,-r,-u,-w	-
conda remove	-	--all,--channel,--dev,--dry-run,--features,--force,--force-remove,--help,--insecure,--json,--name,--no-pin,--offline,--override-channels,--prefix,--quiet,--repodata-fn,--use-index-cache,--use-local,--verbose,--yes,-C,-c,-d,-h,-k,-n,-p,-q,-v,-y	path
conda run	-	--cwd,--debug-wrapper-scripts,--dev,--help,--live-stream,--name,--no-capture-output,--prefix,--verbose,-h,-n,-p,-v	path
conda search	-	--envs,--help,--info,--insecure,--json,--offline,--override-channels,--quiet,--repodata-fn,--use-index-cache,--use-local,--verbose,-C,-h,-i,-k,-q,-v	-
conda uninstall	-	--all,--channel,--dev,--dry-run,--features,--force,--force-remove,--help,--insecure,--json,--name,--no-pin,--offline,--override-channels,--prefix,--quiet,--repodata-fn,--use-index-cache,--use-local,--verbose,--yes,-C,-c,-d,-h,-k,-n,-p,-q,-v,-y	path
conda update	-	--all,--clobber,--copy,--download-only,--dry-run,--file,--force-reinstall,--freeze-installed,--help,--insecure,--json,--name,--no-channel-priority,--no-deps,--no-pin,--no-update-deps,--offline,--only-deps,--override-channels,--quiet,--repodata-fn,--satisfied-skip-solve,--show-channel-urls,--strict-channel-priority,--update-all,--update-deps,--update-specs,--use-index-cache,--use-local,--verbose,--yes,-C,-S,-d,-h,-k,-n,-q,-v,-y	path
conda upgrade	-	--all,--clobber,--copy,--download-only,--dry-run,--file,--force-reinstall,--freeze-installed,--help,--insecure,--json,--name,--no-channel-priority,--no-deps,--no-pin,--no-update-deps,--offline,--only-deps,--override-channels,--quiet,--repodata-fn,--satisfied-skip-solve,--show-channel-urls,--strict-channel-priority,--update-all,--update-deps,--update-specs,--use-index-cache,--use-local,--verbose,--yes,-C,-S,-d,-h,-k,-n,-q,-v,-y	path
conda-content-trust	gpg-key-lookup,gpg-sign,modify-metadata,sign-artifacts,verify-metadata	--help,--version,-V,-h	-
conda-content-trust gpg-key-lookup	-	--help,-h	-
conda-content-trust gpg-sign	-	--help,-h	-
conda-content-trust modify-metadata	-	--help,-h	path
conda-content-trust sign-artifacts	-	--help,-h	path
conda-content-trust verify-metadata	-	--help,-h	path
conda-env	config,create,export,list,remove,update	-	-
conda-env config	vars	-	-
conda-env config vars	list,set,unset	-	-
conda-env config vars list	-	--help,--json,--name,--prefix,--quiet,--verbose,-h,-n,-p,-q,-v	-
conda-env config vars set	-	--help,--name,--prefix,-h,-n,-p	path
conda-env config vars unset	-	--help,--name,--prefix,-h,-n,-p	path
conda-env create	-	--dry-run,--file,--force,--help,--insecure,--json,--name,--no-default-packages,--offline,--prefix,--quiet,--solver,--use-index-cache,--verbose,-C,-d,-f,-h,-k,-n,-p,-q,-v	-
conda-env export	-	--channel,--file,--from-history,--help,--ignore-channels,--json,--name,--no-builds,--override-channels,--prefix,--quiet,--verbose,-c,-f,-h,-n,-p,-q,-v	-
conda-env list	-	--help,--json,--quiet,--verbose,-h,-q,-v	-
conda-env remove	-	--dry-run,--help,--json,--name,--prefix,--quiet,--solver,--verbose,--yes,-d,-h,-n,-p,-q,-v,-y	-
conda-env update	-	--file,--help,--json,--name,--prefix,--prune,--quiet,--solver,--verbose,-f,-h,-n,-p,-q,-v	-
conky	-	--alignment,--config,--daemonize,--debug,--display,--double-buffer,--font,--help,--interval,--own-window,--pause,--print-config,--quiet,--text,--version,--window-id,--xinerama-head,-C,-D,-X,-a,-b,-c,-d,-f,-h,-i,-m,-o,-p,-q,-t,-u,-v,-w,-x,-y	-
consul	acl,agent,catalog,config,connect,debug,event,exec,force-leave,info,intention,join,keygen,keyring,kv,leave,lock,login,logout,maint,members,monitor,operator,reload,rtt,services,snapshot,tls,validate,version,watch	--help,--version,-h,-v	-
consul acl	auth-method,binding-rule,bootstrap,policy,role,set-agent-token,token,translate-rules	-	-
consul acl auth-method	create,delete,list,read,update	-	-
consul acl auth-method create	-	--ca-file,--ca-path,--client-cert,--client-key,--config,--datacenter,--description,--display-name,--format,--http-addr,--kubernetes-ca-cert,--kubernetes-host,--kubernetes-service-account-jwt,--max-token-ttl,--meta,--name,--namespace,--stale,--tls-server-name,--token,--token-file,--token-locality,--type	-
consul acl auth-method delete	-	--name,--namespace	-
consul acl auth-method list	-	--ca-file,--ca-path,--client-cert,--client-key,--datacenter,--format,--http-addr,--meta,--namespace,--stale,--tls-server-name,--token,--token-file	-
consul acl auth-method read	-	--ca-file,--ca-path,--client-cert,--client-key,--datacenter,--format,--http-addr,--meta,--name,--namespace,--stale,--tls-server-name,--token,--token-file	-
consul acl auth-method update	-	--ca-file,--ca-path,--client-cert,--client-key,--config,--datacenter,--description,--display-name,--format,--http-addr,--kubernetes-ca-cert,--kubernetes-host,--kubernetes-service-account-jwt,--max-token-ttl,--meta,--name,--namespace,--no-merge,--stale,--tls-server-name,--token,--token-file,--token-locality	-
consul acl binding-rule	create,delete,list,read,update	-	-
consul acl binding-rule create	-	--bind-name,--bind-type,--ca-file,--ca-path,--client-cert,--client-key,--datacenter,--description,--format,--http-addr,--meta,--method,--namespace,--selector,--stale,--tls-server-name,--token,--token-file	-
consul acl binding-rule delete	-	--ca-file,--ca-path,--client-cert,--client-key,--datacenter,--http-addr,--id,--namespace,--stale,--tls-server-name,--token,--token-file	-
consul acl binding-rule list	-	--ca-file,--ca-path,--client-cert,--client-key,--datacenter,--format,--http-addr,--meta,--method,--namespace,--stale,--tls-server-name,--token,--token-file	-
consul acl binding-rule read	-	--ca-file,--ca-path,--client-cert,--client-key,--datacenter,--format,--http-addr,--id,--meta,--namespace,--stale,--tls-server-name,--token,--token-file	-
consul acl binding-rule update	-	--bind-name,--bind-type,--ca-file,--ca-path,--client-cert,--client-key,--datacenter,--description,--format,--http-addr,--id,--meta,--namespace,--no-merge,--selector,--stale,--tls-server-name,--token,--token-file	-
consul acl bootstrap	-	--ca-file,--ca-path,--client-cert,--client-key,--datacenter,--format,--http-addr,--stale,--tls-server-name,--token,--token-file	-
consul acl policy	create,delete,read,update	-	-
consul acl policy create	-	--ca-file,--ca-path,--client-cert,--client-key,--datacenter,--format,--from-token,--http-addr,--meta,--name,--namespace,--rules,--stale,--tls-server-name,--token,--token-file,--token-secret,--valid-datacenter	-
consul acl policy delete	-	--ca-file,--ca-path,--client-cert,--client-key,--datacenter,--http-addr,--id,--name,--namespace,--stale,--tls-server-name,--token,--token-file	-
consul acl policy read	-	--ca-file,--ca-path,--client-cert,--client-key,--datacenter,--format,--http-addr,--id,--meta,--name,--namespace,--stale,--tls-server-name,--token,--token-file	-
consul acl policy update	-	--ca-file,--ca-path,--client-cert,--client-key,--datacenter,--description,--format,--http-addr,--id,--meta,--name,--namespace,--no-merge,--rules,--stale,--tls-server-name,--token,--token-file,--valid-datacenter	-
consul acl role	create,delete,list,read,update	--ca-file,--ca-path,--client-cert,--client-key,--datacenter,--http-addr,--stale,--tls-server-name,--token,--token-file	-
consul acl role create	-	--description,--format,--meta,--name,--namespace,--node-identity,--policy-id,--policy-name,--service-identity	-
consul acl role delete	-	--ca-file,--ca-path,--client-cert,--client-key,--datacenter,--http-addr,--id,--name,--namespace,--stale,--tls-server-name,--token,--token-file	-
consul acl role list	-	--ca-file,--ca-path,--client-cert,--client-key,--datacenter,--format,--http-addr,--meta,--namespace,--stale,--tls-server-name,--token,--token-file	-
consul acl role read	-	--ca-file,--ca-path,--client-cert,--client-key,--datacenter,--format,--http-addr,--id,--meta,--name,--namespace,--stale,--tls-server-name,--token,--token-file	-
consul acl role update	-	--ca-file,--ca-path,--client-cert,--client-key,--datacenter,--description,--format,--http-addr,--id,--meta,--name,--namespace,--no-merge,--node-identity,--policy-id,--policy-name,--service-identity,--stale,--tls-server-name,--token,--token-file	-
consul acl set-agent-token	-	--ca-file,--ca-path,--client-cert,--client-key,--datacenter,--http-addr,--stale,--tls-server-name,--token,--token-file	-
consul acl token	clone,create,delete,list,read,update	-	-
consul acl token clone	-	--ca-file,--ca-path,--client-cert,--client-key,--datacenter,--description,--format,--http-addr,--id,--namespace,--stale,--tls-server-name,--token,--token-file	-
consul acl token create	-	--accessor,--ca-file,--ca-path,--client-cert,--client-key,--datacenter,--description,--expires-ttl,--format,--http-addr,--local,--meta,--namespace,--node-identity,--policy-id,--policy-name,--role-id,--role-name,--secret,--service-identity,--stale,--tls-server-name,--token,--token-file	-
consul acl token delete	-	--ca-file,--ca-path,--client-cert,--client-key,--datacenter,--http-addr,--id,--namespace,--stale,--tls-server-name,--token,--token-file	-
consul acl token list	-	--ca-file,--ca-path,--client-cert,--client-key,--datacenter,--format,--http-addr,--meta,--namespace,--stale,--tls-server-name,--token,--token-file	-
consul acl token read	-	--ca-file,--ca-path,--client-cert,--client-key,--datacenter,--format,--http-addr,--id,--meta,--namespace,--self,--stale,--tls-server-name,--token,--token-file	-
consul acl token update	-	--ca-file,--ca-path,--client-cert,--client-key,--datacenter,--description,--format,--http-addr,--id,--merge-node-identities,--merge-policies,--merge-roles,--merge-service-identities,--meta,--namespace,--node-identity,--policy-id,--policy-name,--role-id,--role-name,--service-identity,--stale,--tls-server-name,--token,--token-file,--upgrade-legacy	-
consul acl translate-rules	-	--ca-file,--ca-path,--client-cert,--client-key,--datacenter,--http-addr,--stale,--tls-server-name,--token,--token-accessor,--token-file,--token-secret	-
consul agent	-	--advertise,--advertise-wan,--allow-write-http-from,--alt-domain,--bind,--bootstrap,--bootstrap-expect,--check_output_max_size,--client,--config-dir,--config-file,--config-format,--data-dir,--default-query-time,--dev,--disable-host-node-id,--disable-keyring-file,--dns-port,--domain,--enable-local-script-checks,--enable-script-checks,--encrypt,--grpc-port,--hcl,--http-port,--https-port,--join,--join-wan,--log-file,--log-json,--log-level,--log-rotate-bytes,--log-rotate-duration,--log-rotate-max-files,--node,--node-meta,--non-voting-server,--pid-file,--primary-gateway,--protocol,--raft-protocol,--read-replica,--recursor,--rejoin,--retry-interval,--retry-interval-wan,--retry-join,--retry-join-wan,--retry-max,--retry-max-wan,--segment,--serf-lan-allowed-cidrs,--serf-lan-bind,--serf-lan-port,--serf-wan-allowed-cidrs,--serf-wan-bind,--serf-wan-port,--server,--server-port,--syslog,--ui,--ui-content-path,--ui-dir	-
consul catalog	datacenters,nodes,services	-	-
consul catalog datacenters	-	--ca-file,--ca-path,--client-cert,--client-key,--datacenter,--http-addr,--stale,--tls-server-name,--token,--token-file	-
consul catalog nodes	-	--ca-file,--ca-path,--client-cert,--client-key,--datacenter,--detailed,--filter,--http-addr,--near,--node-meta,--service,--stale,--tls-server-name,--token,--token-file	-
consul catalog services	-	--ca-file,--ca-path,--client-cert,--client-key,--datacenter,--http-addr,--namespace,--node,--node-meta,--stale,--tags,--tls-server-name,--token,--token-file	-
consul config	delete,list,read,write	-	-
consul config delete	-	--kind,--name	-
consul config list	-	--kind,--namespace	-
consul config read	-	--ca-file,--ca-path,--client-cert,--client-key,--datacenter,--http-addr,--kind,--name,--namespace,--stale,--tls-server-name,--token,--token-file	-
consul config write	-	--ca-file,--ca-path,--cas,--client-cert,--client-key,--datacenter,--http-addr,--modify-index,--namespace,--stale,--tls-server-name,--token,--token-file	path
consul connect	ca,envoy,expose,proxy	-	-
consul connect ca	get-config,set-config	-	-
consul connect ca get-config	-	--ca-file,--ca-path,--client-cert,--client-key,--datacenter,--http-addr,--stale,--tls-server-name,--token,--token-file	-
consul connect ca set-config	-	--ca-file,--ca-path,--client-cert,--client-key,--config-file,--datacenter,--force-without-cross-signing,--http-addr,--stale,--tls-server-name,--token,--token-file	-
consul connect envoy	-	--address,--admin-access-log-path,--admin-bind,--bind-address,--bootstrap,--ca-file,--ca-path,--client-cert,--client-key,--deregister-after-critical,--envoy-binary,--envoy-version,--expose-servers,--gateway,--grpc-addr,--http-addr,--mesh-gateway,--namespace,--no-central-config,--omit-deprecated-tags,--proxy-id,--register,--service,--sidecar-for,--tls-server-name,--token,--token-file,--wan-address	-
consul connect expose	-	--ca-file,--ca-path,--client-cert,--client-key,--datacenter,--host,--http-addr,--ingress-gateway,--port,--protocol,--service,--stale,--tls-server-name,--token,--token-file	-
consul connect proxy	-	--ca-file,--ca-path,--client-cert,--client-key,--datacenter,--http-addr,--listen,--log-json,--log-level,--pprof-addr,--proxy-id,--register,--register-id,--service,--service-addr,--sidecar-for,--stale,--tls-server-name,--token,--token-file,--upstream	-
consul debug	-	--archive,--capture,--duration,--interval,--output	-
consul event	-	--ca-file,--ca-path,--client-cert,--client-key,--http-addr,--name,--node,--service,--tag,--tls-server-name,--token,--token-file	-
consul exec	-	--ca-file,--ca-path,--client-cert,--client-key,--datacenter,--http-addr,--node,--prefix,--service,--shell,--stale,--tag,--tls-server-name,--token,--token-file,--verbose,--wait,--wait-repl	-
consul force-leave	-	--prune	-
consul info	-	--ca-file,--ca-path,--client-cert,--client-key,--http-addr,--tls-server-name,--token,--token-file	-
consul intention	check,create,delete,get,list,match	-	-
consul intention check	-	--ca-file,--ca-path,--client-cert,--client-key,--datacenter,--http-addr,--namespace,--stale,--tls-server-name,--token,--token-file	-
consul intention create	-	--allow,--ca-file,--ca-path,--client-cert,--client-key,--datacenter,--deny,--file,--http-addr,--meta,--namespace,--replace,--stale,--tls-server-name,--token,--token-file	-
consul intention delete	-	--ca-file,--ca-path,--client-cert,--client-key,--datacenter,--http-addr,--namespace,--stale,--tls-server-name,--token,--token-file	-
consul intention get	-	--ca-file,--ca-path,--client-cert,--client-key,--datacenter,--http-addr,--namespace,--stale,--tls-server-name,--token,--token-file	-
consul intention list	-	--ca-file,--ca-path,--client-cert,--client-key,--datacenter,--http-addr,--namespace,--stale,--tls-server-name,--token,--token-file	-
consul intention match	-	--destination,--namespace,--source	-
consul join	-	--ca-file,--ca-path,--client-cert,--client-key,--http-addr,--tls-server-name,--token,--token-file,--wan	-
consul keygen	-	-	-
consul keyring	-	--ca-file,--ca-path,--client-cert,--client-key,--http-addr,--install,--list,--list-primary,--local-only,--relay-factor,--remove,--tls-server-name,--token,--token-file,--use	-
consul kv	delete,export,get,import,put	-	-
consul kv delete	-	--ca-file,--ca-path,--cas,--client-cert,--client-key,--datacenter,--http-addr,--modify-index,--namespace,--recurse,--stale,--tls-server-name,--token,--token-file	path
consul kv export	-	--ca-file,--ca-path,--client-cert,--client-key,--datacenter,--http-addr,--namespace,--stale,--tls-server-name,--token,--token-file	-
consul kv get	-	--base64,--ca-file,--ca-path,--client-cert,--client-key,--datacenter,--detailed,--http-addr,--keys,--namespace,--recurse,--separator,--stale,--tls-server-name,--token,--token-file	path
consul kv import	-	--ca-file,--ca-path,--client-cert,--client-key,--datacenter,--http-addr,--namespace,--stale,--tls-server-name,--token,--token-file	-
consul kv put	-	--acquire,--base64,--ca-file,--ca-path,--cas,--client-cert,--client-key,--datacenter,--flags,--http-addr,--modify-index,--namespace,--release,--session,--stale,--tls-server-name,--token,--token-file	path
consul leave	-	--ca-file,--ca-path,--client-cert,--client-key,--http-addr,--tls-server-name,--token,--token-file	-
consul lock	-	--ca-file,--ca-path,--child-exit-code,--client-cert,--client-key,--datacenter,--http-addr,--monitor-retry,--name,--pass-stdin,--shell,--stale,--timeout,--tls-server-name,--token,--token-file,--verbose	-
consul login	-	--bearer-token-file,--ca-file,--ca-path,--client-cert,--client-key,--datacenter,--http-addr,--meta,--method,--namespace,--stale,--tls-server-name,--token,--token-file,--token-sink-file,--type	-
consul logout	-	--ca-file,--ca-path,--client-cert,--client-key,--datacenter,--http-addr,--stale,--tls-server-name,--token,--token-file	-
consul maint	-	--ca-file,--ca-path,--client-cert,--client-key,--disable,--enable,--http-addr,--reason,--service,--tls-server-name,--token,--token-file	-
consul members	-	--ca-file,--ca-path,--client-cert,--client-key,--detailed,--http-addr,--segment,--status,--tls-server-name,--token,--token-file,--wan	-
consul monitor	-	--ca-file,--ca-path,--client-cert,--client-key,--http-addr,--log-json,--log-level,--tls-server-name,--token,--token-file	-
consul operator	autopilot,raft	-	-
consul operator autopilot	get-config,set-config,state	-	-
consul operator autopilot get-config	-	--ca-file,--ca-path,--client-cert,--client-key,--datacenter,--http-addr,--stale,--tls-server-name,--token,--token-file	-
consul operator autopilot set-config	-	--ca-file,--ca-path,--cleanup-dead-servers,--client-cert,--client-key,--datacenter,--disable-upgrade-migration,--http-addr,--last-contact-threshold,--max-trailing-logs,--min-quorum,--redundancy-zone-tag,--server-stabilization-time,--stale,--tls-server-name,--token,--token-file,--upgrade-version-tag	-
consul operator autopilot state	-	--ca-file,--ca-path,--client-cert,--client-key,--datacenter,--format,--http-addr,--stale,--tls-server-name,--token,--token-file	-
consul operator raft	list-peers,removePeer	-	-
consul operator raft list-peers	-	--ca-file,--ca-path,--client-cert,--client-key,--datacenter,--http-addr,--stale,--tls-server-name,--token,--token-file	-
consul operator raft removePeer	-	--address,--ca-file,--ca-path,--client-cert,--client-key,--datacenter,--http-addr,--id,--stale,--tls-server-name,--token,--token-file	-
consul reload	-	--ca-file,--ca-path,--client-cert,--client-key,--http-addr,--tls-server-name,--token,--token-file	-
consul rtt	-	--ca-file,--ca-path,--client-cert,--client-key,--http-addr,--tls-server-name,--token,--token-file,--wan	path
consul services	deregister,register	-	-
consul services deregister	-	--ca-file,--ca-path,--client-cert,--client-key,--datacenter,--http-addr,--id,--namespace,--stale,--tls-server-name,--token,--token-file	path
consul services register	-	--address,--ca-file,--ca-path,--client-cert,--client-key,--datacenter,--http-addr,--id,--kind,--meta,--name,--namespace,--port,--stale,--tag,--tagged-address,--tls-server-name,--token,--token-file	path
consul snapshot	inspect,restore,save	-	-
consul snapshot inspect	-	-	path
consul snapshot restore	-	--ca-file,--ca-path,--client-cert,--client-key,--datacenter,--http-addr,--stale,--tls-server-name,--token,--token-file	path
consul snapshot save	-	--ca-file,--ca-path,--client-cert,--client-key,--datacenter,--http-addr,--stale,--tls-server-name,--token,--token-file	path
consul tls	ca,cert	-	-
consul tls ca	create	-	-
consul tls ca create	-	--additional-name-constraint,--cluster-id,--common-name,--days,--domain,--name-constraint	-
consul tls cert	create	-	-
consul tls cert create	-	--additional-dnsname,--additional-ipaddress,--ca,--cli,--client,--days,--dc,--domain,--key,--node,--server	-
consul validate	-	--config-format,--quiet	path
consul version	-	--format	-
consul watch	-	--ca-file,--ca-path,--client-cert,--client-key,--datacenter,--http-addr,--key,--name,--passingonly,--prefix,--service,--shell,--stale,--state,--tag,--tls-server-name,--token,--token-file,--type	-
coredumpctl	debug,dump,info,list	--all,--debugger,--debugger-arguments,--directory,--field,--file,--help,--image,--image-policy,--json,--no-legend,--no-pager,--output,--quiet,--reverse,--root,--since,--until,--version,-1,-A,-D,-F,-S,-U,-h,-n,-o,-q,-r	-
coredumpctl debug	-	-	-
coredumpctl dump	-	-	-
coredumpctl info	-	-	-
coredumpctl list	-	-	-
cp	-	--archive,--attributes-only,--backup,--context,--copy-contents,--debug,--dereference,--force,--help,--interactive,--keep-directory-symlink,--link,--no-clobber,--no-dereference,--no-preserve,--no-target-directory,--one-file-system,--parents,--preserve,--recursive,--reflink,--remove-destination,--sparse,--strip-trailing-slashes,--suffix,--symbolic-link,--target-directory,--update,--verbose,--version,-H,-L,-P,-R,-S,-T,-Z,-a,-b,-d,-f,-i,-l,-n,-p,-r,-s,-t,-u,-v,-x	path
crush	auth,completion,dirs,help,login,logout,logs,models,projects,r,run,s,server,session,sessions,signout,stats,update-providers	--continue,--cwd,--data-dir,--debug,--help,--host,--session,--yolo,-C,-D,-H,-c,-d,-h,-s,-y	-
crush auth	-	--force,-f	-
crush completion	bash,fish,powershell,zsh	-	-
crush completion bash	-	--no-descriptions	-
crush completion fish	-	--no-descriptions	-
crush completion powershell	-	--no-descriptions	-
crush completion zsh	-	--no-descriptions	-
crush dirs	-	-	-
crush help	-	-	-
crush login	-	--force,-f	-
crush logout	-	--force,-f	-
crush logs	-	--follow,--tail,-f,-t	-
crush models	-	-	-
crush projects	-	--json	-
crush r	-	--continue,--model,--quiet,--session,--small-model,--verbose,-C,-m,-q,-s,-v	-
crush run	-	--continue,--model,--quiet,--session,--small-model,--verbose,-C,-m,-q,-s,-v	-
crush s	delete,last,list,ls,rename,rm,show	-	-
crush s delete	-	--json	path
crush s last	-	--json	-
crush s list	-	--json	-
crush s ls	-	--json	-
crush s rename	-	--json	path
crush s rm	-	--json	path
crush s show	-	--json	path
crush server	-	--host,-H	-
crush session	delete,last,list,ls,rename,rm,show	-	-
crush session delete	-	--json	path
crush session last	-	--json	-
crush session list	-	--json	-
crush session ls	-	--json	-
crush session rename	-	--json	path
crush session rm	-	--json	path
crush session show	-	--json	path
crush sessions	delete,last,list,ls,rename,rm,show	-	-
crush sessions delete	-	--json	path
crush sessions last	-	--json	-
crush sessions list	-	--json	-
crush sessions ls	-	--json	-
crush sessions rename	-	--json	path
crush sessions rm	-	--json	path
crush sessions show	-	--json	path
crush signout	-	--force,-f	-
crush stats	-	-	-
crush update-providers	-	--source	path
csplit	-	--digits,--elide-empty-files,--help,--keep-files,--prefix,--quiet,--suffix-format,--suppress-matched,--version,-b,-f,-k,-n,-s,-z	path
csview	-	--delimiter,--help,--indent,--no-headers,--padding,--sniff,--style,--tsv,--version,-H,-V,-d,-h,-i,-p,-s,-t	path
cura	-	--debug,--external-backend,--headless,--help,--single-instance,--version,-h	path
curl	-	--abstract-unix-socket,--alt-svc,--anyauth,--append,--aws-sigv4,--basic,--ca-native,--cacert,--capath,--cert,--cert-status,--cert-type,--ciphers,--compressed,--compressed-ssh,--config,--connect-timeout,--connect-to,--continue-at,--cookie,--cookie-jar,--create-dirs,--create-file-mode,--crlf,--crlfile,--curves,--data,--data-ascii,--data-binary,--data-raw,--data-urlencode,--delegation,--digest,--disable,--disable-eprt,--disable-epsv,--disallow-username-in-url,--dns-interface,--dns-ipv4-addr,--dns-ipv6-addr,--dns-servers,--doh-cert-status,--doh-insecure,--doh-url,--dump-ca-embed,--dump-header,--ech,--egd-file,--engine,--etag-compare,--etag-save,--expect100-timeout,--fail,--fail-early,--fail-with-body,--false-start,--follow,--form,--form-escape,--form-string,--ftp-account,--ftp-alternative-to-user,--ftp-create-dirs,--ftp-method,--ftp-pasv,--ftp-port,--ftp-pret,--ftp-skip-pasv-ip,--ftp-ssl-ccc,--ftp-ssl-ccc-mode,--ftp-ssl-control,--get,--globoff,--happy-eyeballs-timeout-ms,--haproxy-clientip,--haproxy-protocol,--head,--header,--help,--hostpubmd5,--hostpubsha256,--hsts,--http2,--http2-prior-knowledge,--http3,--http3-only,--ignore-content-length,--insecure,--interface,--ip-tos,--ipfs-gateway,--ipv4,--ipv6,--json,--junk-session-cookies,--keepalive-cnt,--keepalive-time,--key,--key-type,--knownhosts,--krb,--libcurl,--limit-rate,--list-only,--local-port,--location,--location-trusted,--login-options,--mail-auth,--mail-from,--mail-rcpt,--mail-rcpt-allowfails,--manual,--max-filesize,--max-redirs,--max-time,--metalink,--mptcp,--negotiate,--netrc,--netrc-file,--netrc-optional,--next,--no-alpn,--no-buffer,--no-clobber,--no-keepalive,--no-npn,--no-progress-meter,--no-sessionid,--noproxy,--ntlm,--ntlm-wb,--oauth2-bearer,--out-null,--output,--output-dir,--parallel,--parallel-immediate,--parallel-max,--parallel-max-host,--pass,--path-as-is,--pinnedpubkey,--post301,--post302,--post303,--preproxy,--progress-bar,--proto,--proto-default,--proto-redir,--proxy,--proxy-anyauth,--proxy-basic,--proxy-ca-native,--proxy-cacert,--proxy-capath,--proxy-cert,--proxy-cert-type,--proxy-ciphers,--proxy-crlfile,--proxy-digest,--proxy-header,--proxy-http2,--proxy-insecure,--proxy-key,--proxy-key-type,--proxy-negotiate,--proxy-ntlm,--proxy-pass,--proxy-pinnedpubkey,--proxy-service-name,--proxy-ssl-allow-beast,--proxy-ssl-auto-client-cert,--proxy-tls13-ciphers,--proxy-tlsauthtype,--proxy-tlspassword,--proxy-tlsuser,--proxy-tlsv1,--proxy-user,--proxytunnel,--pubkey,--quote,--random-file,--range,--rate,--raw,--referer,--remote-header-name,--remote-name,--remote-name-all,--remote-time,--remove-on-error,--request,--request-target,--resolve,--retry,--retry-all-errors,--retry-connrefused,--retry-delay,--retry-max-time,--sasl-authzid,--sasl-ir,--service-name,--show-error,--show-headers,--sigalgs,--silent,--skip-existing,--socks4,--socks4a,--socks5,--socks5-basic,--socks5-gssapi,--socks5-gssapi-nec,--socks5-gssapi-service,--socks5-hostname,--speed-limit,--speed-time,--ssl,--ssl-allow-beast,--ssl-auto-client-cert,--ssl-no-revoke,--ssl-reqd,--ssl-revoke-best-effort,--ssl-sessions,--sslv2,--sslv3,--stderr,--styled-output,--suppress-connect-headers,--tcp-fastopen,--tcp-nodelay,--telnet-option,--tftp-blksize,--tftp-no-options,--time-cond,--tls-earlydata,--tls-max,--tls13-ciphers,--tlsauthtype,--tlspassword,--tlsuser,--tlsv1,--tr-encoding,--trace,--trace-ascii,--trace-config,--trace-ids,--trace-time,--unix-socket,--upload-file,--upload-flags,--url,--url-query,--use-ascii,--user,--user-agent,--variable,--verbose,--version,--vlan-priority,--write-out,--xattr,-0,-1,-2,-3,-4,-6,-A,-B,-C,-D,-E,-F,-G,-H,-I,-J,-K,-L,-M,-N,-O,-P,-Q,-R,-S,-T,-U,-V,-X,-Y,-Z,-a,-b,-c,-d,-e,-f,-g,-h,-i,-j,-k,-l,-m,-n,-o,-p,-q,-r,-s,-t,-u,-v,-w,-x,-y,-z	path
cut	-	--bytes,--characters,--complement,--delimiter,--fields,--help,--only-delimited,--output-delimiter,--version,--zero-terminated,-b,-c,-d,-f,-n,-s,-z	path
d2	fmt,layout,play,themes,validate	--animate-interval,--ascii-mode,--browser,--bundle,--center,--check,--dark-theme,--debug,--font-bold,--font-italic,--font-mono,--font-mono-bold,--font-mono-italic,--font-mono-semibold,--font-regular,--font-semibold,--force-appendix,--host,--img-cache,--layout,--no-xml-tag,--omit-version,--pad,--port,--salt,--scale,--sketch,--stdout-format,--target,--theme,--timeout,--version,--watch,-b,-c,-d,-h,-l,-p,-s,-t,-v,-w	path
d2 fmt	-	-	path
d2 layout	-	-	path
d2 play	-	-	path
d2 themes	-	-	-
d2 validate	-	-	path
dagger	call,completion,config,develop,functions,help,init,install,login,logout,q,query,r,run,use,version	--api,--debug,--help,--progress,--silent,--workdir,-h,-s	-
dagger call	-	--focus,--json,--mod,--output,-m,-o	path
dagger completion	bash,fish,powershell,zsh	-	-
dagger completion bash	-	--no-descriptions	-
dagger completion fish	-	--no-descriptions	-
dagger completion powershell	-	--no-descriptions	-
dagger completion zsh	-	--no-descriptions	-
dagger config	-	--focus,--mod,-m	-
dagger develop	-	--focus,--mod,--sdk,--source,-m	-
dagger functions	-	--focus,--mod,-m	path
dagger help	-	-	-
dagger init	-	--license,--name,--sdk,--source	path
dagger install	-	--focus,--mod,--name,-m,-n	-
dagger login	-	-	-
dagger logout	-	-	-
dagger q	-	--doc,--focus,--mod,--var,--var-json,-m	-
dagger query	-	--doc,--focus,--mod,--var,--var-json,-m	-
dagger r	-	--cleanup-timeout,--focus	-
dagger run	-	--cleanup-timeout,--focus	-
dagger use	-	--focus,--mod,--name,-m,-n	-
dagger version	-	-	-
darktable	-	--cachedir,--conf,--configdir,--datadir,--disable-opencl,--help,--library,--localedir,--luacmd,--moduledir,--noiseprofiles,--tmpdir,--version,-d,-h,-t	path
darktable-cli	-	--apply-custom-presets,--bpp,--height,--hq,--style,--style-overwrite,--upscale,--verbose,--version,--width	path
dart	analyze,compile,create,fix,format,migrate,pub,run,test	--disable-analytics,--enable-analytics,--help,--verbose,--version,-h,-v	-
dart analyze	-	--fatal-infos,--fatal-warnings,--help,--no-fatal-warnings,-h	path
dart compile	aot-snapshot,exe,jit-snapshot,js,kernel	--help,-h	path
dart compile aot-snapshot	-	--define,--enable-asserts,--help,--no-sound-null-safety,--output,--packages,--save-debugging-info,--sound-null-safety,--verbosity,-D,-S,-h,-o,-p	path
dart compile exe	-	--define,--enable-asserts,--help,--no-sound-null-safety,--output,--packages,--save-debugging-info,--sound-null-safety,--verbosity,-D,-S,-h,-o,-p	path
dart compile jit-snapshot	-	--help,--output,--verbosity,-h,-o	path
dart compile js	-	--define,--help,--minified,--output,--verbosity,-D,-h,-m,-o	path
dart compile kernel	-	--help,--output,--verbosity,-h,-o	path
dart create	-	--force,--help,--no-pub,--pub,--template,-h,-t	path
dart fix	-	--apply,--dry-run,--help,-h,-n	path
dart format	-	--fix,--help,--line-length,--output,--set-exit-if-changed,--verbose,-h,-l,-o,-v	path
dart migrate	-	--apply-changes,--help,--ignore-errors,--no-web-preview,--preview-hostname,--preview-port,--skip-import-check,--summary,--verbose,--web-preview,-h,-v	path
dart pub	add,cache,deps,downgrade,get,global,login,logout,outdated,publish,remove,upgrade,uploader	--help,--no-trace,--trace,--verbose,-h,-v	-
dart pub add	-	--dev,--directory,--dry-run,--git-path,--git-ref,--git-url,--help,--hosted-url,--no-offline,--no-precompile,--offline,--path,--precompile,--sdk,-C,-d,-h,-n	path
dart pub cache	add,clean,repair	--help,-h	-
dart pub cache add	-	--all,--help,--version,-h,-v	path
dart pub cache clean	-	--force,--help,-f,-h	-
dart pub cache repair	-	--help,-h	-
dart pub deps	-	--dev,--directory,--executables,--help,--json,--no-dev,--style,-C,-h,-s	-
dart pub downgrade	-	--directory,--dry-run,--help,--no-offline,--offline,-C,-h,-n	path
dart pub get	-	--dry-run,--help,--no-offline,--no-precompile,--offline,--precompile,-h,-n	-
dart pub global	activate,deactivate,list,run	--help,-h	-
dart pub global activate	-	--executable,--help,--hosted-url,--no-executables,--overwrite,--source,-h,-s,-u,-x	-
dart pub global deactivate	-	--help,-h	path
dart pub global list	-	--help,-h	-
dart pub global run	-	--enable-asserts,--enable-experiment,--help,--no-enable-asserts,--no-sound-null-safety,--sound-null-safety,-h	path
dart pub login	-	--help,-h	-
dart pub logout	-	--help,-h	-
dart pub outdated	-	--color,--dependency-overrides,--dev-dependencies,--directory,--help,--json,--mode,--no-color,--no-dependency-overrides,--no-dev-dependencies,--no-prereleases,--no-show-all,--no-transitive,--prereleases,--show-all,--transitive,-C,-h	-
dart pub publish	-	--directory,--dry-run,--force,--help,-C,-f,-h,-n	-
dart pub remove	-	--dry-run,--help,--no-offline,--no-precompile,--offline,--precompile,-h,-n	path
dart pub upgrade	-	--dry-run,--help,--major-versions,--no-offline,--no-precompile,--null-safety,--offline,--precompile,-h,-n	path
dart pub uploader	-	--help,--package,-h	-
dart run	-	--define,--enable-asserts,--enable-vm-service,--help,--no-enable-asserts,--no-pause-isolates-on-exit,--no-pause-isolates-on-start,--no-pause-isolates-on-unhandled-exceptions,--no-warn-on-pause-with-no-debugger,--observe,--pause-isolates-on-exit,--pause-isolates-on-start,--pause-isolates-on-unhandled-exceptions,--verbosity,--warn-on-pause-with-no-debugger,-D,-h	path
dart test	-	-	path
datagrip	-	-	path
dataspell	-	-	path
date	-	--date,--debug,--file,--help,--iso-8601,--reference,--rfc-3339,--rfc-email,--set,--universal,--version,-I,-R,-d,-f,-r,-s,-u	-
dbt	build,clean,compile,debug,deps,docs,init,list,parse,run,run-operation,seed,snapshot,source,test	--cache-selected-only,--debug,--fail-fast,--help,--log-format,--no-anonymous-usage-stats,--no-cache-selected-only,--no-partial-parse,--no-print,--no-static-parser,--no-use-colors,--no-version-check,--no-write-json,--partial-parse,--printer-width,--profiles-dir,--quiet,--record-timing-info,--use-colors,--use-experimental-parser,--version,--warn-error,--warn-error-options,-d,-h,-q,-r,-x	-
dbt build	-	--defer,--exclude,--fail-fast,--favor-state,--full-refresh,--help,--indirect-selection,--log-path,--no-defer,--no-favor-state,--no-version-check,--profile,--project-dir,--resource-type,--select,--selector,--state,--store-failures,--target,--target-path,--threads,-f,-h,-s,-t,-x	-
dbt clean	-	--profile,--project-dir,--target,--vars,-t	-
dbt compile	-	--defer,--exclude,--favor-state,--full-refresh,--help,--log-path,--models,--no-defer,--no-favor-state,--no-version-check,--parse-only,--profile,--project-dir,--select,--selector,--state,--target,--target-path,--threads,--vars,-f,-h,-m,-s,-t	-
dbt debug	-	--config-dir,--no-version-check,--profile,--project-dir,--target,--vars,-t	-
dbt deps	-	--profile,--project-dir,--target,--vars,-t	-
dbt docs	generate,serve	-	-
dbt docs generate	-	--defer,--exclude,--favor-state,--help,--log-path,--models,--no-compile,--no-defer,--no-favor-state,--no-version-check,--profile,--project-dir,--select,--selector,--state,--target,--target-path,--threads,-h,-m,-s,-t	-
dbt docs serve	-	--no-browser,--port,--profile,--project-dir,--target,--vars,-t	-
dbt init	-	--profile,--project-dir,--skip-profile-setup,--target,--vars,-s,-t	-
dbt list	-	--exclude,--help,--indirect-selection,--models,--output,--output-keys,--profile,--project-dir,--resource-type,--select,--selector,--state,--target,--vars,-h,-m,-s,-t	-
dbt parse	-	--compile,--help,--log-path,--no-version-check,--profile,--project-dir,--target,--target-path,--threads,--vars,--write-manifest,-h,-t	-
dbt run	-	--defer,--exclude,--fail-fast,--favor-state,--full-refresh,--help,--log-path,--models,--no-defer,--no-favor-state,--no-version-check,--profile,--project-dir,--select,--selector,--state,--target,--target-path,--threads,--vars,-f,-h,-m,-s,-t,-x	-
dbt run-operation	-	--args,--profile,--project-dir,--target,--vars,-t	-
dbt seed	-	--exclude,--full-refresh,--help,--log-path,--models,--no-version-check,--profile,--project-dir,--select,--selector,--show,--state,--target,--target-path,--threads,--vars,-f,-h,-m,-s,-t	-
dbt snapshot	-	--defer,--exclude,--favor-state,--help,--models,--no-defer,--no-favor-state,--profile,--project-dir,--select,--selector,--state,--target,--threads,--vars,-h,-m,-s,-t	-
dbt source	freshness,snapshot-freshness	-	-
dbt source freshness	-	--exclude,--output,--profile,--project-dir,--select,--selector,--state,--target,--threads,--vars,-o,-s,-t	-
dbt source snapshot-freshness	-	--exclude,--output,--profile,--project-dir,--select,--selector,--state,--target,--threads,--vars,-o,-s,-t	-
dbt test	-	--defer,--exclude,--fail-fast,--favor-state,--help,--indirect-selection,--log-path,--models,--no-defer,--no-favor-state,--no-version-check,--profile,--project-dir,--select,--selector,--state,--store-failures,--target,--target-path,--threads,--vars,-h,-m,-s,-t,-x	-
dc	-	--expression,--file,--help,--version,-V,-e,-f,-h	path
dd	-	--help,--version	-
deadcode	-	-cpuprofile,-filter,-generated,-line,-memprofile,-tags,-test	path
delta	-	--blame-code-style,--blame-format,--blame-palette,--blame-separator-format,--blame-separator-style,--blame-timestamp-format,--blame-timestamp-output-format,--color-only,--commit-decoration-style,--commit-regex,--commit-style,--dark,--default-language,--diff-highlight,--diff-so-fancy,--diff-stat-align-width,--features,--file-added-label,--file-copied-label,--file-decoration-style,--file-modified-label,--file-removed-label,--file-renamed-label,--file-style,--file-transformation,--grep-context-line-style,--grep-file-style,--grep-line-number-style,--grep-match-line-style,--grep-match-word-style,--grep-separator-symbol,--help,--hunk-header-decoration-style,--hunk-header-file-style,--hunk-header-line-number-style,--hunk-header-style,--hunk-label,--hyperlinks,--hyperlinks-commit-link-format,--hyperlinks-file-link-format,--inline-hint-style,--inspect-raw-lines,--keep-plus-minus-markers,--light,--line-buffer-size,--line-fill-method,--line-numbers,--line-numbers-left-format,--line-numbers-left-style,--line-numbers-minus-style,--line-numbers-plus-style,--line-numbers-right-format,--line-numbers-right-style,--line-numbers-zero-style,--list-languages,--list-syntax-themes,--map-styles,--max-line-distance,--max-line-length,--merge-conflict-begin-symbol,--merge-conflict-end-symbol,--merge-conflict-ours-diff-header-decoration-style,--merge-conflict-ours-diff-header-style,--merge-conflict-theirs-diff-header-decoration-style,--merge-conflict-theirs-diff-header-style,--minus-emph-style,--minus-empty-line-marker-style,--minus-non-emph-style,--minus-style,--navigate,--navigate-regex,--no-gitconfig,--pager,--paging,--parse-ansi,--plus-emph-style,--plus-empty-line-marker-style,--plus-non-emph-style,--plus-style,--raw,--relative-paths,--right-arrow,--show-colors,--show-config,--show-syntax-themes,--show-themes,--side-by-side,--syntax-theme,--tabs,--true-color,--version,--whitespace-error-style,--width,--word-diff-regex,--wrap-left-symbol,--wrap-max-lines,--wrap-right-percent,--wrap-right-prefix-symbol,--wrap-right-symbol,--zero-style,-V,-h,-n,-s,-w	path
deno	bench,bundle,cache,check,compile,completions,coverage,doc,eval,fmt,help,info,install,lint,lsp,repl,run,task,test,types,uninstall,upgrade,vendor	--help,--log-level,--quiet,--unstable,--version,-L,-V,-h,-q	-
deno bench	-	--allow-all,--allow-env,--allow-ffi,--allow-hrtime,--allow-net,--allow-read,--allow-run,--allow-write,--cached-only,--cert,--check,--compat,--config,--filter,--help,--ignore,--import-map,--location,--lock,--lock-write,--no-check,--no-clear-screen,--no-config,--no-prompt,--no-remote,--quiet,--reload,--seed,--unsafely-ignore-certificate-errors,--unstable,--v8-flags,--watch,-A,-c,-h,-q,-r	path
deno bundle	-	--cert,--config,--import-map,--lock,--lock-write,--no-check,--no-remote,--reload,--watch,-c,-r	path
deno cache	-	--cert,--config,--import-map,--lock,--lock-write,--no-check,--no-remote,--reload,-c,-r	path
deno check	-	--cert,--config,--help,--import-map,--lock,--no-config,--no-remote,--quiet,--reload,--remote,--unstable,-c,-h,-q,-r	path
deno compile	-	--allow-all,--allow-env,--allow-ffi,--allow-hrtime,--allow-net,--allow-read,--allow-run,--allow-write,--cached-only,--cert,--config,--import-map,--location,--lock,--lock-write,--no-check,--no-remote,--output,--prompt,--reload,--seed,--target,--unsafely-ignore-certificate-errors,--v8-flags,-A,-c,-o,-r	path
deno completions	-	-	-
deno coverage	-	--exclude,--ignore,--include,--lcov	path
deno doc	-	--import-map,--json,--private,--reload,-r	path
deno eval	-	--cached-only,--cert,--config,--ext,--import-map,--inspect,--inspect-brk,--location,--lock,--lock-write,--no-check,--no-remote,--print,--reload,--seed,-c,-p,-r	-
deno fmt	-	--check,--config,--ext,--ignore,--options-indent-width,--options-line-width,--options-prose-wrap,--options-single-quote,--options-use-tabs,--watch,-c	path
deno help	-	-	-
deno info	-	--cert,--import-map,--json,--location,--reload,-r	path
deno install	-	--allow-all,--allow-env,--allow-ffi,--allow-hrtime,--allow-net,--allow-read,--allow-run,--allow-write,--cached-only,--cert,--config,--force,--import-map,--inspect,--inspect-brk,--location,--lock,--lock-write,--name,--no-check,--no-remote,--prompt,--reload,--root,--seed,--unsafely-ignore-certificate-errors,--v8-flags,-A,-c,-f,-n,-r	-
deno lint	-	--config,--ignore,--json,--rules,--rules-exclude,--rules-include,--rules-tags,-c	path
deno lsp	-	-	-
deno repl	-	--cached-only,--cert,--config,--eval,--import-map,--inspect,--inspect-brk,--location,--lock,--lock-write,--no-check,--no-remote,--reload,--seed,--v8-flags,-c,-r	-
deno run	-	--allow-all,--allow-env,--allow-ffi,--allow-hrtime,--allow-net,--allow-read,--allow-run,--allow-write,--cached-only,--cert,--config,--import-map,--inspect,--inspect-brk,--location,--lock,--lock-write,--no-check,--no-remote,--prompt,--reload,--seed,--unsafely-ignore-certificate-errors,--v8-flags,--watch,-A,-c,-r	path
deno task	-	--config,--help,--no-config,--quiet,--unstable,-c,-h,-q	path
deno test	-	--allow-all,--allow-env,--allow-ffi,--allow-hrtime,--allow-net,--allow-none,--allow-read,--allow-run,--allow-write,--cached-only,--cert,--config,--coverage,--doc,--fail-fast,--filter,--ignore,--import-map,--inspect,--inspect-brk,--jobs,--location,--lock,--lock-write,--no-check,--no-remote,--no-run,--prompt,--reload,--seed,--shuffle,--unsafely-ignore-certificate-errors,--v8-flags,--watch,-A,-c,-j,-r	path
deno types	-	-	-
deno uninstall	-	--help,--quiet,--root,--unstable,-h,-q	-
deno upgrade	-	--canary,--cert,--dry-run,--force,--help,--output,--quiet,--unstable,--version,-f,-h,-q	-
deno vendor	-	--cert,--config,--force,--help,--import-map,--lock,--no-config,--output,--quiet,--reload,--unstable,-c,-f,-h,-q,-r	-
devbox	add,auth,cache,completion,create,envsec,gen,generate,global,help,info,init,install,list,ls,rm,run,search,secrets,services,shell,shellenv,update,version	--debug,--quiet,--trace,-q	-
devbox add	-	--allow-insecure,--config,--disable-plugin,--environment,--exclude-platform,--outputs,--patch,--patch-glibc,--platform,-c,-e,-o,-p	-
devbox auth	login,logout,tokens,whoami	-	-
devbox auth login	-	-	-
devbox auth logout	-	-	-
devbox auth tokens	new	-	-
devbox auth tokens new	-	-	-
devbox auth whoami	-	--show-tokens	-
devbox cache	copy,enable,info,upload	-	-
devbox cache copy	-	--config,--to,-c	-
devbox cache enable	-	-	-
devbox cache info	-	-	-
devbox cache upload	-	--config,--to,-c	-
devbox completion	bash,fish,powershell,zsh	-	-
devbox completion bash	-	--no-descriptions	-
devbox completion fish	-	--no-descriptions	-
devbox completion powershell	-	--no-descriptions	-
devbox completion zsh	-	--no-descriptions	-
devbox create	-	--repo,--show-all,--subdir,--template,-r,-s,-t	path
devbox envsec	download,init,list,ls,remove,rm,set,upload	--config,--environment,-c	-
devbox envsec download	-	--format,-f	-
devbox envsec init	-	--force,-f	-
devbox envsec list	-	--format,--show,-f,-s	-
devbox envsec ls	-	--format,--show,-f,-s	-
devbox envsec remove	-	-	-
devbox envsec rm	-	-	-
devbox envsec set	-	-	-
devbox envsec upload	-	--format,-f	-
devbox gen	alias,devcontainer,direnv,dockerfile,readme	--config,--environment,-c	-
devbox gen alias	-	--config,--environment,--no-prefix,--prefix,-c,-p	-
devbox gen devcontainer	-	--force,--root-user,-f	-
devbox gen direnv	-	--config,--env,--env-file,--environment,--envrc-dir,--force,--print-envrc,-c,-e,-f,-p	-
devbox gen dockerfile	-	--config,--environment,--for,--force,--root-user,-c,-f	-
devbox gen readme	-	--config,--environment,--save-template,--template,-c,-t	path
devbox generate	alias,devcontainer,direnv,dockerfile,readme	--config,--environment,-c	-
devbox generate alias	-	--config,--environment,--no-prefix,--prefix,-c,-p	-
devbox generate devcontainer	-	--force,--root-user,-f	-
devbox generate direnv	-	--config,--env,--env-file,--environment,--envrc-dir,--force,--print-envrc,-c,-e,-f,-p	-
devbox generate dockerfile	-	--config,--environment,--for,--force,--root-user,-c,-f	-
devbox generate readme	-	--config,--environment,--save-template,--template,-c,-t	path
devbox global	add,install,list,ls,path,pull,push,rm,run,services,shellenv,update	-	-
devbox global add	-	--allow-insecure,--config,--disable-plugin,--environment,--exclude-platform,--outputs,--patch,--patch-glibc,--platform,-c,-e,-o,-p	-
devbox global install	-	--config,--environment,--tidy-lockfile,-c	-
devbox global list	-	--config,--environment,--outdated,-c	-
devbox global ls	-	--config,--environment,--outdated,-c	-
devbox global path	-	--config,--environment,-c	-
devbox global pull	-	--config,--environment,--force,-c,-f	-
devbox global push	-	--config,--environment,-c	-
devbox global rm	-	--config,--environment,-c	-
devbox global run	-	--all-projects,--config,--env,--env-file,--environment,--list,--omit-nix-env,--pure,--recompute,-c,-e,-l	-
devbox global services	attach,down,ls,pcport,restart,start,stop,up	--config,--env,--env-file,--environment,--run-in-current-shell,-c,-e	-
devbox global services attach	-	-	-
devbox global services down	-	--all-projects	-
devbox global services ls	-	-	-
devbox global services pcport	-	-	-
devbox global services restart	-	-	-
devbox global services start	-	-	-
devbox global services stop	-	--all-projects	-
devbox global services up	-	--background,--pcflags,--pcport,--process-compose-file,-b,-p	-
devbox global shellenv	-	--config,--env,--env-file,--environment,--format,--init-hook,--install,--no-refresh-alias,--omit-nix-env,--preserve-path-stack,--pure,--recompute,-c,-e,-r	-
devbox global update	-	--all-projects,--config,--environment,--no-install,--sync-lock,-c	-
devbox help	-	-	-
devbox info	-	--config,--environment,--markdown,-c	-
devbox init	-	--auto,--dry-run	path
devbox install	-	--config,--environment,--tidy-lockfile,-c	-
devbox list	-	--config,--environment,--outdated,-c	-
devbox ls	-	--config,--environment,--outdated,-c	-
devbox rm	-	--config,--environment,-c	path
devbox run	-	--all-projects,--config,--env,--env-file,--environment,--list,--omit-nix-env,--pure,--recompute,-c,-e,-l	-
devbox search	-	--show-all	-
devbox secrets	download,init,list,ls,remove,rm,set,upload	--config,--environment,-c	-
devbox secrets download	-	--format,-f	-
devbox secrets init	-	--force,-f	-
devbox secrets list	-	--format,--show,-f,-s	-
devbox secrets ls	-	--format,--show,-f,-s	-
devbox secrets remove	-	-	-
devbox secrets rm	-	-	-
devbox secrets set	-	-	-
devbox secrets upload	-	--format,-f	-
devbox services	attach,down,ls,pcport,restart,start,stop,up	--config,--env,--env-file,--environment,--run-in-current-shell,-c,-e	-
devbox services attach	-	-	-
devbox services down	-	--all-projects	-
devbox services ls	-	-	-
devbox services pcport	-	-	-
devbox services restart	-	-	-
devbox services start	-	-	-
devbox services stop	-	--all-projects	-
devbox services up	-	--background,--pcflags,--pcport,--process-compose-file,-b,-p	-
devbox shell	-	--config,--env,--env-file,--environment,--omit-nix-env,--print-env,--pure,--recompute,-c,-e	path
devbox shellenv	-	--config,--env,--env-file,--environment,--format,--init-hook,--install,--no-refresh-alias,--omit-nix-env,--preserve-path-stack,--pure,--recompute,-c,-e,-r	-
devbox update	-	--all-projects,--config,--environment,--no-install,--sync-lock,-c	-
devbox version	update	--verbose,-v	-
devbox version update	-	-	-
df	-	--all,--block-size,--exclude-type,--help,--human-readable,--inodes,--local,--no-sync,--output,--portability,--print-type,--si,--sync,--total,--type,--version,-B,-H,-P,-T,-a,-h,-i,-k,-l,-t,-v,-x	path
dfc	-	-M,-T,-W,-a,-b,-c,-d,-e,-f,-h,-i,-l,-m,-n,-o,-p,-q,-s,-t,-u,-v,-w	-
dict	-	--client,--config,--database,--dbs,--debug,--formatted,--help,--host,--info,--key,--license,--match,--mime,--noauth,--nocorrect,--pipesize,--port,--raw,--serverhelp,--serverinfo,--strategy,--strats,--user,--verbose,--version,-4,-6,-C,-D,-H,-I,-L,-M,-S,-V,-a,-c,-d,-f,-h,-i,-k,-m,-p,-r,-s,-u,-v	-
diff	-	--GTYPE-group-format,--LTYPE-line-format,--brief,--changed-group-format,--color,--context,--ed,--exclude,--exclude-from,--expand-tabs,--forward-ed,--from-file,--help,--horizon-lines,--ifdef,--ignore-all-space,--ignore-blank-lines,--ignore-case,--ignore-file-name-case,--ignore-matching-lines,--ignore-space-change,--ignore-tab-expansion,--ignore-trailing-space,--initial-tab,--label,--left-column,--line-format,--minimal,--new-file,--new-group-format,--new-line-format,--no-dereference,--no-ignore-file-name-case,--normal,--old-group-format,--old-line-format,--paginate,--palette,--rcs,--recursive,--report-identical-files,--show-c-function,--show-function-line,--side-by-side,--speed-large-files,--starting-file,--strip-trailing-cr,--suppress-blank-empty,--suppress-common-lines,--tabsize,--text,--to-file,--unchanged-group-format,--unchanged-line-format,--unidirectional-new-file,--unified,--version,--width,-B,-C,-D,-E,-F,-H,-I,-L,-N,-P,-S,-T,-U,-W,-X,-Z,-a,-b,-c,-d,-e,-f,-i,-l,-n,-p,-q,-r,-s,-t,-u,-v,-w,-x,-y	path
diff3	-	--diff-program,--easy-only,--ed,--help,--initial-tab,--label,--merge,--overlap-only,--show-all,--show-overlap,--strip-trailing-cr,--text,--version,-3,-A,-E,-L,-T,-X,-a,-e,-i,-m,-v,-x	path
dig	-	-4,-6,-b,-c,-f,-k,-m,-p,-q,-r,-t,-u,-v,-x,-y	-
dir	-	--all,--almost-all,--author,--block-size,--classify,--color,--context,--dereference,--dereference-command-line,--dereference-command-line-symlink-to-dir,--directory,--dired,--escape,--file-type,--format,--full-time,--group-directories-first,--help,--hide,--hide-control-chars,--human-readable,--hyperlink,--ignore,--ignore-backups,--indicator-style,--inode,--kibibytes,--literal,--no-group,--numeric-uid-gid,--quote-name,--quoting-style,--recursive,--reverse,--show-control-chars,--si,--size,--sort,--tabsize,--time,--time-style,--version,--width,-1,-A,-B,-C,-D,-F,-G,-H,-I,-L,-N,-Q,-R,-S,-T,-U,-X,-Z,-a,-b,-c,-d,-f,-g,-h,-i,-k,-l,-m,-n,-o,-p,-q,-r,-s,-t,-u,-v,-w,-x	path
dircolors	-	--bourne-shell,--c-shell,--help,--print-database,--version,-b,-c,-p	path
direnv	allow,block,deny,edit,exec,fetchurl,grant,help,hook,permit,prune,reload,revoke,status,stdlib,version	--help	-
direnv allow	-	-	path
direnv block	-	-	path
direnv deny	-	-	path
direnv edit	-	-	path
direnv exec	-	-	path
direnv fetchurl	-	-	-
direnv grant	-	-	path
direnv help	-	-	-
direnv hook	-	-	-
direnv permit	-	-	path
direnv prune	-	-	-
direnv reload	-	-	-
direnv revoke	-	-	path
direnv status	-	-	-
direnv stdlib	-	-	-
direnv version	-	-	-
dirname	-	--help,--version,--zero,-z	-
dive	build,completion,help,version	--ci,--ci-config,--config,--help,--highestUserWastedPercent,--highestWastedBytes,--ignore-errors,--json,--lowestEfficiency,--source,--version,-h,-i,-j,-v	path
dive build	-	-	-
dive completion	bash,fish,powershell,zsh	-	-
dive completion bash	-	--no-descriptions	-
dive completion fish	-	--no-descriptions	-
dive completion powershell	-	--no-descriptions	-
dive completion zsh	-	--no-descriptions	-
dive help	-	-	-
dive version	-	-	-
dlv	attach,backend,completion,connect,core,dap,debug,exec,help,log,redirect,run,test,trace,version	--accept-multiclient,--allow-non-terminal-interactive,--api-version,--backend,--build-flags,--check-go-version,--disable-aslr,--headless,--help,--init,--listen,--log,--log-dest,--log-output,--only-same-user,--redirect,--wd,-h,-l,-r	-
dlv attach	-	--continue	-
dlv backend	-	-	-
dlv completion	bash,fish,powershell,zsh	-	-
dlv completion bash	-	--no-descriptions	-
dlv completion fish	-	--no-descriptions	-
dlv completion powershell	-	--no-descriptions	-
dlv completion zsh	-	--no-descriptions	-
dlv connect	-	-	-
dlv core	-	-	path
dlv dap	-	--client-addr	-
dlv debug	-	--continue,--output,--tty	-
dlv exec	-	--continue,--tty	path
dlv help	-	-	-
dlv log	-	-	-
dlv redirect	-	-	-
dlv run	-	-	-
dlv test	-	--output	-
dlv trace	-	--ebpf,--exec,--output,--pid,--stack,--test,-e,-p,-s,-t	-
dlv version	-	--verbose,-v	-
dmenu	-	-b,-f,-fn,-h,-i,-l,-m,-nb,-nf,-p,-sb,-sf,-v,-w,-x,-y	-
dmesg	-	--buffer-size,--clear,--color,--console-level,--console-off,--console-on,--ctime,--decode,--facility,--file,--follow,--follow-new,--force-prefix,--help,--human,--kernel,--level,--noescape,--nopager,--notime,--raw,--read-clear,--reltime,--show-delta,--since,--syslog,--time-format,--until,--userspace,--version,-C,-D,-E,-F,-H,-L,-P,-S,-T,-V,-W,-c,-d,-e,-f,-h,-k,-l,-n,-p,-r,-s,-t,-u,-w,-x	-
dms	-	-allowedIps,-config,-deviceIcon,-fFprobeCachePath,-forceTranscodeTo,-friendlyName,-http,-ifname,-ignoreHidden,-ignoreUnreadable,-logHeaders,-noProbe,-noTranscode,-notifyInterval,-path,-stallEventSubscribe	-
dnf	advisory,autoremove,check,check-upgrade,clean,debuginfo-install,dg,distro-sync,do,downgrade,download,environment,group,history,if,in,info,install,leaves,list,ls,makecache,mark,mc,module,offline,provides,rei,reinstall,remove,replay,repo,repoquery,rm,rq,se,search,swap,system-upgrade,up,upgrade,versionlock	--assumeno,--assumeyes,--best,--cacheonly,--color,--comment,--config,--debugsolver,--disable-plugin,--disable-repo,--dump-main-config,--dump-repo-config,--dump-variables,--enable-plugin,--enable-repo,--exclude,--forcearch,--help,--installroot,--no-best,--no-docs,--no-gpgchecks,--no-plugins,--quiet,--refresh,--releasever,--releasever-major,--releasever-minor,--repo,--repofrompath,--setopt,--setvar,--show-new-leaves,--skip-file-locks,--use-host-config,--version,-C,-c,-h,-q,-x,-y	-
dnf advisory	info,list,summary	-	-
dnf advisory info	-	--advisory-severities,--all,--available,--bugfix,--bzs,--contains-pkgs,--cves,--enhancement,--installed,--json,--newpackage,--security,--updates,--with-bz,--with-cve	path
dnf advisory list	-	--advisory-severities,--all,--available,--bugfix,--bzs,--contains-pkgs,--cves,--enhancement,--installed,--json,--newpackage,--security,--updates,--with-bz,--with-cve	path
dnf advisory summary	-	--advisory-severities,--all,--available,--bugfix,--bzs,--contains-pkgs,--cves,--enhancement,--installed,--newpackage,--security,--updates,--with-bz,--with-cve	path
dnf autoremove	-	--offline,--store	-
dnf check	-	--dependencies,--duplicates,--obsoleted	-
dnf check-upgrade	-	--changelogs,--json,--minimal	-
dnf clean	-	-	-
dnf debuginfo-install	-	--allowerasing,--skip-broken,--skip-unavailable	path
dnf dg	-	--allow-downgrade,--allowerasing,--downloadonly,--no-allow-downgrade,--skip-broken,--skip-unavailable	path
dnf distro-sync	-	--allowerasing,--downloadonly,--skip-broken,--skip-unavailable	path
dnf do	-	--action,--advisories,--advisory-severities,--allow-downgrade,--allowerasing,--bugfix,--bzs,--cves,--downloadonly,--enhancement,--from-repo,--from-vendor,--installed-from-repo,--newpackage,--no-allow-downgrade,--offline,--security,--skip-broken,--skip-unavailable,--type	path
dnf downgrade	-	--allow-downgrade,--allowerasing,--downloadonly,--no-allow-downgrade,--skip-broken,--skip-unavailable	path
dnf download	-	--alldeps,--allmirrors,--arch,--debuginfo,--debugsource,--destdir,--resolve,--skip-unavailable,--srpm,--url,--urlprotocol	path
dnf environment	info,install,list,remove,upgrade	-	-
dnf environment info	-	--available,--installed	-
dnf environment install	-	--allow-downgrade,--allowerasing,--downloadonly,--no-allow-downgrade,--no-packages,--skip-broken,--skip-unavailable,--with-optional	-
dnf environment list	-	--available,--installed	-
dnf environment remove	-	--no-packages,--with-optional	-
dnf environment upgrade	-	--allow-downgrade,--allowerasing,--downloadonly,--no-allow-downgrade,--no-packages,--skip-broken,--skip-unavailable,--with-optional	-
dnf group	info,install,list,remove,upgrade	-	-
dnf group info	-	--available,--contains-pkgs,--hidden,--installed	-
dnf group install	-	--allow-downgrade,--allowerasing,--downloadonly,--no-allow-downgrade,--no-packages,--skip-broken,--skip-unavailable,--with-optional	-
dnf group list	-	--available,--contains-pkgs,--hidden,--installed	-
dnf group remove	-	--no-packages,--with-optional	-
dnf group upgrade	-	--allow-downgrade,--allowerasing,--downloadonly,--no-allow-downgrade,--no-packages,--skip-broken,--skip-unavailable,--with-optional	-
dnf history	info,list,redo,rollback,store,undo	-	-
dnf history info	-	--contains-pkgs,--json,--reverse	-
dnf history list	-	--contains-pkgs,--json,--reverse	-
dnf history redo	-	--skip-unavailable	-
dnf history rollback	-	--ignore-extras,--ignore-installed,--skip-unavailable	-
dnf history store	-	-	-
dnf history undo	-	--ignore-extras,--ignore-installed,--skip-unavailable	-
dnf if	-	--autoremove,--available,--extras,--installed,--obsoletes,--recent,--showduplicates,--upgrades	path
dnf in	-	--allow-downgrade,--allowerasing,--downloadonly,--no-allow-downgrade,--skip-broken,--skip-unavailable	path
dnf info	-	--autoremove,--available,--extras,--installed,--obsoletes,--recent,--showduplicates,--upgrades	path
dnf install	-	--allow-downgrade,--allowerasing,--downloadonly,--no-allow-downgrade,--skip-broken,--skip-unavailable	path
dnf leaves	-	-	-
dnf list	-	--autoremove,--available,--extras,--installed,--json,--obsoletes,--recent,--showduplicates,--upgrades	path
dnf ls	-	--autoremove,--available,--extras,--installed,--json,--obsoletes,--recent,--showduplicates,--upgrades	path
dnf makecache	-	-	-
dnf mark	dependency,group,user,weak	-	-
dnf mark dependency	-	--skip-unavailable	path
dnf mark group	-	--skip-unavailable	path
dnf mark user	-	--skip-unavailable	path
dnf mark weak	-	--skip-unavailable	path
dnf mc	-	-	-
dnf module	disable,enable,info,list,reset	-	-
dnf module disable	-	--skip-broken,--skip-unavailable	-
dnf module enable	-	--skip-broken,--skip-unavailable	-
dnf module info	-	--disabled,--enabled	-
dnf module list	-	--disabled,--enabled	-
dnf module reset	-	--skip-broken,--skip-unavailable	-
dnf offline	clean,log,reboot,status	-	-
dnf offline clean	-	-	-
dnf offline log	-	--number	-
dnf offline reboot	-	--poweroff	-
dnf offline status	-	-	-
dnf provides	-	-	-
dnf rei	-	--allow-downgrade,--allowerasing,--downloadonly,--no-allow-downgrade,--skip-broken,--skip-unavailable	path
dnf reinstall	-	--allow-downgrade,--allowerasing,--downloadonly,--no-allow-downgrade,--skip-broken,--skip-unavailable	path
dnf remove	-	--limit,--no-autoremove,--oldinstallonly	path
dnf replay	-	--ignore-extras,--ignore-installed,--skip-broken,--skip-unavailable	path
dnf repo	info,list	-	-
dnf repo info	-	--all,--disabled,--enabled,--json	-
dnf repo list	-	--all,--disabled,--enabled,--json	-
dnf repoquery	-	--arch,--available,--disable-modular-filtering,--duplicates,--exactdeps,--extras,--file,--installed,--installonly,--latest-limit,--leaves	path
dnf rm	-	--limit,--no-autoremove,--oldinstallonly	path
dnf rq	-	--arch,--available,--disable-modular-filtering,--duplicates,--exactdeps,--extras,--file,--installed,--installonly,--latest-limit,--leaves	path
dnf se	-	--all,--name,--showduplicates,--summary	-
dnf search	-	--all,--name,--showduplicates,--summary	-
dnf swap	-	--allowerasing	path
dnf system-upgrade	clean,download,log,reboot	-	-
dnf system-upgrade clean	-	-	-
dnf system-upgrade download	-	--allowerasing,--no-downgrade,--releasever	-
dnf system-upgrade log	-	--number	-
dnf system-upgrade reboot	-	--number,--poweroff	-
dnf up	-	--allow-downgrade,--allowerasing,--destdir,--downloadonly,--minimal,--no-allow-downgrade,--skip-unavailable	path
dnf upgrade	-	--allow-downgrade,--allowerasing,--destdir,--downloadonly,--minimal,--no-allow-downgrade,--skip-unavailable	path
dnf versionlock	add,clear,delete,exclude,list	-	-
dnf versionlock add	-	-	-
dnf versionlock clear	-	-	-
dnf versionlock delete	-	-	-
dnf versionlock exclude	-	-	-
dnf versionlock list	-	-	-
dngconverter	-	-c,-count,-d,-e,-fl,-jxl,-jxl_distance,-jxl_effort,-l,-losslessJXL,-lossy,-lossyMosaicJXL,-mp,-o,-p0,-p1,-p2,-side,-u	path
dnsmasq	-	--add-cpe-id,--add-mac,--addn-hosts,--address,--alias,--all-servers,--auth-peer,--auth-sec-servers,--auth-server,--auth-soa,--auth-ttl,--auth-zone,--bind-dynamic,--bind-interfaces,--bogus-nxdomain,--bogus-priv,--bootp-dynamic,--bridge-interface,--caa-record,--cache-size,--clear-on-reload,--cname,--conf-dir,--conf-file,--conntrack,--dhcp-alternate-port,--dhcp-authoritative,--dhcp-broadcast,--dhcp-circuitid,--dhcp-client-update,--dhcp-duid,--dhcp-fqdn,--dhcp-generate-names,--dhcp-host,--dhcp-hostsdir,--dhcp-hostsfile,--dhcp-ignore,--dhcp-ignore-clid,--dhcp-ignore-names,--dhcp-lease-max,--dhcp-leasefile,--dhcp-luascript,--dhcp-match,--dhcp-name-match,--dhcp-no-override,--dhcp-option,--dhcp-option-force,--dhcp-optsdir,--dhcp-optsfile,--dhcp-proxy,--dhcp-pxe-vendor,--dhcp-range,--dhcp-rapid-commit,--dhcp-relay,--dhcp-remoteid,--dhcp-reply-delay,--dhcp-script,--dhcp-scriptuser,--dhcp-sequential-ip,--dhcp-subscrid,--dhcp-ttl,--dhcp-userclass,--dhcp-vendorclass,--dns-forward-max,--dns-loop-detect,--dns-rr,--dnssec,--dnssec-check-unsigned,--dnssec-debug,--dnssec-no-timecheck,--dnssec-timestamp,--domain,--domain-needed,--dumpfile,--dumpmask,--edns-packet-max,--enable-dbus,--enable-ra,--enable-tftp,--enable-ubus,--except-interface,--expand-hosts,--filterwin2k,--group,--help,--host-record,--hostsdir,--ignore-address,--interface,--interface-name,--ipset,--keep-in-foreground,--leasefile-ro,--listen-address,--local,--local-service,--local-ttl,--localise-queries,--localmx,--log-async,--log-debug,--log-dhcp,--log-facility,--log-queries,--max-cache-ttl,--max-port,--max-ttl,--min-cache-ttl,--min-port,--mx-host,--mx-target,--naptr-record,--neg-ttl,--no-daemon,--no-dhcp-interface,--no-hosts,--no-negcache,--no-ping,--no-poll,--no-resolv,--pid-file,--port,--proxy-dnssec,--ptr-record,--pxe-prompt,--pxe-service,--query-port,--quiet-dhcp,--quiet-dhcp6,--quiet-ra,--read-ethers,--rebind-domain-ok,--rebind-localhost-ok,--resolv-file,--rev-server,--script-arp,--script-on-renewal,--selfmx,--server,--servers-file,--shared-network,--srv-host,--stop-dns-rebind,--strict-order,--synth-domain,--tag-if,--test,--tftp-lowercase,--tftp-max,--tftp-mtu,--tftp-no-blocksize,--tftp-no-fail,--tftp-port-range,--tftp-root,--tftp-secure,--tftp-single-port,--tftp-unique-root,--trust-anchor,--txt-record,--user,--version,-0,-1,-2,-3,-5,-6,-7,-8,-9,-A,-B,-C,-D,-E,-F,-G,-H,-I,-J,-K,-L,-N,-O,-P,-Q,-R,-S,-T,-U,-V,-W,-X,-Y,-Z,-a,-b,-c,-d,-e,-f,-g,-h,-i,-j,-k,-l,-m,-n,-o,-p,-q,-r,-s,-t,-u,-v,-w,-x,-y,-z	-
doas	-	-C,-L,-n,-s,-u	path
docker	build,builder,checkpoint,config,container,context,exec,help,image,images,info,inspect,login,logout,manifest,network,node,plugin,ps,pull,push,search,secret,service,stack,swarm,system,trust,version,volume	--config,--context,--debug,--help,--host,--log-level,--tls,--tlscacert,--tlscert,--tlskey,--tlsverify,--version,-D,-H,-c,-h,-l,-v	-
docker attach	-	--detach-keys,--no-stdin,--sig-proxy	path
docker build	-	-	-
docker builder	build,prune	-	-
docker builder build	-	--add-host,--build-arg,--cache-from,--cgroup-parent,--compress,--cpu-period,--cpu-quota,--cpu-shares,--cpuset-cpus,--cpuset-mems,--disable-content-trust,--file,--force-rm,--iidfile,--isolation,--label,--memory,--memory-swap,--network,--no-cache,--platform,--pull,--quiet,--rm,--security-opt,--shm-size,--squash,--tag,--target,--ulimit,-c,-f,-m,-q,-t	path
docker builder prune	-	--all,--filter,--force,--keep-storage,-a,-f	-
docker checkpoint	create,list,ls,remove,rm	-	-
docker checkpoint create	-	--checkpoint-dir,--leave-running	path
docker checkpoint list	-	--checkpoint-dir	path
docker checkpoint ls	-	--checkpoint-dir	path
docker checkpoint remove	-	--checkpoint-dir	path
docker checkpoint rm	-	--checkpoint-dir	path
docker commit	-	--author,--change,--message,--no-pause,--pause,-a,-c,-m,-p	path
docker compose	attach,bridge,build,commit,config,cp,create,down,events,exec,export,images,kill,logs,ls,pause,port,ps,publish,pull,push,restart,rm,run,scale,start,stats,stop,top,unpause,up,version,volumes,wait,watch	--all-resources,--ansi,--compatibility,--dry-run,--env-file,--file,--insecure-registry,--no-ansi,--parallel,--profile,--progress,--project-directory,--project-name,--verbose,--version,--workdir,-f,-p,-v	-
docker compose attach	-	--detach-keys,--index,--no-stdin,--sig-proxy	path
docker compose bridge	convert,transformations	-	-
docker compose bridge convert	-	--output,--templates,--transformation,-o,-t	-
docker compose bridge transformations	create,list,ls	-	-
docker compose bridge transformations create	-	--from,-f	path
docker compose bridge transformations list	-	--format,--quiet,-q	-
docker compose bridge transformations ls	-	--format,--quiet,-q	-
docker compose build	-	--build-arg,--builder,--check,--compress,--force-rm,--memory,--no-cache,--no-rm,--parallel,--print,--progress,--provenance,--pull,--push,--quiet,--sbom,--ssh,--with-dependencies,-m,-q	path
docker compose commit	-	--author,--change,--index,--message,--pause,-a,-c,-m,-p	path
docker compose config	-	--environment,--format,--hash,--images,--lock-image-digests,--models,--networks,--no-consistency,--no-env-resolution,--no-interpolate,--no-normalize,--no-path-resolution,--output,--profiles,--quiet,--resolve-image-digests,--services,--variables,--volumes,-o,-q	path
docker compose cp	-	--all,--archive,--follow-link,--index,-L,-a	path
docker compose create	-	--build,--force-recreate,--no-build,--no-recreate,--pull,--quiet-pull,--remove-orphans,--scale,--yes,-y	path
docker compose down	-	--remove-orphans,--rmi,--timeout,--volumes,-t,-v	-
docker compose events	-	--json,--since,--until	path
docker compose exec	-	--detach,--env,--index,--interactive,--no-tty,--privileged,--tty,--user,--workdir,-T,-d,-e,-i,-t,-u,-w	path
docker compose export	-	--index,--output,-o	path
docker compose images	-	--format,--quiet,-q	path
docker compose kill	-	--remove-orphans,--signal,-s	path
docker compose logs	-	--follow,--index,--no-color,--no-log-prefix,--since,--tail,--timestamps,--until,-f,-n,-t	path
docker compose ls	-	--all,--filter,--format,--quiet,-a,-q	-
docker compose pause	-	-	path
docker compose port	-	--index,--protocol	path
docker compose ps	-	--all,--filter,--format,--no-trunc,--orphans,--quiet,--services,--status,-a,-q	path
docker compose publish	-	--app,--insecure-registry,--oci-version,--resolve-image-digests,--with-env,--yes,-y	-
docker compose pull	-	--ignore-buildable,--ignore-pull-failures,--include-deps,--no-parallel,--parallel,--policy,--quiet,-q	path
docker compose push	-	--ignore-push-failures,--include-deps,--quiet,-q	path
docker compose restart	-	--no-deps,--timeout,-t	path
docker compose rm	-	--all,--force,--stop,--volumes,-a,-f,-s,-v	path
docker compose run	-	--build,--cap-add,--cap-drop,--detach,--entrypoint,--env,--env-from-file,--interactive,--label,--name,--no-TTY,--no-deps,--publish,--pull,--quiet,--quiet-build,--quiet-pull,--remove-orphans,--rm,--service-ports,--tty,--use-aliases,--user,--volume,--workdir,-P,-T,-d,-e,-i,-l,-p,-q,-t,-u,-v,-w	path
docker compose scale	-	--no-deps	path
docker compose start	-	--wait,--wait-timeout	path
docker compose stats	-	--all,--format,--no-stream,--no-trunc,-a	path
docker compose stop	-	--timeout,-t	path
docker compose top	-	-	path
docker compose unpause	-	-	path
docker compose up	-	--abort-on-container-exit,--abort-on-container-failure,--always-recreate-deps,--attach,--attach-dependencies,--build,--detach,--exit-code-from,--force-recreate,--menu,--no-attach,--no-build,--no-color,--no-deps,--no-log-prefix,--no-recreate,--no-start,--pull,--quiet-build,--quiet-pull,--remove-orphans,--renew-anon-volumes,--scale,--timeout,--timestamps,--wait,--wait-timeout,--watch,--yes,-V,-d,-t,-w,-y	path
docker compose version	-	--format,--short,-f	-
docker compose volumes	-	--format,--quiet,-q	path
docker compose wait	-	--down-project	path
docker compose watch	-	--no-up,--prune,--quiet	path
docker config	create,inspect,list,ls,remove,rm	-	-
docker config create	-	--label,--template-driver,-l	-
docker config inspect	-	--format,--pretty,-f	path
docker config list	-	--filter,--format,--quiet,-f,-q	-
docker config ls	-	--filter,--format,--quiet,-f,-q	-
docker config remove	-	-	path
docker config rm	-	-	path
docker container	attach,commit,cp,create,diff,exec,export,inspect,kill,list,logs,ls,pause,port,prune,ps,remove,rename,restart,rm,run,start,stats,stop,top,unpause,update,wait	-	-
docker container attach	-	--detach-keys,--no-stdin,--sig-proxy	path
docker container commit	-	--author,--change,--message,--no-pause,--pause,-a,-c,-m,-p	path
docker container cp	-	--archive,--follow-link,--quiet,-L,-a,-q	path
docker container create	-	--add-host,--annotation,--attach,--blkio-weight,--blkio-weight-device,--cap-add,--cap-drop,--cgroup-parent,--cgroupns,--cidfile,--cpu-count,--cpu-percent,--cpu-period,--cpu-quota,--cpu-rt-period,--cpu-rt-runtime,--cpu-shares,--cpus,--cpuset-cpus,--cpuset-mems,--device,--device-cgroup-rule,--device-read-bps,--device-read-iops,--device-write-bps,--device-write-iops,--disable-content-trust,--dns,--dns-opt,--dns-option,--dns-search,--domainname,--entrypoint,--env,--env-file,--expose,--gpus,--group-add,--health-cmd,--health-interval,--health-retries,--health-start-interval,--health-start-period,--health-timeout,--help,--hostname,--init,--interactive,--io-maxbandwidth,--io-maxiops,--ip,--ip6,--ipc,--isolation,--kernel-memory,--label,--label-file,--link,--link-local-ip,--log-driver,--log-opt,--mac-address,--memory,--memory-reservation,--memory-swap,--memory-swappiness,--mount,--name,--net,--net-alias,--network,--network-alias,--no-healthcheck,--oom-kill-disable,--oom-score-adj,--pid,--pids-limit,--platform,--privileged,--publish,--publish-all,--pull,--quiet,--read-only,--restart,--rm,--runtime,--security-opt,--shm-size,--stop-signal,--stop-timeout,--storage-opt,--sysctl,--tmpfs,--tty,--ulimit,--use-api-socket,--user,--userns,--uts,--volume,--volume-driver,--volumes-from,--workdir,-P,-a,-c,-e,-h,-i,-l,-m,-p,-q,-t,-u,-v,-w	path
docker container diff	-	-	path
docker container exec	-	--detach,--detach-keys,--env,--env-file,--interactive,--privileged,--tty,--user,--workdir,-d,-e,-i,-t,-u,-w	path
docker container export	-	--output,-o	path
docker container inspect	-	--format,--size,-f,-s	path
docker container kill	-	--signal,-s	path
docker container list	-	--all,--filter,--format,--last,--latest,--no-trunc,--quiet,--size,-a,-f,-l,-n,-q,-s	-
docker container logs	-	--details,--follow,--since,--tail,--timestamps,--until,-f,-n,-t	path
docker container ls	-	--all,--filter,--format,--last,--latest,--no-trunc,--quiet,--size,-a,-f,-l,-n,-q,-s	-
docker container pause	-	-	path
docker container port	-	-	path
docker container prune	-	--filter,--force,-f	-
docker container ps	-	--all,--filter,--format,--last,--latest,--no-trunc,--quiet,--size,-a,-f,-l,-n,-q,-s	-
docker container remove	-	--force,--link,--volumes,-f,-l,-v	path
docker container rename	-	-	path
docker container restart	-	--signal,--time,--timeout,-s,-t	path
docker container rm	-	--force,--link,--volumes,-f,-l,-v	path
docker container run	-	--add-host,--annotation,--attach,--blkio-weight,--blkio-weight-device,--cap-add,--cap-drop,--cgroup-parent,--cgroupns,--cidfile,--cpu-count,--cpu-percent,--cpu-period,--cpu-quota,--cpu-rt-period,--cpu-rt-runtime,--cpu-shares,--cpus,--cpuset-cpus,--cpuset-mems,--detach,--detach-keys,--device,--device-cgroup-rule,--device-read-bps,--device-read-iops,--device-write-bps,--device-write-iops,--disable-content-trust,--dns,--dns-opt,--dns-option,--dns-search,--domainname,--entrypoint,--env,--env-file,--expose,--gpus,--group-add,--health-cmd,--health-interval,--health-retries,--health-start-interval,--health-start-period,--health-timeout,--help,--hostname,--init,--interactive,--io-maxbandwidth,--io-maxiops,--ip,--ip6,--ipc,--isolation,--kernel-memory,--label,--label-file,--link,--link-local-ip,--log-driver,--log-opt,--mac-address,--memory,--memory-reservation,--memory-swap,--memory-swappiness,--mount,--name,--net,--net-alias,--network,--network-alias,--no-healthcheck,--oom-kill-disable,--oom-score-adj,--pid,--pids-limit,--platform,--privileged,--publish,--publish-all,--pull,--quiet,--read-only,--restart,--rm,--runtime,--security-opt,--shm-size,--sig-proxy,--stop-signal,--stop-timeout,--storage-opt,--sysctl,--tmpfs,--tty,--ulimit,--use-api-socket,--user,--userns,--uts,--volume,--volume-driver,--volumes-from,--workdir,-P,-a,-c,-d,-e,-h,-i,-l,-m,-p,-q,-t,-u,-v,-w	path
docker container start	-	--attach,--checkpoint,--checkpoint-dir,--detach-keys,--interactive,-a,-i	-
docker container stats	-	--all,--format,--no-stream,--no-trunc,-a	path
docker container stop	-	--signal,--time,--timeout,-s,-t	path
docker container top	-	-	path
docker container unpause	-	-	path
docker container update	-	--blkio-weight,--cpu-period,--cpu-quota,--cpu-rt-period,--cpu-rt-runtime,--cpu-shares,--cpus,--cpuset-cpus,--cpuset-mems,--kernel-memory,--memory,--memory-reservation,--memory-swap,--pids-limit,--restart,-c,-m	path
docker container wait	-	-	path
docker context	create,export,import,inspect,list,ls,remove,rm,show,update,use	-	-
docker context create	-	--description,--docker,--from	-
docker context export	-	-	path
docker context import	-	-	path
docker context inspect	-	--format,-f	path
docker context list	-	--format,--quiet,-q	-
docker context ls	-	--format,--quiet,-q	-
docker context remove	-	--force,-f	path
docker context rm	-	--force,-f	path
docker context show	-	-	-
docker context update	-	--description,--docker	path
docker context use	-	-	path
docker cp	-	--archive,--follow-link,--quiet,-L,-a,-q	path
docker create	-	--add-host,--annotation,--attach,--blkio-weight,--blkio-weight-device,--cap-add,--cap-drop,--cgroup-parent,--cgroupns,--cidfile,--cpu-count,--cpu-percent,--cpu-period,--cpu-quota,--cpu-rt-period,--cpu-rt-runtime,--cpu-shares,--cpus,--cpuset-cpus,--cpuset-mems,--device,--device-cgroup-rule,--device-read-bps,--device-read-iops,--device-write-bps,--device-write-iops,--disable-content-trust,--dns,--dns-opt,--dns-option,--dns-search,--domainname,--entrypoint,--env,--env-file,--expose,--gpus,--group-add,--health-cmd,--health-interval,--health-retries,--health-start-interval,--health-start-period,--health-timeout,--help,--hostname,--init,--interactive,--io-maxbandwidth,--io-maxiops,--ip,--ip6,--ipc,--isolation,--kernel-memory,--label,--label-file,--link,--link-local-ip,--log-driver,--log-opt,--mac-address,--memory,--memory-reservation,--memory-swap,--memory-swappiness,--mount,--name,--net,--net-alias,--network,--network-alias,--no-healthcheck,--oom-kill-disable,--oom-score-adj,--pid,--pids-limit,--platform,--privileged,--publish,--publish-all,--pull,--quiet,--read-only,--restart,--rm,--runtime,--security-opt,--shm-size,--stop-signal,--stop-timeout,--storage-opt,--sysctl,--tmpfs,--tty,--ulimit,--use-api-socket,--user,--userns,--uts,--volume,--volume-driver,--volumes-from,--workdir,-P,-a,-c,-e,-h,-i,-l,-m,-p,-q,-t,-u,-v,-w	path
docker diff	-	-	path
docker exec	-	--detach,--detach-keys,--env,--env-file,--interactive,--privileged,--tty,--user,--workdir,-d,-e,-i,-t,-u,-w	-
docker export	-	--output,-o	path
docker help	-	-	-
docker history	-	--format,--human,--no-trunc,--platform,--quiet,-H,-q	path
docker image	build,history,import,inspect,list,load,ls,prune,pull,push,remove,rm,rmi,save,tag	-	-
docker image build	-	--add-host,--build-arg,--cache-from,--cgroup-parent,--compress,--cpu-period,--cpu-quota,--cpu-shares,--cpuset-cpus,--cpuset-mems,--disable-content-trust,--file,--force-rm,--iidfile,--isolation,--label,--memory,--memory-swap,--network,--no-cache,--platform,--pull,--quiet,--rm,--security-opt,--shm-size,--squash,--tag,--target,--ulimit,-c,-f,-m,-q,-t	path
docker image history	-	--format,--human,--no-trunc,--platform,--quiet,-H,-q	path
docker image import	-	--change,--message,--platform,-c,-m	path
docker image inspect	-	--format,--platform,-f	path
docker image list	-	--all,--digests,--filter,--format,--no-trunc,--quiet,--tree,-a,-f,-q	path
docker image load	-	--input,--platform,--quiet,-i,-q	-
docker image ls	-	--all,--digests,--filter,--format,--no-trunc,--quiet,--tree,-a,-f,-q	path
docker image prune	-	--all,--filter,--force,-a,-f	-
docker image pull	-	--all-tags,--disable-content-trust,--platform,--quiet,-a,-q	path
docker image push	-	--all-tags,--disable-content-trust,--platform,--quiet,-a,-q	path
docker image remove	-	--force,--no-prune,--platform,-f	path
docker image rm	-	--force,--no-prune,--platform,-f	path
docker image rmi	-	--force,--no-prune,--platform,-f	path
docker image save	-	--output,--platform,-o	path
docker image tag	-	-	path
docker images	-	--all,--digests,--filter,--format,--no-trunc,--quiet,--tree,-a,-f,-q	path
docker import	-	--change,--message,--platform,-c,-m	path
docker info	-	--format,-f	-
docker inspect	-	--format,--size,--type,-f,-s	path
docker kill	-	--signal,-s	path
docker list	-	--all,--filter,--format,--last,--latest,--no-trunc,--quiet,--size,-a,-f,-l,-n,-q,-s	-
docker load	-	--input,--platform,--quiet,-i,-q	-
docker login	-	--password,--password-stdin,--username,-p,-u	-
docker logout	-	-	-
docker logs	-	--details,--follow,--since,--tail,--timestamps,--until,-f,-n,-t	path
docker ls	-	--all,--filter,--format,--last,--latest,--no-trunc,--quiet,--size,-a,-f,-l,-n,-q,-s	-
docker manifest	annotate,create,inspect,push,rm	-	-
docker manifest annotate	-	--arch,--os,--os-features,--os-version,--variant	-
docker manifest create	-	--amend,--insecure,-a	-
docker manifest inspect	-	--insecure,--verbose,-v	-
docker manifest push	-	--insecure,--purge,-p	-
docker manifest rm	-	-	-
docker network	connect,create,disconnect,inspect,list,ls,prune,remove,rm	-	-
docker network connect	-	--alias,--driver-opt,--gw-priority,--ip,--ip6,--link,--link-local-ip	path
docker network create	-	--attachable,--aux-address,--config-from,--config-only,--driver,--gateway,--ingress,--internal,--ip-range,--ipam-driver,--ipam-opt,--ipv4,--ipv6,--label,--opt,--scope,--subnet,-d,-o	path
docker network disconnect	-	--force,-f	path
docker network inspect	-	--format,--verbose,-f,-v	path
docker network list	-	--filter,--format,--no-trunc,--quiet,-f,-q	-
docker network ls	-	--filter,--format,--no-trunc,--quiet,-f,-q	-
docker network prune	-	--filter,--force,-f	-
docker network remove	-	--force,-f	path
docker network rm	-	--force,-f	path
docker node	demote,inspect,list,ls,promote,ps,remove,rm,update	-	-
docker node demote	-	-	path
docker node inspect	-	--format,--pretty,-f	path
docker node list	-	--filter,--format,--quiet,-f,-q	-
docker node ls	-	--filter,--format,--quiet,-f,-q	-
docker node promote	-	-	path
docker node ps	-	--filter,--format,--no-resolve,--no-trunc,--quiet,-f,-q	path
docker node remove	-	--force,-f	path
docker node rm	-	--force,-f	path
docker node update	-	--availability,--label-add,--label-rm,--role	path
docker pause	-	-	path
docker plugin	create,disable,enable,inspect,install,list,ls,push,remove,rm,set,upgrade	-	-
docker plugin create	-	--compress	path
docker plugin disable	-	--force,-f	path
docker plugin enable	-	--timeout	path
docker plugin inspect	-	--format,-f	path
docker plugin install	-	--alias,--disable,--disable-content-trust,--grant-all-permissions	path
docker plugin list	-	--filter,--format,--no-trunc,--quiet,-f,-q	-
docker plugin ls	-	--filter,--format,--no-trunc,--quiet,-f,-q	-
docker plugin push	-	--disable-content-trust	path
docker plugin remove	-	--force,-f	path
docker plugin rm	-	--force,-f	path
docker plugin set	-	-	path
docker plugin upgrade	-	--disable-content-trust,--grant-all-permissions,--skip-remote-check	path
docker port	-	-	path
docker prune	-	--filter,--force,-f	-
docker ps	-	--all,--filter,--format,--last,--latest,--no-trunc,--quiet,--size,-a,-f,-l,-n,-q,-s	-
docker pull	-	--all-tags,--disable-content-trust,--platform,--quiet,-a,-q	-
docker push	-	--all-tags,--disable-content-trust,--platform,--quiet,-a,-q	path
docker remove	-	--force,--link,--volumes,-f,-l,-v	path
docker rename	-	-	path
docker restart	-	--signal,--time,--timeout,-s,-t	path
docker rm	-	--force,--link,--volumes,-f,-l,-v	path
docker rmi	-	--force,--no-prune,--platform,-f	path
docker run	-	--add-host,--annotation,--attach,--blkio-weight,--blkio-weight-device,--cap-add,--cap-drop,--cgroup-parent,--cgroupns,--cidfile,--cpu-count,--cpu-percent,--cpu-period,--cpu-quota,--cpu-rt-period,--cpu-rt-runtime,--cpu-shares,--cpus,--cpuset-cpus,--cpuset-mems,--detach,--detach-keys,--device,--device-cgroup-rule,--device-read-bps,--device-read-iops,--device-write-bps,--device-write-iops,--disable-content-trust,--dns,--dns-opt,--dns-option,--dns-search,--domainname,--entrypoint,--env,--env-file,--expose,--gpus,--group-add,--health-cmd,--health-interval,--health-retries,--health-start-interval,--health-start-period,--health-timeout,--help,--hostname,--init,--interactive,--io-maxbandwidth,--io-maxiops,--ip,--ip6,--ipc,--isolation,--kernel-memory,--label,--label-file,--link,--link-local-ip,--log-driver,--log-opt,--mac-address,--memory,--memory-reservation,--memory-swap,--memory-swappiness,--mount,--name,--net,--net-alias,--network,--network-alias,--no-healthcheck,--oom-kill-disable,--oom-score-adj,--pid,--pids-limit,--platform,--privileged,--publish,--publish-all,--pull,--quiet,--read-only,--restart,--rm,--runtime,--security-opt,--shm-size,--sig-proxy,--stop-signal,--stop-timeout,--storage-opt,--sysctl,--tmpfs,--tty,--ulimit,--use-api-socket,--user,--userns,--uts,--volume,--volume-driver,--volumes-from,--workdir,-P,-a,-c,-d,-e,-h,-i,-l,-m,-p,-q,-t,-u,-v,-w	path
docker save	-	--output,--platform,-o	path
docker search	-	--filter,--format,--limit,--no-trunc,-f	-
docker secret	create,inspect,list,ls,remove,rm	-	-
docker secret create	-	--driver,--label,--template-driver,-d,-l	path
docker secret inspect	-	--format,--pretty,-f	path
docker secret list	-	--filter,--format,--quiet,-f,-q	-
docker secret ls	-	--filter,--format,--quiet,-f,-q	-
docker secret remove	-	-	path
docker secret rm	-	-	path
docker service	create,inspect,list,logs,ls,ps,remove,rm,rollback,scale,update	-	-
docker service create	-	--cap-add,--cap-drop,--config,--constraint,--container-label,--credential-spec,--detach,--dns,--dns-option,--dns-search,--endpoint-mode,--entrypoint,--env,--env-file,--generic-resource,--group,--health-cmd,--health-interval,--health-retries,--health-start-interval,--health-start-period,--health-timeout,--host,--hostname,--init,--isolation,--label,--limit-cpu,--limit-memory,--limit-pids,--log-driver,--log-opt,--max-concurrent,--memory-swap,--memory-swappiness,--mode,--mount,--name,--network,--no-healthcheck,--no-resolve-image,--oom-score-adj,--placement-pref,--publish,--quiet,--read-only,--replicas,--replicas-max-per-node,--reserve-cpu,--reserve-memory,--restart-condition,--restart-delay,--restart-max-attempts,--restart-window,--rollback-delay,--rollback-failure-action,--rollback-max-failure-ratio,--rollback-monitor,--rollback-order,--rollback-parallelism,--secret,--stop-grace-period,--stop-signal,--sysctl,--tty,--ulimit,--update-delay,--update-failure-action,--update-max-failure-ratio,--update-monitor,--update-order,--update-parallelism,--user,--with-registry-auth,--workdir,-d,-e,-l,-p,-q,-t,-u,-w	path
docker service inspect	-	--format,--pretty,-f	path
docker service list	-	--filter,--format,--quiet,-f,-q	-
docker service logs	-	--details,--follow,--no-resolve,--no-task-ids,--no-trunc,--raw,--since,--tail,--timestamps,-f,-n,-t	path
docker service ls	-	--filter,--format,--quiet,-f,-q	-
docker service ps	-	--filter,--format,--no-resolve,--no-trunc,--quiet,-f,-q	path
docker service remove	-	-	path
docker service rm	-	-	path
docker service rollback	-	--detach,--quiet,-d,-q	path
docker service scale	-	--detach,-d	path
docker service update	-	--args,--cap-add,--cap-drop,--config-add,--config-rm,--constraint-add,--constraint-rm,--container-label-add,--container-label-rm,--credential-spec,--detach,--dns-add,--dns-option-add,--dns-option-rm,--dns-rm,--dns-search-add,--dns-search-rm,--endpoint-mode,--entrypoint,--env-add,--env-rm,--force,--generic-resource-add,--generic-resource-rm,--group-add,--group-rm,--health-cmd,--health-interval,--health-retries,--health-start-interval,--health-start-period,--health-timeout,--host-add,--host-rm,--hostname,--image,--init,--isolation,--label-add,--label-rm,--limit-cpu,--limit-memory,--limit-pids,--log-driver,--log-opt,--max-concurrent,--memory-swap,--memory-swappiness,--mount-add,--mount-rm,--network-add,--network-rm,--no-healthcheck,--no-resolve-image,--oom-score-adj,--placement-pref-add,--placement-pref-rm,--publish-add,--publish-rm,--quiet,--read-only,--replicas,--replicas-max-per-node,--reserve-cpu,--reserve-memory,--restart-condition,--restart-delay,--restart-max-attempts,--restart-window,--rollback,--rollback-delay,--rollback-failure-action,--rollback-max-failure-ratio,--rollback-monitor,--rollback-order,--rollback-parallelism,--secret-add,--secret-rm,--stop-grace-period,--stop-signal,--sysctl-add,--sysctl-rm,--tty,--ulimit-add,--ulimit-rm,--update-delay,--update-failure-action,--update-max-failure-ratio,--update-monitor,--update-order,--update-parallelism,--user,--with-registry-auth,--workdir,-d,-q,-t,-u,-w	path
docker stack	config,deploy,down,list,ls,ps,remove,rm,services,up	--orchestrator	-
docker stack config	-	--compose-file,--skip-interpolation,-c	-
docker stack deploy	-	--compose-file,--detach,--prune,--quiet,--resolve-image,--with-registry-auth,-c,-d,-q	path
docker stack down	-	--detach,-d	path
docker stack list	-	--format	-
docker stack ls	-	--format	-
docker stack ps	-	--filter,--format,--no-resolve,--no-trunc,--quiet,-f,-q	-
docker stack remove	-	--detach,-d	path
docker stack rm	-	--detach,-d	path
docker stack services	-	--filter,--format,--quiet,-f,-q	path
docker stack up	-	--compose-file,--detach,--prune,--quiet,--resolve-image,--with-registry-auth,-c,-d,-q	path
docker start	-	--attach,--checkpoint,--checkpoint-dir,--detach-keys,--interactive,-a,-i	-
docker stats	-	--all,--format,--no-stream,--no-trunc,-a	path
docker stop	-	--signal,--time,--timeout,-s,-t	path
docker swarm	ca,init,join,join-token,leave,unlock,unlock-key,update	-	-
docker swarm ca	-	--ca-cert,--ca-key,--cert-expiry,--detach,--external-ca,--quiet,--rotate,-d,-q	-
docker swarm init	-	--advertise-addr,--autolock,--availability,--cert-expiry,--data-path-addr,--data-path-port,--default-addr-pool,--default-addr-pool-mask-length,--dispatcher-heartbeat,--external-ca,--force-new-cluster,--listen-addr,--max-snapshots,--snapshot-interval,--task-history-limit	-
docker swarm join	-	--advertise-addr,--availability,--data-path-addr,--listen-addr,--token	-
docker swarm join-token	-	--quiet,--rotate,-q	-
docker swarm leave	-	--force,-f	-
docker swarm unlock	-	-	-
docker swarm unlock-key	-	--quiet,--rotate,-q	-
docker swarm update	-	--autolock,--cert-expiry,--dispatcher-heartbeat,--external-ca,--max-snapshots,--snapshot-interval,--task-history-limit	-
docker system	df,events,info,prune	-	-
docker system df	-	--format,--verbose,-v	-
docker system events	-	--filter,--format,--since,--until,-f	-
docker system info	-	--format,-f	-
docker system prune	-	--all,--filter,--force,--volumes,-a,-f	-
docker tag	-	-	path
docker top	-	-	path
docker trust	inspect,key,revoke,sign,signer	-	-
docker trust inspect	-	--pretty	path
docker trust key	generate,load	-	-
docker trust key generate	-	--dir	-
docker trust key load	-	--name	path
docker trust revoke	-	--yes,-y	path
docker trust sign	-	--local	path
docker trust signer	add,remove	-	-
docker trust signer add	-	--key	path
docker trust signer remove	-	--force,-f	path
docker unpause	-	-	path
docker update	-	--blkio-weight,--cpu-period,--cpu-quota,--cpu-rt-period,--cpu-rt-runtime,--cpu-shares,--cpus,--cpuset-cpus,--cpuset-mems,--kernel-memory,--memory,--memory-reservation,--memory-swap,--pids-limit,--restart,-c,-m	path
docker version	-	--format,-f	-
docker volume	create,inspect,list,ls,prune,remove,rm,update	-	-
docker volume create	-	--availability,--driver,--group,--label,--limit-bytes,--name,--opt,--required-bytes,--scope,--secret,--sharing,--topology-preferred,--topology-required,--type,-d,-o	path
docker volume inspect	-	--format,-f	path
docker volume list	-	--cluster,--filter,--format,--quiet,-f,-q	-
docker volume ls	-	--cluster,--filter,--format,--quiet,-f,-q	-
docker volume prune	-	--all,--filter,--force,-a,-f	-
docker volume remove	-	--force,-f	path
docker volume rm	-	--force,-f	path
docker volume update	-	--availability	path
docker wait	-	-	path
docker-buildx	b,bake,build,completion,create,du,f,help,imagetools,inspect,ls,prune,rm,stop,use,version	--builder,--help,-h	-
docker-buildx b	-	--add-host,--allow,--build-arg,--build-context,--cache-from,--cache-to,--cgroup-parent,--compress,--cpu-period,--cpu-quota,--cpu-shares,--cpuset-cpus,--cpuset-mems,--file,--force-rm,--iidfile,--isolation,--label,--load,--memory,--memory-swap,--metadata-file,--network,--no-cache,--no-cache-filter,--output,--platform,--progress,--pull,--push,--quiet,--rm,--secret,--security-opt,--shm-size,--squash,--ssh,--tag,--target,--ulimit,-c,-f,-m,-o,-q,-t	path
docker-buildx bake	-	--file,--load,--metadata-file,--no-cache,--print,--progress,--pull,--push,--set,-f	-
docker-buildx build	-	--add-host,--allow,--build-arg,--build-context,--cache-from,--cache-to,--cgroup-parent,--compress,--cpu-period,--cpu-quota,--cpu-shares,--cpuset-cpus,--cpuset-mems,--file,--force-rm,--iidfile,--isolation,--label,--load,--memory,--memory-swap,--metadata-file,--network,--no-cache,--no-cache-filter,--output,--platform,--progress,--pull,--push,--quiet,--rm,--secret,--security-opt,--shm-size,--squash,--ssh,--tag,--target,--ulimit,-c,-f,-m,-o,-q,-t	path
docker-buildx completion	bash,fish,powershell,zsh	-	-
docker-buildx completion bash	-	--no-descriptions	-
docker-buildx completion fish	-	--no-descriptions	-
docker-buildx completion powershell	-	--no-descriptions	-
docker-buildx completion zsh	-	--no-descriptions	-
docker-buildx create	-	--append,--bootstrap,--buildkitd-flags,--config,--driver,--driver-opt,--leave,--name,--node,--platform,--use	-
docker-buildx du	-	--filter,--verbose	-
docker-buildx f	-	--file,--load,--metadata-file,--no-cache,--print,--progress,--pull,--push,--set,-f	-
docker-buildx help	-	-	-
docker-buildx imagetools	create,inspect	-	-
docker-buildx imagetools create	-	--append,--dry-run,--file,--progress,--tag,-f,-t	path
docker-buildx imagetools inspect	-	--format,--raw	path
docker-buildx inspect	-	--bootstrap	path
docker-buildx ls	-	-	-
docker-buildx prune	-	--all,--filter,--force,--keep-storage,--verbose,-a,-f	-
docker-buildx rm	-	--all-inactive,--force,--keep-daemon,--keep-state,-f	path
docker-buildx stop	-	-	path
docker-buildx use	-	--default,--global	path
docker-buildx version	-	-	-
docker-compose	attach,bridge,build,commit,config,cp,create,down,events,exec,export,images,kill,logs,ls,pause,port,ps,publish,pull,push,restart,rm,run,scale,start,stats,stop,top,unpause,up,version,volumes,wait,watch	--all-resources,--ansi,--compatibility,--dry-run,--env-file,--file,--insecure-registry,--no-ansi,--parallel,--profile,--progress,--project-directory,--project-name,--verbose,--version,--workdir,-f,-p,-v	-
docker-compose attach	-	--detach-keys,--index,--no-stdin,--sig-proxy	path
docker-compose bridge	convert,transformations	-	-
docker-compose bridge convert	-	--output,--templates,--transformation,-o,-t	-
docker-compose bridge transformations	create,list,ls	-	-
docker-compose bridge transformations create	-	--from,-f	path
docker-compose bridge transformations list	-	--format,--quiet,-q	-
docker-compose bridge transformations ls	-	--format,--quiet,-q	-
docker-compose build	-	--build-arg,--builder,--check,--compress,--force-rm,--memory,--no-cache,--no-rm,--parallel,--print,--progress,--provenance,--pull,--push,--quiet,--sbom,--ssh,--with-dependencies,-m,-q	path
docker-compose commit	-	--author,--change,--index,--message,--pause,-a,-c,-m,-p	path
docker-compose config	-	--environment,--format,--hash,--images,--lock-image-digests,--models,--networks,--no-consistency,--no-env-resolution,--no-interpolate,--no-normalize,--no-path-resolution,--output,--profiles,--quiet,--resolve-image-digests,--services,--variables,--volumes,-o,-q	path
docker-compose cp	-	--all,--archive,--follow-link,--index,-L,-a	path
docker-compose create	-	--build,--force-recreate,--no-build,--no-recreate,--pull,--quiet-pull,--remove-orphans,--scale,--yes,-y	path
docker-compose down	-	--remove-orphans,--rmi,--timeout,--volumes,-t,-v	-
docker-compose events	-	--json,--since,--until	path
docker-compose exec	-	--detach,--env,--index,--interactive,--no-tty,--privileged,--tty,--user,--workdir,-T,-d,-e,-i,-t,-u,-w	path
docker-compose export	-	--index,--output,-o	path
docker-compose images	-	--format,--quiet,-q	path
docker-compose kill	-	--remove-orphans,--signal,-s	path
docker-compose logs	-	--follow,--index,--no-color,--no-log-prefix,--since,--tail,--timestamps,--until,-f,-n,-t	path
docker-compose ls	-	--all,--filter,--format,--quiet,-a,-q	-
docker-compose pause	-	-	path
docker-compose port	-	--index,--protocol	path
docker-compose ps	-	--all,--filter,--format,--no-trunc,--orphans,--quiet,--services,--status,-a,-q	path
docker-compose publish	-	--app,--insecure-registry,--oci-version,--resolve-image-digests,--with-env,--yes,-y	-
docker-compose pull	-	--ignore-buildable,--ignore-pull-failures,--include-deps,--no-parallel,--parallel,--policy,--quiet,-q	path
docker-compose push	-	--ignore-push-failures,--include-deps,--quiet,-q	path
docker-compose restart	-	--no-deps,--timeout,-t	path
docker-compose rm	-	--all,--force,--stop,--volumes,-a,-f,-s,-v	path
docker-compose run	-	--build,--cap-add,--cap-drop,--detach,--entrypoint,--env,--env-from-file,--interactive,--label,--name,--no-TTY,--no-deps,--publish,--pull,--quiet,--quiet-build,--quiet-pull,--remove-orphans,--rm,--service-ports,--tty,--use-aliases,--user,--volume,--workdir,-P,-T,-d,-e,-i,-l,-p,-q,-t,-u,-v,-w	path
docker-compose scale	-	--no-deps	path
docker-compose start	-	--wait,--wait-timeout	path
docker-compose stats	-	--all,--format,--no-stream,--no-trunc,-a	path
docker-compose stop	-	--timeout,-t	path
docker-compose top	-	-	path
docker-compose unpause	-	-	path
docker-compose up	-	--abort-on-container-exit,--abort-on-container-failure,--always-recreate-deps,--attach,--attach-dependencies,--build,--detach,--exit-code-from,--force-recreate,--menu,--no-attach,--no-build,--no-color,--no-deps,--no-log-prefix,--no-recreate,--no-start,--pull,--quiet-build,--quiet-pull,--remove-orphans,--renew-anon-volumes,--scale,--timeout,--timestamps,--wait,--wait-timeout,--watch,--yes,-V,-d,-t,-w,-y	path
docker-compose version	-	--format,--short,-f	-
docker-compose volumes	-	--format,--quiet,-q	path
docker-compose wait	-	--down-project	path
docker-compose watch	-	--no-up,--prune,--quiet	path
docker-scan	-	--accept-license,--dependency-tree,--exclude-base,--file,--group-issues,--json,--login,--reject-license,--severity,--token,--version,-f	path
dockerd	-	--add-runtime,--allow-nondistributable-artifacts,--api-cors-header,--authorization-plugin,--bip,--bridge,--cgroup-parent,--config-file,--containerd,--containerd-namespace,--containerd-plugins-namespace,--cpu-rt-period,--cpu-rt-runtime,--cri-containerd,--data-root,--debug,--default-address-pool,--default-cgroupns-mode,--default-gateway,--default-gateway-v6,--default-ipc-mode,--default-runtime,--default-shm-size,--default-ulimit,--dns,--dns-opt,--dns-search,--exec-opt,--exec-root,--experimental,--fixed-cidr,--fixed-cidr-v6,--group,--help,--host,--host-gateway-ip,--icc,--init,--init-path,--insecure-registry,--ip,--ip-forward,--ip-masq,--ip6tables,--iptables,--ipv6,--label,--live-restore,--log-driver,--log-level,--log-opt,--max-concurrent-downloads,--max-concurrent-uploads,--max-download-attempts,--metrics-addr,--mtu,--network-control-plane-mtu,--no-new-privileges,--node-generic-resource,--oom-score-adjust,--pidfile,--raw-logs,--registry-mirror,--rootless,--seccomp-profile,--selinux-enabled,--shutdown-timeout,--storage-driver,--storage-opt,--swarm-default-advertise-addr,--tls,--tlscacert,--tlscert,--tlskey,--tlsverify,--userland-proxy,--userland-proxy-path,--userns-remap,--version,-D,-G,-H,-b,-l,-p,-s,-v	-
doing	doing,issue,list,open,pr,workon	--help,--version	-
doing doing	-	--help	-
doing issue	close,create,list	--help	-
doing issue close	-	--help	-
doing issue create	-	--add-to-current-sprint,--assignee,--body,--do-not-add-to-current-sprint,--help,--label,--mine,--not-mine,--parent,--story_points,--type,-a,-b,-l,-m,-p,-s,-t	-
doing issue list	-	--assignee,--author,--help,--label,--no-show_state,--no-web,--output_format,--show_state,--state,--story_points,--type,--web,-A,-a,-l,-o,-s,-t,-w	-
doing list	-	--assignee,--author,--help,--label,--output_format,--state,--story_points,--type,-A,-a,-l,-o,-s,-t	-
doing open	board,branch,branches,issue,issues,pipe,policies,pr,prs,repo,sprint	--help	-
doing open board	-	--help	-
doing open branch	-	--help	-
doing open branches	-	--help	-
doing open issue	-	--help	-
doing open issues	-	--help	-
doing open pipe	-	--help	-
doing open policies	-	--help	-
doing open pr	-	--help	-
doing open prs	-	--help	-
doing open repo	-	--help	-
doing open sprint	-	--help	-
doing pr	checkout,close,create,list,open	--help	-
doing pr checkout	-	--help	-
doing pr close	-	--help	-
doing pr create	-	--auto-complete,--branch-prefix,--checkout,--default-branch,--delete-source-branch,--draft,--help,--no-auto-complete,--no-checkout,--no-delete-source-branch,--no-draft,--no-self-approve,--no-web,--reviewers,--self-approve,--web,-b,-r,-w	-
doing pr list	-	--assignee,--help,--label,--limit,--no-web,--state,--web,-L,-a,-l,-s,-w	-
doing pr open	-	--help	-
doing workon	-	--add-to-current-sprint,--auto-complete,--branch-prefix,--checkout,--default-branch,--delete-source-branch,--do-not-add-to-current-sprint,--draft,--help,--label,--no-auto-complete,--no-checkout,--no-delete-source-branch,--no-draft,--no-self-approve,--parent,--reviewers,--self-approve,--story-points,--type,-b,-l,-p,-r,-s	-
dos2unix	-	--add-bom,--allow-chown,--convmode,--display-enc,--follow-symlink,--force,--help,--info,--keep-bom,--keep-utf16,--keepdate,--license,--newfile,--newline,--no-allow-chown,--oldfile,--quiet,--remove-bom,--safe,--skip-symlink,--verbose,--version,-7,-D,-F,-L,-S,-V,-b,-c,-f,-h,-i,-k,-l,-m,-n,-o,-q,-r,-s,-u,-v	path
downgrade	-	--ala-only,--ala-url,--cached-only,--help,--maxdepth,--pacman,--pacman-cache,--pacman-conf,--pacman-log,--version,-h	path
dpkg	-	-	-
du	-	--all,--apparent-size,--block-size,--bytes,--count-links,--dereference,--dereference-args,--exclude,--exclude-from,--files0-from,--help,--human-readable,--inodes,--max-depth,--no-dereference,--null,--one-file-system,--separate-dirs,--si,--summarize,--threshold,--time,--time-style,--total,--version,-0,-B,-D,-H,-L,-P,-S,-X,-a,-b,-c,-d,-h,-k,-l,-m,-s,-t,-x	path
ebook-convert	-	--help,--list-recipes,--version,-h	path
egrep	-	-	-
electron	-	--abi,--interactive,--require,--version,-a,-i,-r,-v	path
elvish	-	-buildinfo,-c,-compileonly,-daemon,-db,-deprecation-level,-help,-i,-json,-log,-lsp,-norc,-rc,-sock,-version	path
env	-	--block-signal,--chdir,--debug,--default-signal,--help,--ignore-environment,--ignore-signal,--list-signal-handling,--null,--split-string,--unset,--version,-0,-C,-S,-i,-u,-v	path
envsubst	-	--help,--variables,--version,-V,-h,-v	-
exa	-	-	path
expand	-	--help,--initial,--tabs,--version,-i,-t	path
expr	-	--help,--version	-
eza	-	--absolute,--accessed,--across,--all,--almost-all,--binary,--blocksize,--bytes,--changed,--classify,--color,--color-scale,--color-scale-mode,--colour,--colour-scale,--colour-scale-mode,--context,--created,--dereference,--extended,--flags,--follow-symlinks,--git,--git-ignore,--git-repos,--git-repos-no-status,--grid,--group,--group-directories-first,--group-directories-last,--header,--help,--hyperlink,--icons,--ignore-glob,--inode,--level,--links,--long,--modified,--mounts,--no-filesize,--no-git,--no-permissions,--no-quotes,--no-symlinks,--no-time,--no-user,--numeric,--octal-permissions,--oneline,--only-dirs,--only-files,--recurse,--reverse,--show-symlinks,--smart-group,--sort,--stdin,--time,--time-style,--total-size,--treat-dirs-as-files,--tree,--version,--width,-1,-A,-B,-D,-F,-G,-H,-I,-L,-M,-O,-R,-S,-T,-U,-X,-Z,-a,-b,-d,-f,-g,-h,-i,-l,-m,-n,-o,-r,-s,-t,-u,-v,-w,-x	path
faas-cli	auth,build,cloud,completion,deploy,describe,generate,invoke,list,login,logout,logs,namespaces,new,publish,push,registry-login,remove,secret,store,template,up,version	--filter,--regex,--yaml,-f	-
faas-cli auth	-	--audience,--auth-url,--client-id,--client-secret,--gateway,--grant,--launch-browser,--listen-port,--redirect-host,--scope,-g	-
faas-cli build	-	--build-arg,--build-label,--build-option,--copy-extra,--disable-stack-pull,--envsubst,--handler,--image,--lang,--name,--no-cache,--parallel,--quiet,--shrinkwrap,--squash,--tag,-b,-o	-
faas-cli cloud	seal	-	-
faas-cli cloud seal	-	--cert,--download,--download-to,--download-version,--from-file,--literal,--name,--namespace,--output-file,-c,-i,-l,-n,-o	-
faas-cli completion	-	--shell	-
faas-cli deploy	-	--annotation,--constraint,--env,--envsubst,--fprocess,--gateway,--handler,--image,--label,--lang,--name,--namespace,--network,--read-template,--readonly,--replace,--secret,--tag,--tls-no-verify,--token,--update,-e,-g,-k,-l,-n	-
faas-cli describe	-	--envsubst,--gateway,--name,--namespace,--tls-no-verify,--token,-g,-k,-n	path
faas-cli generate	-	--annotation,--api,--arch,--envsubst,--from-store,--namespace,--tag,-n	-
faas-cli invoke	-	--async,--content-type,--envsubst,--gateway,--header,--key,--method,--name,--namespace,--query,--sign,--tls-no-verify,-H,-a,-g,-m,-n	path
faas-cli list	-	--envsubst,--gateway,--namespace,--quiet,--sort,--tls-no-verify,--token,--verbose,-g,-k,-n,-q,-v	-
faas-cli login	-	--gateway,--password,--password-stdin,--timeout,--tls-no-verify,--username,-g,-p,-s,-u	-
faas-cli logout	-	--gateway,-g	-
faas-cli logs	-	--gateway,--instance,--lines,--name,--namespace,--output,--since,--since-time,--tail,--time-format,--tls-no-verify,--token,-g,-k,-n,-o,-t	path
faas-cli namespaces	-	--gateway,--tls-no-verify,--token,-g,-k	-
faas-cli new	-	--append,--cpu-limit,--cpu-request,--gateway,--handler,--lang,--list,--memory-limit,--memory-request,--prefix,--quiet,-a,-g,-p,-q	-
faas-cli publish	-	--build-arg,--build-label,--build-option,--copy-extra,--disable-stack-pull,--envsubst,--extra-tag,--handler,--image,--lang,--name,--no-cache,--parallel,--platforms,--quiet,--shrinkwrap,--squash,--tag,-b,-o	-
faas-cli push	-	--envsubst,--parallel,--tag	-
faas-cli registry-login	-	--account-id,--ecr,--password,--password-stdin,--region,--server,--username,-s,-u	-
faas-cli remove	-	--envsubst,--gateway,--namespace,--tls-no-verify,--token,-g,-k,-n	-
faas-cli secret	create,list,remove,update	-	-
faas-cli secret create	-	--from-file,--from-literal,--gateway,--namespace,--tls-no-verify,--token,--trim,-g,-k,-n	path
faas-cli secret list	-	--gateway,--namespace,--tls-no-verify,--token,-g,-k,-n	-
faas-cli secret remove	-	--gateway,--namespace,--tls-no-verify,--token,-g,-k,-n	path
faas-cli secret update	-	--from-file,--from-literal,--gateway,--namespace,--tls-no-verify,--token,--trim,-g,-k,-n	path
faas-cli store	deploy,describe,list	--platform,--url,-p,-u	-
faas-cli store deploy	-	--annotation,--constraint,--env,--gateway,--label,--name,--namespace,--network,--replace,--secret,--tls-no-verify,--token,--update,-e,-g,-k,-l,-n	path
faas-cli store describe	-	--verbose,-v	path
faas-cli store list	-	--verbose,-v	-
faas-cli template	pull,store	-	-
faas-cli template pull	stack	--debug,--overwrite	-
faas-cli template pull stack	-	--debug,--overwrite	-
faas-cli template store	describe,list,pull	--debug,--overwrite	-
faas-cli template store describe	-	--url,-u	path
faas-cli template store list	-	--platform,--url,--verbose,-p,-u,-v	-
faas-cli template store pull	-	--url,-u	path
faas-cli up	-	--annotation,--build-arg,--build-label,--build-option,--constraint,--copy-extra,--disable-stack-pull,--env,--envsubst,--fprocess,--gateway,--handler,--image,--label,--lang,--name,--namespace,--network,--no-cache,--parallel,--quiet,--read-template,--readonly,--replace,--secret,--shrinkwrap,--skip-deploy,--skip-push,--squash,--tag,--tls-no-verify,--token,--update,-b,-e,-g,-k,-l,-n,-o	-
faas-cli version	-	--envsubst,--gateway,--short-version,--tls-no-verify,--token,--warn-update,-g,-k	-
factor	-	--exponents,--help,--version,-h	-
fakechroot	-	--bindir,--config-dir,--elfloader,--environment,--help,--lib,--use-system-libs,--version,-b,-c,-d,-e,-h,-l,-s,-v	-
fakeroot	-	--faked,--lib,--unknown-is-real,-b,-h,-i,-l,-s,-u,-v	path
fastfetch	-	-	-
fc-cache	-	--error-on-no-fonts,--force,--help,--really-force,--sysroot,--system-only,--verbose,--version,-E,-V,-f,-h,-r,-s,-v,-y	path
fc-cat	-	--help,--recurse,--verbose,--version,-V,-h,-r,-v	path
fc-conflist	-	--help,--version,-V,-h	-
fc-list	-	--brief,--format,--help,--quiet,--verbose,--version,-V,-b,-f,-h,-q,-v	-
fd	-	--absolute-path,--and,--base-directory,--batch-size,--case-sensitive,--changed-after,--changed-before,--changed-within,--color,--exact-depth,--exclude,--exec,--exec-batch,--extension,--fixed-strings,--follow,--format,--full-path,--glob,--help,--hidden,--hyperlink,--ignore-case,--ignore-file,--list-details,--max-depth,--max-results,--min-depth,--no-ignore,--no-ignore-parent,--no-ignore-vcs,--no-require-git,--one-file-system,--owner,--path-separator,--print0,--prune,--quiet,--regex,--search-path,--show-errors,--size,--strip-cwd-prefix,--threads,--type,--unrestricted,--version,-0,-1,-E,-F,-H,-I,-L,-S,-V,-X,-a,-c,-d,-e,-g,-h,-i,-j,-l,-o,-p,-q,-s,-t,-u,-x	-
fdisk	-	--bytes,--color,--compatibility,--cylinders,--getsz,--heads,--help,--list,--list-details,--lock,--noauto-pt,--output,--protect-boot,--sector-size,--sectors,--type,--units,--version,--wipe,--wipe-partitions,-B,-C,-H,-L,-S,-V,-W,-b,-c,-h,-l,-n,-o,-s,-t,-u,-w,-x	path
feh	-	--action,--action1,--action2,--action3,--action4,--action5,--action6,--action7,--action8,--action9,--alpha,--auto-reload,--auto-rotate,--auto-zoom,--bg,--bg-center,--bg-fill,--bg-max,--bg-scale,--bg-tile,--borderless,--cache-size,--cache-thumbnails,--caption-path,--class,--conversion-timeout,--customlist,--draw-actions,--draw-exif,--draw-filename,--draw-tinted,--edit,--filelist,--font,--fontpath,--force-aliasing,--fullindex,--fullscreen,--geometry,--help,--hide-pointer,--ignore-aspect,--image-bg,--index,--index-info,--info,--insecure,--keep-http,--keep-zoom-vp,--limit-height,--limit-width,--list,--loadable,--max-dimension,--menu-font,--min-dimension,--montage,--multiwindow,--no-fehbg,--no-jump-on-resort,--no-menus,--no-recursive,--no-screen-clip,--no-xinerama,--on-last-slide,--output,--output-dir,--output-only,--preload,--quiet,--randomize,--recursive,--reload,--reverse,--scale-down,--scroll-step,--slideshow-delay,--sort,--start-at,--stretch,--tap-zones,--theme,--thumb-height,--thumb-redraw,--thumb-title,--thumb-width,--thumbnails,--title,--title-font,--unloadable,--verbose,--version,--version-sort,--window-id,--xinerama-index,--zoom,--zoom-step,-A,-B,-C,-D,-E,-F,-G,-H,-I,-J,-K,-L,-M,-N,-O,-P,-R,-S,-T,-U,-V,-W,-X,-Y,-Z,-a,-b,-d,-e,-f,-g,-h,-i,-j,-k,-l,-m,-n,-o,-p,-q,-r,-s,-t,-u,-v,-w,-x,-y,-z	path
ffmpeg	-	-	-
ffplay	-	-	-
ffprobe	-	-	-
fgrep	-	-	-
file	-	--apple,--brief,--checking-printout,--compile,--debug,--dereference,--exclude,--exclude-quiet,--extension,--files-from,--help,--keep-going,--list,--magic-file,--mime,--mime-encoding,--mime-type,--no-buffer,--no-dereference,--no-pad,--no-sandbox,--parameter,--preserve-date,--print0,--raw,--separator,--special-files,--uncompress,--uncompress-noreport,--version,-0,-C,-F,-L,-N,-P,-S,-Z,-b,-c,-d,-e,-f,-h,-i,-k,-l,-m,-n,-p,-r,-s,-v,-z	path
find	-	--help,--version,-D,-H,-L,-O0,-O1,-O2,-O3,-P,-amin,-anewer,-atime,-cmin,-cnewer,-context,-ctime,-daystart,-delete,-depth,-exec,-execdir,-executable,-false,-fls,-fprint,-fprint0,-fprintf,-fstype,-gid,-group,-help,-ignore_readdir_race,-ilname,-iname,-inum,-ipath,-iregex,-iwholename,-links,-lname,-ls,-maxdepth,-mindepth,-mmin,-mount,-mtime,-name,-newer,-nogroup,-noignore_readdir_race,-noleaf,-nouser,-nowarn,-ok,-okdir,-path,-perm,-print,-print0,-printf,-prune,-quit,-readable,-regex,-regextype,-samefile,-size,-true,-type,-used,-user,-version,-warn,-wholename,-writable,-xdev,-xtype	path
firefox	-	--ProfileManager,--allow-downgrade,--browser,--devtools,--display,--first-startup,--full-version,--headless,--help,--jsconsole,--migration,--new-instance,--new-tab,--no-remote,--preferences,--profile,--safe-mode,--search,--ssb,--start-debugger-server,--sync,--version,-P,-h,-v	path
fish	-	--command,--debug,--debug-output,--features,--init-command,--interactive,--login,--no-config,--no-execute,--print-debug-categories,--print-rusage-self,--private,--profile,--profile-startup,--version,-C,-N,-P,-c,-d,-f,-i,-l,-n,-o,-p,-v	path
flatpak	build,build-commit-from,build-export,build-finish,build-import-bundle,build-init,build-sign,build-update-repo,config,create-usb,document-export,document-info,document-unexport,documents,enter,history,info,install,kill,list,make-current,mask,override,permission-remove,permission-reset,permission-set,permission-show,permissions,pin,ps,remote-add,remote-delete,remote-info,remote-ls,remote-modify,remotes,repair,repo,run,search,uninstall,update	--default-arch,--gl-drivers,--help,--installations,--ostree-verbose,--print-system-only,--print-updated-env,--supported-arches,--verbose,--version,-h,-v	-
flatpak build	-	--add-policy,--allow,--bind-mount,--build-dir,--device,--die-with-parent,--disallow,--env,--env-fd,--filesystem,--help,--help-all,--log-session-bus,--log-system-bus,--metadata,--no-talk-name,--nodevice,--nofilesystem,--nosocket,--ostree-verbose,--own-name,--persist,--readonly,--remove-policy,--runtime,--sdk-dir,--share,--socket,--system-no-talk-name,--system-own-name,--system-talk-name,--talk-name,--unset-env,--unshare,--verbose,--with-appdir,-h,-p,-r,-v	path
flatpak build-commit-from	-	--body,--disable-fsync,--end-of-life,--end-of-life-rebase,--extra-collection-id,--force,--gpg-homedir,--gpg-sign,--help,--no-summary-index,--no-update-summary,--ostree-verbose,--src-ref,--src-repo,--subject,--subset,--timestamp,--token-type,--untrusted,--update-appstream,--verbose,-b,-h,-s,-v	-
flatpak build-export	-	--arch,--body,--collection-id,--disable-fsync,--disable-sandbox,--end-of-life,--end-of-life-rebase,--exclude,--files,--gpg-homedir,--gpg-sign,--help,--include,--metadata,--no-summary-index,--no-update-summary,--ostree-verbose,--runtime,--subject,--subset,--timestamp,--token-type,--update-appstream,--verbose,-b,-h,-r,-s,-v	-
flatpak build-finish	-	--add-policy,--allow,--command,--device,--disallow,--env,--env-fd,--extension,--extension-priority,--extra-data,--filesystem,--help,--help-all,--metadata,--no-exports,--no-inherit-permissions,--no-talk-name,--nodevice,--nofilesystem,--nosocket,--ostree-verbose,--own-name,--persist,--remove-extension,--remove-policy,--require-version,--runtime,--sdk,--share,--socket,--system-no-talk-name,--system-own-name,--system-talk-name,--talk-name,--unset-env,--unshare,--verbose,-h,-v	path
flatpak build-import-bundle	-	--gpg-homedir,--gpg-sign,--help,--no-summary-index,--no-update-summary,--oci,--ostree-verbose,--ref,--update-appstream,--verbose,-h,-v	-
flatpak build-init	-	--arch,--base,--base-extension,--base-version,--extension,--extension-tag,--help,--ostree-verbose,--sdk-dir,--sdk-extension,--tag,--type,--update,--var,--verbose,--writable-sdk,-h,-v,-w	path
flatpak build-sign	-	--arch,--gpg-homedir,--gpg-sign,--help,--ostree-verbose,--runtime,--verbose,-h,-v	-
flatpak build-update-repo	-	--authenticator-install,--authenticator-name,--authenticator-option,--collection-id,--comment,--default-branch,--deploy-collection-id,--deploy-sideload-collection-id,--description,--generate-static-deltas,--gpg-homedir,--gpg-import,--gpg-sign,--help,--homepage,--icon,--no-authenticator-install,--no-summary-index,--no-update-appstream,--no-update-summary,--ostree-verbose,--prune,--prune-depth,--prune-dry-run,--redirect-url,--static-delta-ignore-ref,--static-delta-jobs,--title,--verbose,-h,-v	-
flatpak config	-	--get,--help,--installation,--list,--ostree-verbose,--set,--system,--unset,--user,--verbose,-h,-u,-v	-
flatpak create-usb	-	--allow-partial,--app,--arch,--destination-repo,--help,--installation,--ostree-verbose,--runtime,--system,--user,--verbose,-h,-u,-v	path
flatpak document-export	-	--allow-delete,--allow-grant-permission,--allow-read,--allow-write,--app,--forbid-delete,--forbid-grant-permission,--forbid-read,--forbid-write,--help,--noexist,--ostree-verbose,--transient,--unique,--verbose,-a,-d,-g,-h,-n,-r,-t,-u,-v,-w	path
flatpak document-info	-	--help,--ostree-verbose,--verbose,-h,-v	-
flatpak document-unexport	-	--doc-id,--help,--ostree-verbose,--verbose,-h,-v	-
flatpak documents	-	--columns,--help,--ostree-verbose,--verbose,-h,-v	path
flatpak enter	-	--help,--ostree-verbose,--verbose,-h,-v	-
flatpak history	-	--columns,--help,--installation,--ostree-verbose,--reverse,--since,--system,--until,--user,--verbose,-h,-u,-v	-
flatpak info	-	--arch,--file-access,--help,--installation,--ostree-verbose,--show-commit,--show-extensions,--show-location,--show-metadata,--show-origin,--show-permissions,--show-ref,--show-runtime,--show-sdk,--show-size,--system,--user,--verbose,-M,-c,-e,-h,-l,-m,-o,-r,-s,-v	path
flatpak install	-	--app,--arch,--assumeyes,--bundle,--from,--gpg-file,--help,--include-debug,--include-sdk,--installation,--no-auto-pin,--no-deploy,--no-deps,--no-pull,--no-related,--no-static-deltas,--noninteractive,--or-update,--ostree-verbose,--reinstall,--runtime,--sideload-repo,--subpath,--system,--user,--verbose,-h,-u,-v,-y	path
flatpak kill	-	--help,--ostree-verbose,--verbose,-h,-v	-
flatpak list	-	--all,--app,--app-runtime,--arch,--columns,--help,--installation,--ostree-verbose,--runtime,--show-details,--system,--user,--verbose,-a,-d,-h,-u,-v	-
flatpak make-current	-	--arch,--help,--installation,--ostree-verbose,--system,--user,--verbose,-h,-u,-v	-
flatpak mask	-	--help,--installation,--ostree-verbose,--remove,--system,--user,--verbose,-h,-u,-v	-
flatpak override	-	--add-policy,--allow,--device,--disallow,--env,--env-fd,--filesystem,--help,--help-all,--installation,--no-talk-name,--nodevice,--nofilesystem,--nosocket,--ostree-verbose,--own-name,--persist,--remove-policy,--reset,--share,--show,--socket,--system,--system-no-talk-name,--system-own-name,--system-talk-name,--talk-name,--unset-env,--unshare,--user,--verbose,-h,-u,-v	path
flatpak permission-remove	-	--help,--ostree-verbose,--verbose,-h,-v	-
flatpak permission-reset	-	--all,--help,--ostree-verbose,--verbose,-h,-v	path
flatpak permission-set	-	--data,--help,--ostree-verbose,--verbose,-h,-v	-
flatpak permission-show	-	--help,--ostree-verbose,--verbose,-h,-v	path
flatpak permissions	-	--help,--ostree-verbose,--verbose,-h,-v	-
flatpak pin	-	--help,--installation,--ostree-verbose,--remove,--system,--user,--verbose,-h,-u,-v	-
flatpak ps	-	--columns,--help,--ostree-verbose,--verbose,-h,-v	-
flatpak remote-add	-	--authenticator-install,--authenticator-name,--authenticator-option,--collection-id,--comment,--default-branch,--description,--disable,--filter,--from,--gpg-import,--help,--homepage,--icon,--if-not-exists,--installation,--no-authenticator-install,--no-enumerate,--no-follow_redirect,--no-gpg-verify,--no-use-for-deps,--ostree-verbose,--prio,--subset,--system,--title,--user,--verbose,-h,-u,-v	-
flatpak remote-delete	-	--force,--help,--installation,--ostree-verbose,--system,--user,--verbose,-h,-u,-v	-
flatpak remote-info	-	--app,--arch,--cached,--commit,--help,--installation,--log,--ostree-verbose,--runtime,--show-commit,--show-metadata,--show-parent,--show-ref,--show-runtime,--show-sdk,--sideloaded,--system,--user,--verbose,-c,-h,-m,-p,-r,-u,-v	-
flatpak remote-ls	-	--all,--app,--app-runtime,--arch,--cached,--columns,--help,--installation,--ostree-verbose,--runtime,--show-details,--sideloaded,--system,--updates,--user,--verbose,-a,-d,-h,-u,-v	-
flatpak remote-modify	-	--authenticator-install,--authenticator-name,--authenticator-option,--collection-id,--comment,--default-branch,--description,--disable,--enable,--enumerate,--filter,--follow-redirect,--gpg-import,--gpg-verify,--help,--homepage,--icon,--installation,--no-authenticator-install,--no-enumerate,--no-filter,--no-follow-redirect,--no-gpg-verify,--no-use-for-deps,--ostree-verbose,--prio,--subset,--system,--title,--update-metadata,--url,--use-for-deps,--user,--verbose,-h,-u,-v	-
flatpak remotes	-	--columns,--help,--installation,--ostree-verbose,--show-details,--show-disabled,--system,--user,--verbose,-d,-h,-u,-v	-
flatpak repair	-	--dry-run,--help,--installation,--ostree-verbose,--reinstall-all,--system,--user,--verbose,-h,-u,-v	-
flatpak repo	-	--branches,--commits,--help,--info,--metadata,--ostree-verbose,--subset,--subsets,--verbose,-h,-v	-
flatpak run	-	--a11y-bus,--add-policy,--allow,--app-path,--arch,--branch,--command,--commit,--cwd,--devel,--device,--die-with-parent,--disallow,--env,--env-fd,--file-forwarding,--filesystem,--help,--help-all,--installation,--instance-id-fd,--log-a11y-bus,--log-session-bus,--log-system-bus,--no-a11y-bus,--no-documents-portal,--no-session-bus,--no-talk-name,--nodevice,--nofilesystem,--nosocket,--ostree-verbose,--own-name,--parent-expose-pids,--parent-pid,--parent-share-pids,--persist,--remove-policy,--runtime,--runtime-commit,--runtime-version,--sandbox,--session-bus,--share,--socket,--system,--system-no-talk-name,--system-own-name,--system-talk-name,--talk-name,--unset-env,--unshare,--user,--usr-path,--verbose,-d,-h,-p,-u,-v	path
flatpak search	-	--arch,--columns,--help,--installation,--ostree-verbose,--system,--user,--verbose,-h,-u,-v	path
flatpak uninstall	-	--all,--app,--arch,--assumeyes,--delete-data,--force-remove,--help,--installation,--keep-ref,--no-related,--noninteractive,--ostree-verbose,--runtime,--system,--unused,--user,--verbose,-h,-u,-v,-y	path
flatpak update	-	--app,--appstream,--arch,--assumeyes,--commit,--force-remove,--help,--installation,--no-deploy,--no-deps,--no-pull,--no-related,--no-static-deltas,--noninteractive,--ostree-verbose,--runtime,--sideload-repo,--subpath,--system,--user,--verbose,-h,-u,-v,-y	-
flutter	analyze,assemble,attach,bash-completion,build,channel,clean,config,create,devices,doctor,downgrade,drive,emulators,format,gen-l10n,install,logs,precache,pub,run,screenshot,symbolize,test,upgrade	--device-id,--help,--suppress-analytics,--verbose,--version,-d,-h,-v	-
flutter analyze	-	--congratulate,--current-package,--fatal-infos,--fatal-warnings,--help,--no-congratulate,--no-current-package,--no-fatal-infos,--no-fatal-warnings,--no-preamble,--no-pub,--preamble,--pub,--watch,--write,-h	-
flutter assemble	-	--DartDefines,--build-inputs,--build-outputs,--define,--depfile,--help,--input,--output,--performance-measurement-file,--resource-pool-size,-d,-h,-i,-o	-
flutter attach	-	--app-id,--dart-define,--dds-port,--debug,--debug-uri,--device-timeout,--device-user,--device-vmservice-port,--help,--host-vmservice-port,--no-null-assertions,--no-track-widget-creation,--null-assertions,--pid-file,--profile,--target,--track-widget-creation,-h,-t	-
flutter bash-completion	-	--help,--no-overwrite,--overwrite,-h	-
flutter build	aar,apk,appbundle,bundle,fuchsia,ios,ios-framework,ipa,linux,web,windows,winuwp,xcarchive	--help,-h	-
flutter build aar	-	--build-number,--dart-define,--debug,--flavor,--help,--no-debug,--no-null-assertions,--no-obfuscate,--no-pub,--no-release,--no-track-widget-creation,--no-tree-shake-icons,--null-assertions,--obfuscate,--output-dir,--profile,--pub,--split-debug-info,--target-platform,--track-widget-creation,--tree-shake-icons,-h	-
flutter build apk	-	--analyze-size,--build-name,--build-number,--dart-define,--debug,--flavor,--help,--no-analyze-size,--no-null-assertions,--no-obfuscate,--no-pub,--no-track-widget-creation,--no-tree-shake-icons,--null-assertions,--obfuscate,--profile,--pub,--release,--split-debug-info,--split-per-abi,--target,--target-platform,--track-widget-creation,--tree-shake-icons,-h,-t	-
flutter build appbundle	-	--analyze-size,--build-name,--build-number,--dart-define,--debug,--deferred-components,--flavor,--help,--no-analyze-size,--no-deferred-components,--no-null-assertions,--no-obfuscate,--no-pub,--no-track-widget-creation,--no-tree-shake-icons,--no-validate-deferred-components,--null-assertions,--obfuscate,--profile,--pub,--release,--split-debug-info,--target,--target-platform,--track-widget-creation,--tree-shake-icons,--validate-deferred-components,-h,-t	-
flutter build bundle	-	--asset-dir,--build-number,--debug,--depfile,--help,--no-pub,--no-track-widget-creation,--no-tree-shake-icons,--profile,--pub,--release,--target,--target-platform,--track-widget-creation,--tree-shake-icons,-h,-t	-
flutter build fuchsia	-	--dart-define,--debug,--help,--no-null-assertions,--no-tree-shake-icons,--null-assertions,--profile,--release,--runner-source,--target,--target-platform,--tree-shake-icons,-h,-t	-
flutter build ios	-	--analyze-size,--build-name,--build-number,--codesign,--config-only,--dart-define,--debug,--flavor,--help,--no-analyze-size,--no-codesign,--no-config-only,--no-null-assertions,--no-obfuscate,--no-pub,--no-simulator,--no-tree-shake-icons,--null-assertions,--obfuscate,--profile,--pub,--release,--simulator,--split-debug-info,--target,--tree-shake-icons,-h,-t	-
flutter build ios-framework	-	--cocoapods,--dart-define,--debug,--flavor,--help,--no-cocoapods,--no-debug,--no-null-assertions,--no-obfuscate,--no-profile,--no-pub,--no-release,--no-tree-shake-icons,--null-assertions,--obfuscate,--output,--profile,--pub,--release,--split-debug-info,--target,--tree-shake-icons,-h,-o,-t	-
flutter build ipa	-	--analyze-size,--build-name,--build-number,--dart-define,--debug,--export-options-plist,--flavor,--help,--no-analyze-size,--no-null-assertions,--no-obfuscate,--no-pub,--no-tree-shake-icons,--null-assertions,--obfuscate,--profile,--pub,--release,--split-debug-info,--target,--tree-shake-icons,-h,-t	-
flutter build linux	-	--analyze-size,--dart-define,--debug,--help,--no-analyze-size,--no-null-assertions,--no-obfuscate,--no-pub,--no-track-widget-creation,--no-tree-shake-icons,--null-assertions,--obfuscate,--profile,--pub,--release,--split-debug-info,--target,--target-platform,--target-sysroot,--track-widget-creation,--tree-shake-icons,-h,-t	-
flutter build web	-	--csp,--dart-define,--help,--native-null-assertions,--no-native-null-assertions,--no-null-assertions,--no-pub,--no-source-maps,--no-tree-shake-icons,--null-assertions,--profile,--pub,--pwa-strategy,--release,--source-maps,--target,--tree-shake-icons,--web-renderer,-h,-t	-
flutter build windows	-	--analyze-size,--dart-define,--debug,--help,--no-analyze-size,--no-null-assertions,--no-obfuscate,--no-pub,--no-track-widget-creation,--no-tree-shake-icons,--null-assertions,--obfuscate,--profile,--pub,--release,--split-debug-info,--target,--track-widget-creation,--tree-shake-icons,-h,-t	-
flutter build winuwp	-	--analyze-size,--dart-define,--debug,--help,--no-analyze-size,--no-null-assertions,--no-obfuscate,--no-pub,--no-track-widget-creation,--no-tree-shake-icons,--null-assertions,--obfuscate,--profile,--pub,--release,--split-debug-info,--target,--track-widget-creation,--tree-shake-icons,-h,-t	-
flutter build xcarchive	-	--analyze-size,--build-name,--build-number,--dart-define,--debug,--export-options-plist,--flavor,--help,--no-analyze-size,--no-null-assertions,--no-obfuscate,--no-pub,--no-tree-shake-icons,--null-assertions,--obfuscate,--profile,--pub,--release,--split-debug-info,--target,--tree-shake-icons,-h,-t	-
flutter channel	-	--help,-h	path
flutter clean	-	--help,-h	-
flutter config	-	--analytics,--android-sdk,--android-studio-dir,--build-dir,--clear-features,--clear-ios-signing-cert,--enable-android,--enable-custom-devices,--enable-fuchsia,--enable-ios,--enable-linux-desktop,--enable-macos-desktop,--enable-web,--enable-windows-desktop,--enable-windows-uwp-desktop,--help,--no-analytics,--no-enable-android,--no-enable-custom-devices,--no-enable-fuchsia,--no-enable-ios,--no-enable-linux-desktop,--no-enable-macos-desktop,--no-enable-web,--no-enable-windows-desktop,--no-enable-windows-uwp-desktop,--no-single-widget-reload-optimization,--single-widget-reload-optimization,-h	-
flutter create	-	--android-language,--description,--help,--ios-language,--list-samples,--no-offline,--no-overwrite,--no-pub,--offline,--org,--overwrite,--platforms,--project-name,--pub,--sample,--template,-a,-h,-i,-s,-t	path
flutter devices	-	--device-timeout,--help,--machine,-h	-
flutter doctor	-	--android-licenses,--help,-h	-
flutter downgrade	-	--help,-h	-
flutter drive	-	--android-emulator,--android-project-arg,--browser-dimension,--browser-name,--build,--cache-sksl,--chrome-binary,--dart-define,--dart-entrypoint-args,--dds-port,--debug,--device-timeout,--device-user,--device-vmservice-port,--driver,--driver-port,--dump-skp-on-shader-compilation,--endless-trace-buffer,--flavor,--headless,--help,--host-vmservice-port,--keep-app-running,--no-android-emulator,--no-build,--no-headless,--no-keep-app-running,--no-null-assertions,--no-start-paused,--no-track-widget-creation,--null-assertions,--profile,--profile-memory,--purge-persistent-cache,--release,--route,--screenshot,--start-paused,--target,--test-arguments,--trace-skia,--trace-startup,--trace-systrace,--track-widget-creation,--use-application-binary,--use-existing-app,--verbose-system-logs,--web-renderer,--write-sksl-on-exit,-P,-a,-h,-t	-
flutter emulators	-	--cold,--create,--help,--launch,--name,-h	-
flutter format	-	--fix,--help,--line-length,--output,--set-exit-if-changed,--verbose,-h,-l,-o,-v	path
flutter gen-l10n	-	--arb-dir,--gen-inputs-and-outputs-list,--header,--header-file,--help,--no-nullable-getter,--no-required-resource-attributes,--no-synthetic-package,--no-use-deferred-loading,--nullable-getter,--output-class,--output-dir,--output-localization-file,--preferred-supported-locales,--project-dir,--required-resource-attributes,--synthetic-package,--template-arb-file,--untranslated-messages-file,--use-deferred-loading,-h	-
flutter install	-	--device-timeout,--device-user,--help,--no-uninstall-only,--uninstall-only,-h	-
flutter logs	-	--clear,--device-timeout,--help,-c,-h	-
flutter precache	-	--all-platforms,--force,--fuchsia,--help,--ios,--linux,--macos,--no-fuchsia,--no-ios,--no-linux,--no-macos,--no-universal,--no-web,--no-windows,--no-winuwp,--universal,--web,--windows,--winuwp,-a,-f,-h	-
flutter pub	add,cache,deps,downgrade,get,global,login,logout,outdated,pub,publish,remove,run,test,upgrade,uploader,version	--help,-h	-
flutter pub add	-	--dev,--directory,--dry-run,--git-path,--git-ref,--git-url,--help,--hosted-url,--no-offline,--no-precompile,--offline,--path,--precompile,--sdk,-C,-d,-h,-n	path
flutter pub cache	add,clean,repair	--help,-h	-
flutter pub cache add	-	--all,--help,--version,-h,-v	path
flutter pub cache clean	-	--force,--help,-f,-h	-
flutter pub cache repair	-	--help,-h	-
flutter pub deps	-	--dev,--directory,--executables,--help,--json,--no-dev,--style,-C,-h,-s	-
flutter pub downgrade	-	--directory,--dry-run,--help,--no-offline,--offline,-C,-h,-n	path
flutter pub get	-	--help,--offline,-h	path
flutter pub global	activate,deactivate,list,run	--help,-h	-
flutter pub global activate	-	--executable,--help,--hosted-url,--no-executables,--overwrite,--source,-h,-s,-u,-x	path
flutter pub global deactivate	-	--help,-h	path
flutter pub global list	-	--help,-h	-
flutter pub global run	-	--enable-asserts,--enable-experiment,--help,--no-enable-asserts,--no-sound-null-safety,--sound-null-safety,-h	path
flutter pub login	-	--help,-h	-
flutter pub logout	-	--help,-h	-
flutter pub outdated	-	--color,--dependency-overrides,--dev-dependencies,--directory,--help,--json,--mode,--no-color,--no-dependency-overrides,--no-dev-dependencies,--no-show-all,--no-transitive,--show-all,--transitive,-C,-h	-
flutter pub pub	-	--help,-h	-
flutter pub publish	-	--directory,--dry-run,--force,--help,-C,-f,-h,-n	-
flutter pub remove	-	--directory,--dry-run,--help,--no-offline,--no-precompile,--offline,--precompile,-C,-h,-n	path
flutter pub run	-	--directory,--enable-asserts,--enable-experiment,--help,--no-enable-asserts,--no-sound-null-safety,--sound-null-safety,-C,-h	path
flutter pub test	-	--help,-h	-
flutter pub upgrade	-	--directory,--dry-run,--help,--major-versions,--no-offline,--no-precompile,--null-safety,--offline,--precompile,-C,-h,-n	path
flutter pub uploader	-	--directory,--help,--package,-C,-h	-
flutter pub version	-	--help,-h	-
flutter run	-	--android-project-arg,--await-first-frame-when-tracing,--build,--cache-sksl,--dart-define,--dart-entrypoint-args,--dds-port,--debug,--device-timeout,--device-user,--device-vmservice-port,--dump-skp-on-shader-compilation,--enable-software-rendering,--endless-trace-buffer,--flavor,--help,--host-vmservice-port,--hot,--no-await-first-frame-when-tracing,--no-build,--no-hot,--no-null-assertions,--no-pub,--no-start-paused,--no-track-widget-creation,--no-use-test-fonts,--null-assertions,--pid-file,--profile,--pub,--purge-persistent-cache,--release,--route,--skia-deterministic-rendering,--start-paused,--target,--trace-skia,--trace-startup,--trace-systrace,--track-widget-creation,--use-application-binary,--use-test-fonts,--verbose-system-logs,--web-renderer,-P,-a,-h,-t	-
flutter screenshot	-	--device-timeout,--help,--observatory-url,--out,--type,-h,-o	-
flutter symbolize	-	--debug-info,--help,--input,--output,-d,-h,-i,-o	-
flutter test	-	--concurrency,--coverage,--coverage-path,--dart-define,--dds-port,--device-user,--exclude-tags,--help,--merge-coverage,--name,--no-null-assertions,--no-pub,--no-run-skipped,--no-test-assets,--no-track-widget-creation,--null-assertions,--plain-name,--pub,--reporter,--run-skipped,--shard-index,--start-paused,--tags,--test-assets,--test-randomize-ordering-seed,--timeout,--total-shards,--track-widget-creation,--update-goldens,--web-renderer,-h,-j,-r,-t,-x	-
flutter upgrade	-	--force,--help,--verify-only,-f,-h	-
fmt	-	--crown-margin,--goal,--help,--prefix,--split-only,--tagged-paragraph,--uniform-spacing,--version,--width,-c,-g,-p,-s,-t,-u,-w	path
fnm	alias,completions,current,default,env,exec,install,list,list-remote,ls,ls-remote,unalias,uninstall,use	--arch,--corepack-enabled,--fnm-dir,--help,--log-level,--node-dist-mirror,--resolve-engines,--version,--version-file-strategy,-h,-v	-
fnm alias	-	-	path
fnm completions	-	--shell	-
fnm current	-	-	-
fnm default	-	-	path
fnm env	-	--json,--shell,--use-on-cd	-
fnm exec	-	--using	-
fnm install	-	--latest,--lts,--progress	-
fnm list	-	-	-
fnm list-remote	-	--filter,--latest,--lts,--sort	-
fnm ls	-	-	-
fnm ls-remote	-	--filter,--latest,--lts,--sort	-
fnm unalias	-	-	path
fnm uninstall	-	--using	path
fnm use	-	--install-if-missing,--silent-if-unchanged	path
fold	-	--bytes,--help,--spaces,--version,--width,-b,-s,-w	path
foot	-	--app-id,--check-config,--config,--font,--fullscreen,--hold,--log-colorize,--log-level,--log-no-syslog,--login-shell,--maximized,--override,--print-pid,--server,--term,--title,--version,--window-size-chars,--window-size-pixels,--working-directory,-C,-D,-F,-H,-L,-T,-W,-a,-c,-d,-e,-f,-l,-m,-o,-p,-s,-t,-v,-w	path
free	-	--bytes,--committed,--count,--gibi,--giga,--help,--human,--kibi,--kilo,--line,--lohi,--mebi,--mega,--pebi,--peta,--seconds,--si,--tebi,--tera,--total,--version,--wide,-L,-V,-b,-c,-g,-h,-k,-l,-m,-s,-t,-v,-w	-
freeze	-	--background,--config,--execute,--height,--interactive,--language,--line-height,--lines,--margin,--output,--padding,--show-line-numbers,--theme,--width,--window,-H,-W,-b,-c,-i,-l,-m,-o,-p,-r,-t,-x	-
ftp	-	--active,--debug,--help,--ipv4,--ipv6,--netrc,--no-edit,--no-glob,--no-login,--no-prompt,--passive,--prompt,--trace,--usage,--verbose,--version,-4,-6,-A,-N,-V,-d,-e,-g,-i,-n,-p,-t,-v	path
ftpd	-	--anonymous-only,--auth,--daemon,--debug,--help,--ipv4,--ipv6,--logging,--max-timeout,--no-version,--non-rfc2577,--pidfile,--timeout,--umask,--usage,--version,-4,-6,-A,-D,-T,-V,-a,-d,-l,-p,-q,-t,-u	-
fury	accounts,git,help,list,login,logout,packages,push,sharing,versions,whoami,yank	--account,--api-token,--help,--version,-a,-h,-v	-
fury accounts	-	-	-
fury git	config,destroy,list,rebuild,rename,reset,stack	-	-
fury git config	get,set,unset	-	-
fury git config get	-	-	-
fury git config set	-	-	-
fury git config unset	-	-	-
fury git destroy	-	--reset-only	-
fury git list	-	-	-
fury git rebuild	-	--revision,-r	-
fury git rename	-	-	-
fury git reset	-	--reset-only	-
fury git stack	set	-	-
fury git stack set	-	-	-
fury help	-	-	-
fury list	-	-	-
fury login	-	-	-
fury logout	-	-	-
fury packages	-	-	-
fury push	-	--public,--quiet	path
fury sharing	add,remove	-	-
fury sharing add	-	--role	-
fury sharing remove	-	-	-
fury versions	-	-	-
fury whoami	-	-	-
fury yank	-	--version,-v	-
fzf	-	--accept-nth,--algo,--ansi,--bash,--bind,--border,--border-label,--border-label-pos,--color,--cycle,--delimiter,--disabled,--ellipsis,--exact,--exit-0,--expect,--extended,--filepath-word,--filter,--fish,--footer,--footer-border,--footer-label,--footer-label-pos,--freeze-left,--freeze-right,--gap,--gap-line,--ghost,--gutter,--gutter-raw,--header,--header-border,--header-first,--header-label-pos,--header-lines,--header-lines-border,--height,--help,--highlight-line,--history,--history-size,--hscroll-off,--ignore-case,--info,--info-command,--input-border,--input-label,--input-label-pos,--jump-labels,--keep-right,--layout,--list-border,--list-label,--list-label-pos,--listen,--listen-unsafe,--literal,--man,--margin,--marker,--marker-multi-line,--min-height,--multi,--no-bold,--no-clear,--no-color,--no-extended,--no-hscroll,--no-ignore-case,--no-info,--no-input,--no-mouse,--no-multi,--no-multi-line,--no-scrollbar,--no-separator,--no-sort,--no-tty-default,--no-unicode,--nth,--padding,--phony,--pointer,--preview,--preview-border,--preview-label,--preview-label-pos,--preview-window,--preview-wrap-sign,--print-query,--print0,--prompt,--query,--raw,--read0,--scheme,--scroll-off,--scrollbar,--select-1,--separator,--smart-case,--style,--sync,--tabstop,--tac,--tail,--tiebreak,--tmux,--track,--version,--walker,--walker-root,--walker-skip,--with-nth,--with-shell,--wrap,--wrap-sign,--zsh,-0,-1,-d,-e,-f,-i,-m,-n,-q,-x	-
gatsby	build,clean,develop,info,new,options,plugin,repl,serve,telemetry	--help,--json,--no-color,--no-colors,--verbose,--version,-h,-v	-
gatsby build	-	--graphql-tracing,--no-uglify,--open-tracing-config-file,--prefix-paths,--profile	-
gatsby clean	-	-	-
gatsby develop	-	--ca-file,--cert-file,--graphql-tracing,--host,--https,--inspect,--inspect-brk,--key-file,--open,--open-tracing-config-file,--port,-H,-S,-c,-k,-o,-p	-
gatsby info	-	--clipboard,-C	-
gatsby new	-	-	path
gatsby options	-	-	-
gatsby plugin	-	-	-
gatsby repl	-	-	-
gatsby serve	-	--host,--open,--open-tracing-config-file,--port,--prefix-paths,-H,-o,-p	-
gatsby telemetry	-	--disable,--enable	-
gcloud	-	-	path
gdb	-	--args,--batch,--batch-silent,--cd,--command,--configuration,--core,--data-directory,--dbx,--directory,--eval-command,--exec,--fullname,--help,--init-command,--init-eval-command,--interpreter,--nh,--nw,--nx,--pid,--quiet,--readnever,--readnow,--return-child-result,--se,--silent,--symbols,--tty,--tui,--version,--write,-D,-b,-l,-q,-w,-x	path
gdown	-	--continue,--folder,--format,--help,--json,--no-check-certificate,--no-cookies,--output,--proxy,--quiet,--speed,--user-agent,--version,-O,-V,-c,-h,-q	-
gdu	-	--const-gc,--enable-profiling,--help,--ignore-dirs,--ignore-dirs-pattern,--ignore-from,--input-file,--log-file,--max-cores,--no-color,--no-cross,--no-hidden,--no-progress,--non-interactive,--output-file,--show-apparent-size,--show-disks,--show-relative-size,--si,--summarize,--version,-B,-H,-I,-X,-a,-c,-d,-f,-g,-h,-i,-l,-m,-n,-o,-p,-s,-v,-x	path
get-env	-	-	-
gftp	-	--help,--info,--version,-h,-v	-
gh	agent,agent-task,agent-tasks,agents,alias,api,at,attestation,auth,browse,cache,co,codespace,completion,config,copilot,cs,discussion,ext,extension,extensions,gist,gpg-key,help,issue,label,licenses,org,pr,preview,project,release,repo,rs,ruleset,run,search,secret,skill,skills,ssh-key,status,variable,workflow	--help,--version	-
gh agent	create,list,view	-	-
gh agent create	-	--base,--custom-agent,--follow,--from-file,--repo,-F,-R,-a,-b	-
gh agent list	-	--jq,--json,--limit,--template,--web,-L,-q,-t,-w	-
gh agent view	-	--follow,--jq,--json,--log,--repo,--template,--web,-R,-q,-t,-w	-
gh agent-task	create,list,view	-	-
gh agent-task create	-	--base,--custom-agent,--follow,--from-file,--repo,-F,-R,-a,-b	-
gh agent-task list	-	--jq,--json,--limit,--template,--web,-L,-q,-t,-w	-
gh agent-task view	-	--follow,--jq,--json,--log,--repo,--template,--web,-R,-q,-t,-w	-
gh agent-tasks	create,list,view	-	-
gh agent-tasks create	-	--base,--custom-agent,--follow,--from-file,--repo,-F,-R,-a,-b	-
gh agent-tasks list	-	--jq,--json,--limit,--template,--web,-L,-q,-t,-w	-
gh agent-tasks view	-	--follow,--jq,--json,--log,--repo,--template,--web,-R,-q,-t,-w	-
gh agents	create,list,view	-	-
gh agents create	-	--base,--custom-agent,--follow,--from-file,--repo,-F,-R,-a,-b	-
gh agents list	-	--jq,--json,--limit,--template,--web,-L,-q,-t,-w	-
gh agents view	-	--follow,--jq,--json,--log,--repo,--template,--web,-R,-q,-t,-w	-
gh alias	delete,import,list,ls,set	-	-
gh alias delete	-	--all	-
gh alias import	-	--clobber	path
gh alias list	-	-	-
gh alias ls	-	-	-
gh alias set	-	--clobber,--shell,-s	-
gh api	-	--cache,--field,--header,--hostname,--include,--input,--jq,--method,--paginate,--preview,--raw-field,--silent,--slurp,--template,--verbose,-F,-H,-X,-f,-i,-p,-q,-t	-
gh at	download,trusted-root,verify	-	-
gh at download	-	--digest-alg,--hostname,--limit,--owner,--predicate-type,--repo,-L,-R,-d,-o	path
gh at trusted-root	-	--hostname,--tuf-root,--tuf-url,--verify-only	-
gh at verify	-	--bundle,--bundle-from-oci,--cert-identity,--cert-identity-regex,--cert-oidc-issuer,--custom-trusted-root,--deny-self-hosted-runners,--digest-alg,--format,--hostname,--jq,--limit,--no-public-good,--owner,--predicate-type,--repo,--signer-digest,--signer-repo,--signer-workflow,--source-digest,--source-ref,--template,-L,-R,-b,-d,-i,-o,-q,-t	path
gh attestation	download,trusted-root,verify	-	-
gh attestation download	-	--digest-alg,--hostname,--limit,--owner,--predicate-type,--repo,-L,-R,-d,-o	path
gh attestation trusted-root	-	--hostname,--tuf-root,--tuf-url,--verify-only	-
gh attestation verify	-	--bundle,--bundle-from-oci,--cert-identity,--cert-identity-regex,--cert-oidc-issuer,--custom-trusted-root,--deny-self-hosted-runners,--digest-alg,--format,--hostname,--jq,--limit,--no-public-good,--owner,--predicate-type,--repo,--signer-digest,--signer-repo,--signer-workflow,--source-digest,--source-ref,--template,-L,-R,-b,-d,-i,-o,-q,-t	path
gh auth	login,logout,refresh,setup-git,status,switch,token	-	-
gh auth login	-	--clipboard,--git-protocol,--hostname,--insecure-storage,--scopes,--secure-storage,--skip-ssh-key,--web,--with-token,-c,-h,-p,-s,-w	-
gh auth logout	-	--hostname,--user,-h,-u	-
gh auth refresh	-	--clipboard,--hostname,--insecure-storage,--remove-scopes,--reset-scopes,--scopes,--secure-storage,-c,-h,-r,-s	-
gh auth setup-git	-	--force,--hostname,-f,-h	-
gh auth status	-	--active,--hostname,--jq,--json,--show-token,--template,-a,-h,-t	-
gh auth switch	-	--hostname,--user,-h,-u	-
gh auth token	-	--hostname,--secure-storage,--user,-h,-u	-
gh browse	-	--actions,--blame,--branch,--commit,--no-browser,--projects,--releases,--repo,--settings,--wiki,-R,-a,-b,-c,-n,-p,-r,-s,-w	path
gh cache	delete,list,ls	--repo,-R	-
gh cache delete	-	--all,--ref,--succeed-on-no-caches,-a,-r	path
gh cache list	-	--jq,--json,--key,--limit,--order,--ref,--sort,--template,-L,-O,-S,-k,-q,-r,-t	-
gh cache ls	-	--jq,--json,--key,--limit,--order,--ref,--sort,--template,-L,-O,-S,-k,-q,-r,-t	-
gh co	-	-	-
gh codespace	code,cp,create,delete,edit,jupyter,list,logs,ls,ports,rebuild,ssh,stop,view	-	-
gh codespace code	-	--codespace,--insiders,--repo,--repo-owner,--web,-R,-c,-w	-
gh codespace cp	-	--codespace,--expand,--profile,--recursive,--repo,--repo-owner,-R,-c,-e,-p,-r	path
gh codespace create	-	--branch,--default-permissions,--devcontainer-path,--display-name,--idle-timeout,--location,--machine,--repo,--repo-deprecated,--retention-period,--status,--web,-R,-b,-d,-l,-m,-r,-s,-w	-
gh codespace delete	-	--all,--codespace,--days,--force,--org,--repo,--repo-deprecated,--repo-owner,--user,-R,-c,-f,-o,-r,-u	-
gh codespace edit	-	--codespace,--display-name,--displayName,--machine,--repo,--repo-owner,-R,-c,-d,-m	-
gh codespace jupyter	-	--codespace,--repo,--repo-owner,-R,-c	-
gh codespace list	-	--jq,--json,--limit,--org,--repo,--repo-deprecated,--template,--user,--web,-L,-R,-o,-q,-r,-t,-u,-w	-
gh codespace logs	-	--codespace,--follow,--repo,--repo-owner,-R,-c,-f	-
gh codespace ls	-	--jq,--json,--limit,--org,--repo,--repo-deprecated,--template,--user,--web,-L,-R,-o,-q,-r,-t,-u,-w	-
gh codespace ports	forward,visibility	--codespace,--jq,--json,--repo,--repo-owner,--template,-R,-c,-q,-t	-
gh codespace ports forward	-	-	path
gh codespace ports visibility	-	-	path
gh codespace rebuild	-	--codespace,--full,--repo,--repo-owner,-R,-c	-
gh codespace ssh	-	--codespace,--config,--debug,--debug-file,--profile,--repo,--repo-owner,--server-port,--stdio,-R,-c,-d	-
gh codespace stop	-	--codespace,--org,--repo,--repo-owner,--user,-R,-c,-o,-u	-
gh codespace view	-	--codespace,--jq,--json,--repo,--repo-owner,--template,-R,-c,-q,-t	-
gh completion	-	--shell,-s	-
gh config	clear-cache,get,list,ls,set	-	-
gh config clear-cache	-	-	-
gh config get	-	--host,-h	-
gh config list	-	--host,-h	-
gh config ls	-	--host,-h	-
gh config set	-	--host,-h	-
gh copilot	-	--remove	path
gh cs	code,cp,create,delete,edit,jupyter,list,logs,ls,ports,rebuild,ssh,stop,view	-	-
gh cs code	-	--codespace,--insiders,--repo,--repo-owner,--web,-R,-c,-w	-
gh cs cp	-	--codespace,--expand,--profile,--recursive,--repo,--repo-owner,-R,-c,-e,-p,-r	path
gh cs create	-	--branch,--default-permissions,--devcontainer-path,--display-name,--idle-timeout,--location,--machine,--repo,--repo-deprecated,--retention-period,--status,--web,-R,-b,-d,-l,-m,-r,-s,-w	-
gh cs delete	-	--all,--codespace,--days,--force,--org,--repo,--repo-deprecated,--repo-owner,--user,-R,-c,-f,-o,-r,-u	-
gh cs edit	-	--codespace,--display-name,--displayName,--machine,--repo,--repo-owner,-R,-c,-d,-m	-
gh cs jupyter	-	--codespace,--repo,--repo-owner,-R,-c	-
gh cs list	-	--jq,--json,--limit,--org,--repo,--repo-deprecated,--template,--user,--web,-L,-R,-o,-q,-r,-t,-u,-w	-
gh cs logs	-	--codespace,--follow,--repo,--repo-owner,-R,-c,-f	-
gh cs ls	-	--jq,--json,--limit,--org,--repo,--repo-deprecated,--template,--user,--web,-L,-R,-o,-q,-r,-t,-u,-w	-
gh cs ports	forward,visibility	--codespace,--jq,--json,--repo,--repo-owner,--template,-R,-c,-q,-t	-
gh cs ports forward	-	-	path
gh cs ports visibility	-	-	path
gh cs rebuild	-	--codespace,--full,--repo,--repo-owner,-R,-c	-
gh cs ssh	-	--codespace,--config,--debug,--debug-file,--profile,--repo,--repo-owner,--server-port,--stdio,-R,-c,-d	-
gh cs stop	-	--codespace,--org,--repo,--repo-owner,--user,-R,-c,-o,-u	-
gh cs view	-	--codespace,--jq,--json,--repo,--repo-owner,--template,-R,-c,-q,-t	-
gh discussion	comment,create,edit,list,ls,view	--repo,-R	-
gh discussion comment	-	--body,--body-file,--delete,--edit,--repo,--yes,-F,-R,-b	path
gh discussion create	-	--body,--body-file,--category,--label,--repo,--title,-F,-R,-b,-c,-l,-t	-
gh discussion edit	-	--add-label,--body,--body-file,--category,--remove-label,--repo,--title,-F,-R,-b,-c,-t	path
gh discussion list	-	--after,--answered,--author,--category,--jq,--json,--label,--limit,--order,--repo,--search,--sort,--state,--template,--web,-A,-L,-R,-S,-c,-l,-q,-s,-t,-w	-
gh discussion ls	-	--after,--answered,--author,--category,--jq,--json,--label,--limit,--order,--repo,--search,--sort,--state,--template,--web,-A,-L,-R,-S,-c,-l,-q,-s,-t,-w	-
gh discussion view	-	--after,--comments,--jq,--json,--limit,--order,--repo,--template,--web,-L,-R,-c,-q,-t,-w	path
gh ext	browse,create,exec,install,list,ls,remove,search,uninstall,upgrade	-	-
gh ext browse	-	--debug,--single-column,-s	-
gh ext create	-	--precompiled	-
gh ext exec	-	-	path
gh ext install	-	--force,--pin	-
gh ext list	-	-	-
gh ext ls	-	-	-
gh ext remove	-	-	path
gh ext search	-	--jq,--json,--license,--limit,--order,--owner,--sort,--template,--web,-L,-q,-t,-w	-
gh ext uninstall	-	-	path
gh ext upgrade	-	--all,--dry-run,--force	path
gh extension	browse,create,exec,install,list,ls,remove,search,uninstall,upgrade	-	-
gh extension browse	-	--debug,--single-column,-s	-
gh extension create	-	--precompiled	-
gh extension exec	-	-	path
gh extension install	-	--force,--pin	-
gh extension list	-	-	-
gh extension ls	-	-	-
gh extension remove	-	-	path
gh extension search	-	--jq,--json,--license,--limit,--order,--owner,--sort,--template,--web,-L,-q,-t,-w	-
gh extension uninstall	-	-	path
gh extension upgrade	-	--all,--dry-run,--force	path
gh extensions	browse,create,exec,install,list,ls,remove,search,uninstall,upgrade	-	-
gh extensions browse	-	--debug,--single-column,-s	-
gh extensions create	-	--precompiled	-
gh extensions exec	-	-	path
gh extensions install	-	--force,--pin	-
gh extensions list	-	-	-
gh extensions ls	-	-	-
gh extensions remove	-	-	path
gh extensions search	-	--jq,--json,--license,--limit,--order,--owner,--sort,--template,--web,-L,-q,-t,-w	-
gh extensions uninstall	-	-	path
gh extensions upgrade	-	--all,--dry-run,--force	path
gh gist	clone,create,delete,edit,list,ls,new,rename,view	-	-
gh gist clone	-	-	path
gh gist create	-	--desc,--filename,--public,--web,-d,-f,-p,-w	path
gh gist delete	-	--yes	path
gh gist edit	-	--add,--desc,--filename,--remove,-a,-d,-f,-r	path
gh gist list	-	--filter,--include-content,--limit,--public,--secret,-L	-
gh gist ls	-	--filter,--include-content,--limit,--public,--secret,-L	-
gh gist new	-	--desc,--filename,--public,--web,-d,-f,-p,-w	path
gh gist rename	-	-	path
gh gist view	-	--filename,--files,--raw,--web,-f,-r,-w	path
gh gpg-key	add,delete,list,ls	-	-
gh gpg-key add	-	--title,-t	path
gh gpg-key delete	-	--confirm,--yes,-y	path
gh gpg-key list	-	-	-
gh gpg-key ls	-	-	-
gh help	-	-	-
gh issue	close,comment,create,delete,develop,edit,list,lock,ls,new,pin,reopen,status,transfer,unlock,unpin,view	--repo,-R	-
gh issue close	-	--comment,--duplicate-of,--reason,-c,-r	path
gh issue comment	-	--body,--body-file,--create-if-none,--delete-last,--edit-last,--editor,--web,--yes,-F,-b,-e,-w	path
gh issue create	-	--assignee,--blocked-by,--blocking,--body,--body-file,--editor,--label,--milestone,--parent,--project,--recover,--template,--title,--type,--web,-F,-T,-a,-b,-e,-l,-m,-p,-t,-w	-
gh issue delete	-	--confirm,--yes	path
gh issue develop	-	--base,--branch-repo,--checkout,--issue-repo,--list,--name,-b,-c,-i,-l,-n	path
gh issue edit	-	--add-assignee,--add-blocked-by,--add-blocking,--add-label,--add-project,--add-sub-issue,--body,--body-file,--milestone,--parent,--remove-assignee,--remove-blocked-by,--remove-blocking,--remove-label,--remove-milestone,--remove-parent,--remove-project,--remove-sub-issue,--remove-type,--title,--type,-F,-b,-m,-t	path
gh issue list	-	--app,--assignee,--author,--jq,--json,--label,--limit,--mention,--milestone,--search,--state,--template,--type,--web,-A,-L,-S,-a,-l,-m,-q,-s,-t,-w	-
gh issue lock	-	--reason,-r	path
gh issue ls	-	--app,--assignee,--author,--jq,--json,--label,--limit,--mention,--milestone,--search,--state,--template,--type,--web,-A,-L,-S,-a,-l,-m,-q,-s,-t,-w	-
gh issue new	-	--assignee,--blocked-by,--blocking,--body,--body-file,--editor,--label,--milestone,--parent,--project,--recover,--template,--title,--type,--web,-F,-T,-a,-b,-e,-l,-m,-p,-t,-w	-
gh issue pin	-	-	path
gh issue reopen	-	--comment,-c	path
gh issue status	-	--jq,--json,--template,-q,-t	-
gh issue transfer	-	-	path
gh issue unlock	-	-	path
gh issue unpin	-	-	path
gh issue view	-	--comments,--jq,--json,--template,--web,-c,-q,-t,-w	path
gh label	clone,create,delete,edit,list,ls	--repo,-R	-
gh label clone	-	--force,-f	path
gh label create	-	--color,--description,--force,-c,-d,-f	-
gh label delete	-	--confirm,--yes	path
gh label edit	-	--color,--description,--name,-c,-d,-n	path
gh label list	-	--jq,--json,--limit,--order,--search,--sort,--template,--web,-L,-S,-q,-t,-w	-
gh label ls	-	--jq,--json,--limit,--order,--search,--sort,--template,--web,-L,-S,-q,-t,-w	-
gh licenses	-	-	-
gh org	list,ls	-	-
gh org list	-	--limit,-L	-
gh org ls	-	--limit,-L	-
gh pr	checkout,checks,close,co,comment,create,diff,edit,list,lock,ls,merge,new,ready,reopen,revert,review,status,unlock,update-branch,view	--repo,-R	-
gh pr checkout	-	--branch,--detach,--force,--recurse-submodules,-b,-f	path
gh pr checks	-	--fail-fast,--interval,--jq,--json,--required,--template,--watch,--web,-i,-q,-t,-w	path
gh pr close	-	--comment,--delete-branch,-c,-d	path
gh pr co	-	--branch,--detach,--force,--recurse-submodules,-b,-f	path
gh pr comment	-	--body,--body-file,--create-if-none,--delete-last,--edit-last,--editor,--web,--yes,-F,-b,-e,-w	path
gh pr create	-	--assignee,--base,--body,--body-file,--draft,--dry-run,--editor,--fill,--fill-first,--fill-verbose,--head,--label,--milestone,--no-maintainer-edit,--project,--recover,--reviewer,--template,--title,--web,-B,-F,-H,-T,-a,-b,-d,-e,-f,-l,-m,-p,-r,-t,-w	-
gh pr diff	-	--color,--exclude,--name-only,--patch,--web,-e,-w	path
gh pr edit	-	--add-assignee,--add-label,--add-project,--add-reviewer,--base,--body,--body-file,--milestone,--remove-assignee,--remove-label,--remove-milestone,--remove-project,--remove-reviewer,--title,-B,-F,-b,-m,-t	path
gh pr list	-	--app,--assignee,--author,--base,--draft,--head,--jq,--json,--label,--limit,--search,--state,--template,--web,-A,-B,-H,-L,-S,-a,-d,-l,-q,-s,-t,-w	-
gh pr lock	-	--reason,-r	path
gh pr ls	-	--app,--assignee,--author,--base,--draft,--head,--jq,--json,--label,--limit,--search,--state,--template,--web,-A,-B,-H,-L,-S,-a,-d,-l,-q,-s,-t,-w	-
gh pr merge	-	--admin,--author-email,--auto,--body,--body-file,--delete-branch,--disable-auto,--match-head-commit,--merge,--rebase,--squash,--subject,-A,-F,-b,-d,-m,-r,-s,-t	path
gh pr new	-	--assignee,--base,--body,--body-file,--draft,--dry-run,--editor,--fill,--fill-first,--fill-verbose,--head,--label,--milestone,--no-maintainer-edit,--project,--recover,--reviewer,--template,--title,--web,-B,-F,-H,-T,-a,-b,-d,-e,-f,-l,-m,-p,-r,-t,-w	-
gh pr ready	-	--undo	path
gh pr reopen	-	--comment,-c	path
gh pr revert	-	--body,--body-file,--draft,--title,-F,-b,-d,-t	path
gh pr review	-	--approve,--body,--body-file,--comment,--request-changes,-F,-a,-b,-c,-r	path
gh pr status	-	--conflict-status,--jq,--json,--template,-c,-q,-t	-
gh pr unlock	-	-	path
gh pr update-branch	-	--rebase	path
gh pr view	-	--comments,--jq,--json,--template,--web,-c,-q,-t,-w	path
gh preview	prompter	-	-
gh preview prompter	-	-	-
gh project	close,copy,create,delete,edit,field-create,field-delete,field-list,item-add,item-archive,item-create,item-delete,item-edit,item-list,link,list,ls,mark-template,unlink,view	-	-
gh project close	-	--format,--jq,--owner,--template,--undo,-q,-t	path
gh project copy	-	--drafts,--format,--jq,--source-owner,--target-owner,--template,--title,-q,-t	path
gh project create	-	--format,--jq,--owner,--template,--title,-q,-t	-
gh project delete	-	--format,--jq,--owner,--template,-q,-t	path
gh project edit	-	--description,--format,--jq,--owner,--readme,--template,--title,--visibility,-d,-q,-t	path
gh project field-create	-	--data-type,--format,--jq,--name,--owner,--single-select-options,--template,-q,-t	path
gh project field-delete	-	--format,--id,--jq,--template,-q,-t	-
gh project field-list	-	--format,--jq,--limit,--owner,--template,-L,-q,-t	path
gh project item-add	-	--format,--jq,--owner,--template,--url,-q,-t	path
gh project item-archive	-	--format,--id,--jq,--owner,--template,--undo,-q,-t	path
gh project item-create	-	--body,--format,--jq,--owner,--template,--title,-q,-t	path
gh project item-delete	-	--format,--id,--jq,--owner,--template,-q,-t	path
gh project item-edit	-	--body,--clear,--date,--field-id,--format,--id,--iteration-id,--jq,--number,--project-id,--single-select-option-id,--template,--text,--title,-q,-t	-
gh project item-list	-	--format,--jq,--limit,--owner,--query,--template,-L,-q,-t	path
gh project link	-	--owner,--repo,--team,-R,-T	path
gh project list	-	--closed,--format,--jq,--limit,--owner,--template,--web,-L,-q,-t,-w	-
gh project ls	-	--closed,--format,--jq,--limit,--owner,--template,--web,-L,-q,-t,-w	-
gh project mark-template	-	--format,--jq,--owner,--template,--undo,-q,-t	path
gh project unlink	-	--owner,--repo,--team,-R,-T	path
gh project view	-	--format,--jq,--owner,--template,--web,-q,-t,-w	path
gh release	create,delete,delete-asset,download,edit,list,ls,new,upload,verify,verify-asset,view	--repo,-R	-
gh release create	-	--discussion-category,--draft,--fail-on-no-commits,--generate-notes,--latest,--notes,--notes-file,--notes-from-tag,--notes-start-tag,--prerelease,--target,--title,--verify-tag,-F,-d,-n,-p,-t	path
gh release delete	-	--cleanup-tag,--yes,-y	path
gh release delete-asset	-	--yes,-y	path
gh release download	-	--archive,--clobber,--dir,--output,--pattern,--skip-existing,-A,-D,-O,-p	path
gh release edit	-	--discussion-category,--draft,--latest,--notes,--notes-file,--prerelease,--tag,--target,--title,--verify-tag,-F,-n,-t	path
gh release list	-	--exclude-drafts,--exclude-pre-releases,--jq,--json,--limit,--order,--template,-L,-O,-q,-t	-
gh release ls	-	--exclude-drafts,--exclude-pre-releases,--jq,--json,--limit,--order,--template,-L,-O,-q,-t	-
gh release new	-	--discussion-category,--draft,--fail-on-no-commits,--generate-notes,--latest,--notes,--notes-file,--notes-from-tag,--notes-start-tag,--prerelease,--target,--title,--verify-tag,-F,-d,-n,-p,-t	path
gh release upload	-	--clobber	path
gh release verify	-	--custom-trusted-root,--format,--jq,--template,-q,-t	path
gh release verify-asset	-	--custom-trusted-root,--format,--jq,--template,-q,-t	path
gh release view	-	--jq,--json,--template,--web,-q,-t,-w	path
gh repo	archive,autolink,clone,create,delete,deploy-key,edit,fork,gitignore,license,list,ls,new,read-dir,read-file,rename,set-default,sync,unarchive,view	-	-
gh repo archive	-	--confirm,--yes,-y	path
gh repo autolink	create,delete,list,ls,new,view	--repo,-R	-
gh repo autolink create	-	--numeric,-n	-
gh repo autolink delete	-	--yes	path
gh repo autolink list	-	--jq,--json,--template,--web,-q,-t,-w	-
gh repo autolink ls	-	--jq,--json,--template,--web,-q,-t,-w	-
gh repo autolink new	-	--numeric,-n	-
gh repo autolink view	-	--jq,--json,--template,-q,-t	path
gh repo clone	-	--no-upstream,--upstream-remote-name,-u	path
gh repo create	-	--add-readme,--clone,--confirm,--description,--disable-issues,--disable-wiki,--enable-issues,--enable-wiki,--gitignore,--homepage,--include-all-branches,--internal,--license,--private,--public,--push,--remote,--source,--team,--template,-c,-d,-g,-h,-l,-p,-r,-s,-t,-y	-
gh repo delete	-	--confirm,--yes	path
gh repo deploy-key	add,delete,list,ls	--repo,-R	-
gh repo deploy-key add	-	--allow-write,--title,-t,-w	path
gh repo deploy-key delete	-	-	path
gh repo deploy-key list	-	--jq,--json,--template,-q,-t	-
gh repo deploy-key ls	-	--jq,--json,--template,-q,-t	-
gh repo edit	-	--accept-visibility-change-consequences,--add-topic,--allow-forking,--allow-update-branch,--default-branch,--delete-branch-on-merge,--description,--enable-advanced-security,--enable-auto-merge,--enable-discussions,--enable-issues,--enable-merge-commit,--enable-projects,--enable-rebase-merge,--enable-secret-scanning,--enable-secret-scanning-push-protection,--enable-squash-merge,--enable-wiki,--homepage,--remove-topic,--squash-merge-commit-message,--template,--visibility,-d,-h	path
gh repo fork	-	--clone,--default-branch-only,--fork-name,--org,--remote,--remote-name	path
gh repo gitignore	list,ls,view	-	-
gh repo gitignore list	-	-	-
gh repo gitignore ls	-	-	-
gh repo gitignore view	-	-	path
gh repo license	list,ls,view	-	-
gh repo license list	-	-	-
gh repo license ls	-	-	-
gh repo license view	-	--web,-w	path
gh repo list	-	--archived,--fork,--jq,--json,--language,--limit,--no-archived,--private,--public,--source,--template,--topic,--visibility,-L,-l,-q,-t	path
gh repo ls	-	--archived,--fork,--jq,--json,--language,--limit,--no-archived,--private,--public,--source,--template,--topic,--visibility,-L,-l,-q,-t	path
gh repo new	-	--add-readme,--clone,--confirm,--description,--disable-issues,--disable-wiki,--enable-issues,--enable-wiki,--gitignore,--homepage,--include-all-branches,--internal,--license,--private,--public,--push,--remote,--source,--team,--template,-c,-d,-g,-h,-l,-p,-r,-s,-t,-y	-
gh repo read-dir	-	--jq,--json,--ref,--repo,--template,-R,-q,-t	path
gh repo read-file	-	--allow-escape-sequences,--clobber,--jq,--json,--output,--ref,--repo,--template,-R,-o,-q,-t	path
gh repo rename	-	--confirm,--repo,--yes,-R,-y	-
gh repo set-default	-	--unset,--view,-u,-v	path
gh repo sync	-	--branch,--force,--source,-b,-s	path
gh repo unarchive	-	--confirm,--yes,-y	path
gh repo view	-	--branch,--jq,--json,--template,--web,-b,-q,-t,-w	path
gh rs	check,list,ls,view	--repo,-R	-
gh rs check	-	--default,--web,-w	path
gh rs list	-	--limit,--org,--parents,--web,-L,-o,-p,-w	-
gh rs ls	-	--limit,--org,--parents,--web,-L,-o,-p,-w	-
gh rs view	-	--org,--parents,--web,-o,-p,-w	path
gh ruleset	check,list,ls,view	--repo,-R	-
gh ruleset check	-	--default,--web,-w	path
gh ruleset list	-	--limit,--org,--parents,--web,-L,-o,-p,-w	-
gh ruleset ls	-	--limit,--org,--parents,--web,-L,-o,-p,-w	-
gh ruleset view	-	--org,--parents,--web,-o,-p,-w	path
gh run	cancel,delete,download,list,ls,rerun,view,watch	--repo,-R	-
gh run cancel	-	--force	path
gh run delete	-	-	path
gh run download	-	--dir,--name,--pattern,-D,-n,-p	path
gh run list	-	--all,--branch,--commit,--created,--event,--jq,--json,--limit,--status,--template,--user,--workflow,-L,-a,-b,-c,-e,-q,-s,-t,-u,-w	-
gh run ls	-	--all,--branch,--commit,--created,--event,--jq,--json,--limit,--status,--template,--user,--workflow,-L,-a,-b,-c,-e,-q,-s,-t,-u,-w	-
gh run rerun	-	--debug,--failed,--job,-d,-j	path
gh run view	-	--attempt,--exit-status,--job,--jq,--json,--log,--log-failed,--template,--verbose,--web,-a,-j,-q,-t,-v,-w	path
gh run watch	-	--compact,--exit-status,--interval,-i	path
gh search	code,commits,issues,prs,repos	-	-
gh search code	-	--extension,--filename,--jq,--json,--language,--limit,--match,--owner,--repo,--size,--template,--web,-L,-R,-q,-t,-w	-
gh search commits	-	--author,--author-date,--author-email,--author-name,--committer,--committer-date,--committer-email,--committer-name,--hash,--jq,--json,--limit,--merge,--order,--owner,--parent,--repo,--sort,--template,--tree,--visibility,--web,-L,-R,-q,-t,-w	-
gh search issues	-	--app,--archived,--assignee,--author,--closed,--commenter,--comments,--created,--include-prs,--interactions,--involves,--jq,--json,--label,--language,--limit,--locked,--match,--mentions,--milestone,--no-assignee,--no-label,--no-milestone,--no-project,--order,--owner,--project,--reactions,--repo,--sort,--state,--team-mentions,--template,--updated,--visibility,--web,-L,-R,-q,-t,-w	-
gh search prs	-	--app,--archived,--assignee,--author,--base,--checks,--closed,--commenter,--comments,--created,--draft,--head,--interactions,--involves,--jq,--json,--label,--language,--limit,--locked,--match,--mentions,--merged,--merged-at,--milestone,--no-assignee,--no-label,--no-milestone,--no-project,--order,--owner,--project,--reactions,--repo,--review,--review-requested,--reviewed-by,--sort,--state,--team-mentions,--template,--updated,--visibility,--web,-B,-H,-L,-R,-q,-t,-w	-
gh search repos	-	--archived,--created,--followers,--forks,--good-first-issues,--help-wanted-issues,--include-forks,--jq,--json,--language,--license,--limit,--match,--number-topics,--order,--owner,--size,--sort,--stars,--template,--topic,--updated,--visibility,--web,-L,-q,-t,-w	-
gh secret	delete,list,ls,remove,set	--repo,-R	-
gh secret delete	-	--app,--env,--org,--user,-a,-e,-o,-u	path
gh secret list	-	--app,--env,--jq,--json,--org,--template,--user,-a,-e,-o,-q,-t,-u	-
gh secret ls	-	--app,--env,--jq,--json,--org,--template,--user,-a,-e,-o,-q,-t,-u	-
gh secret remove	-	--app,--env,--org,--user,-a,-e,-o,-u	path
gh secret set	-	--app,--body,--env,--env-file,--no-repos-selected,--no-store,--org,--repos,--user,--visibility,-a,-b,-e,-f,-o,-r,-u,-v	path
gh skill	add,install,list,ls,preview,publish,search,show,update	-	-
gh skill add	-	--agent,--all,--allow-hidden-dirs,--dir,--force,--from-local,--pin,--scope,--upstream,-f	path
gh skill install	-	--agent,--all,--allow-hidden-dirs,--dir,--force,--from-local,--pin,--scope,--upstream,-f	path
gh skill list	-	--agent,--dir,--jq,--json,--scope,--template,-q,-t	-
gh skill ls	-	--agent,--dir,--jq,--json,--scope,--template,-q,-t	-
gh skill preview	-	--allow-hidden-dirs	path
gh skill publish	-	--dry-run,--fix,--tag	path
gh skill search	-	--jq,--json,--limit,--owner,--page,--template,-L,-q,-t	-
gh skill show	-	--allow-hidden-dirs	path
gh skill update	-	--all,--dir,--dry-run,--force,--unpin	-
gh skills	add,install,list,ls,preview,publish,search,show,update	-	-
gh skills add	-	--agent,--all,--allow-hidden-dirs,--dir,--force,--from-local,--pin,--scope,--upstream,-f	path
gh skills install	-	--agent,--all,--allow-hidden-dirs,--dir,--force,--from-local,--pin,--scope,--upstream,-f	path
gh skills list	-	--agent,--dir,--jq,--json,--scope,--template,-q,-t	-
gh skills ls	-	--agent,--dir,--jq,--json,--scope,--template,-q,-t	-
gh skills preview	-	--allow-hidden-dirs	path
gh skills publish	-	--dry-run,--fix,--tag	path
gh skills search	-	--jq,--json,--limit,--owner,--page,--template,-L,-q,-t	-
gh skills show	-	--allow-hidden-dirs	path
gh skills update	-	--all,--dir,--dry-run,--force,--unpin	-
gh ssh-key	add,delete,list,ls	-	-
gh ssh-key add	-	--title,--type,-t	path
gh ssh-key delete	-	--confirm,--yes,-y	path
gh ssh-key list	-	-	-
gh ssh-key ls	-	-	-
gh status	-	--exclude,--org,-e,-o	-
gh variable	delete,get,list,ls,remove,set	--repo,-R	-
gh variable delete	-	--env,--org,-e,-o	path
gh variable get	-	--env,--jq,--json,--org,--template,-e,-o,-q,-t	path
gh variable list	-	--env,--jq,--json,--org,--template,-e,-o,-q,-t	-
gh variable ls	-	--env,--jq,--json,--org,--template,-e,-o,-q,-t	-
gh variable remove	-	--env,--org,-e,-o	path
gh variable set	-	--body,--env,--env-file,--org,--repos,--visibility,-b,-e,-f,-o,-r,-v	path
gh workflow	disable,enable,list,ls,run,view	--repo,-R	-
gh workflow disable	-	-	path
gh workflow enable	-	-	path
gh workflow list	-	--all,--jq,--json,--limit,--template,-L,-a,-q,-t	-
gh workflow ls	-	--all,--jq,--json,--limit,--template,-L,-a,-q,-t	-
gh workflow run	-	--field,--json,--raw-field,--ref,-F,-f,-r	path
gh workflow view	-	--ref,--web,--yaml,-r,-w,-y	path
gh-copilot	config,explain,suggest	--help,--version,-h,-v	-
gh-copilot config	-	--help,-h	-
gh-copilot explain	-	--help,-h	path
gh-copilot suggest	-	--help,--target,-h,-t	-
gh-dash	-	--config,--debug,--help,-c,-h	-
gh-stack	add,alias,bottom,checkout,delete,down,feedback,init,link,merge,push,rebase,submit,switch,sync,top,unstack,up,view	-	-
gh-stack add	-	--all,--message,--update,-A,-m,-u	path
gh-stack alias	-	--remove	-
gh-stack bottom	-	-	-
gh-stack checkout	-	-	-
gh-stack delete	-	--local	path
gh-stack down	-	-	-
gh-stack feedback	-	-	-
gh-stack init	-	--adopt,--base,--numbered,--prefix,-a,-b,-n,-p	path
gh-stack link	-	--base,--draft,--remote	-
gh-stack merge	-	-	-
gh-stack push	-	--remote	-
gh-stack rebase	-	--abort,--continue,--downstack,--remote,--upstack	path
gh-stack submit	-	--auto,--draft,--remote	-
gh-stack switch	-	-	-
gh-stack sync	-	--remote	-
gh-stack top	-	-	-
gh-stack unstack	-	--local	path
gh-stack up	-	-	-
gh-stack view	-	--json,--short,-s	-
ghostty	-	--abnormal-command-exit-runtime,--adjust-box-thickness,--adjust-cell-height,--adjust-cell-width,--adjust-cursor-height,--adjust-cursor-thickness,--adjust-font-baseline,--adjust-icon-height,--adjust-overline-position,--adjust-overline-thickness,--adjust-strikethrough-position,--adjust-strikethrough-thickness,--adjust-underline-position,--adjust-underline-thickness,--alpha-blending,--app-notifications,--async-backend,--auto-update,--auto-update-channel,--background,--background-blur,--background-image,--background-image-fit,--background-image-opacity,--background-image-position,--background-image-repeat,--background-opacity,--background-opacity-cells,--bell-audio-path,--bell-audio-volume,--bell-features,--bold-color,--class,--click-repeat-interval,--clipboard-codepoint-map,--clipboard-paste-bracketed-safe,--clipboard-paste-protection,--clipboard-read,--clipboard-trim-trailing-spaces,--clipboard-write,--command,--command-palette-entry,--config-default-files,--config-file,--confirm-close-surface,--copy-on-select,--cursor-click-to-move,--cursor-color,--cursor-opacity,--cursor-style,--cursor-style-blink,--cursor-text,--custom-shader,--custom-shader-animation,--desktop-notifications,--enquiry-response,--env,--faint-opacity,--focus-follows-mouse,--font-codepoint-map,--font-family,--font-family-bold,--font-family-bold-italic,--font-family-italic,--font-feature,--font-shaping-break,--font-size,--font-style,--font-style-bold,--font-style-bold-italic,--font-style-italic,--font-synthetic-style,--font-thicken,--font-thicken-strength,--font-variation,--font-variation-bold,--font-variation-bold-italic,--font-variation-italic,--foreground,--freetype-load-flags,--fullscreen,--grapheme-width-method,--gtk-custom-css,--gtk-opengl-debug,--gtk-quick-terminal-layer,--gtk-quick-terminal-namespace,--gtk-single-instance,--gtk-tabs-location,--gtk-titlebar,--gtk-titlebar-hide-when-maximized,--gtk-titlebar-style,--gtk-toolbar-style,--gtk-wide-tabs,--help,--image-storage-limit,--initial-command,--initial-window,--input,--key-remap,--language,--link-previews,--link-url,--linux-cgroup,--linux-cgroup-hard-fail,--linux-cgroup-memory-limit,--linux-cgroup-processes-limit,--macos-applescript,--macos-auto-secure-input,--macos-custom-icon,--macos-dock-drop-behavior,--macos-hidden,--macos-icon,--macos-icon-frame,--macos-icon-ghost-color,--macos-icon-screen-color,--macos-non-native-fullscreen,--macos-option-as-alt,--macos-secure-input-indication,--macos-shortcuts,--macos-titlebar-proxy-icon,--macos-titlebar-style,--macos-window-buttons,--macos-window-shadow,--maximize,--minimum-contrast,--mouse-hide-while-typing,--mouse-reporting,--mouse-scroll-multiplier,--mouse-shift-capture,--notify-on-command-finish,--notify-on-command-finish-action,--notify-on-command-finish-after,--osc-color-report-format,--palette-generate,--palette-harmonious,--progress-style,--quick-terminal-animation-duration,--quick-terminal-autohide,--quick-terminal-keyboard-interactivity,--quick-terminal-position,--quick-terminal-screen,--quick-terminal-space-behavior,--quit-after-last-window-closed,--quit-after-last-window-closed-delay,--resize-overlay,--resize-overlay-duration,--resize-overlay-position,--right-click-action,--scroll-to-bottom,--scrollback-limit,--scrollbar,--search-background,--search-foreground,--search-selected-background,--search-selected-foreground,--selection-background,--selection-clear-on-copy,--selection-clear-on-typing,--selection-foreground,--selection-word-chars,--shell-integration,--shell-integration-features,--split-divider-color,--split-inherit-working-directory,--split-preserve-zoom,--tab-inherit-working-directory,--term,--theme,--title,--title-report,--undo-timeout,--unfocused-split-fill,--unfocused-split-opacity,--version,--vt-kam-allowed,--wait-after-command,--window-colorspace,--window-decoration,--window-height,--window-inherit-font-size,--window-inherit-working-directory,--window-new-tab-position,--window-padding-balance,--window-padding-color,--window-padding-x,--window-padding-y,--window-position-x,--window-position-y,--window-save-state,--window-show-tab-bar,--window-step-resize,--window-subtitle,--window-theme,--window-title-font-family,--window-titlebar-background,--window-titlebar-foreground,--window-vsync,--window-width,--working-directory,--x11-instance-name,-e	-
gimp	-	--as-new,--batch,--batch-interpreter,--class,--console-messages,--debug-handlers,--display,--dump-gimprc,--g-fatal-warnings,--gegl-cache-size,--gegl-disable-opencl,--gegl-quality,--gegl-swap,--gegl-swap-compression,--gegl-threads,--gegl-tile-size,--gimprc,--gtk-g-fatal-warnings,--gtk-module,--help,--help-all,--help-gegl,--help-gtk,--license,--name,--new-instance,--no-cpu-accel,--no-data,--no-fonts,--no-interface,--no-shm,--no-splash,--pdb-compat-mode,--screen,--session,--show-playground,--stack-trace-mode,--sync,--system-gimprc,--verbose,--version,-a,-b,-c,-d,-f,-g,-h,-i,-n,-s,-v	path
git	add,am,annotate,apply,archimport,archive,backfill,bisect,blame,branch,bugreport,bundle,cat-file,check-attr,check-ignore,check-mailmap,check-ref-format,checkout,checkout-index,cherry,cherry-pick,citool,clean,clone,column,commit,commit-graph,commit-tree,config,count-objects,credential,credential-cache,credential-store,cvsexportcommit,cvsimport,cvsserver,daemon,describe,diagnose,diff,diff-files,diff-index,diff-pairs,diff-tree,difftool,fast-export,fast-import,fetch,fetch-pack,filter-branch,fmt-merge-msg,for-each-ref,for-each-repo,format-patch,format-rev,fsck,gc,get-tar-commit-id,grep,gui,hash-object,help,history,hook,http-backend,http-fetch,http-push,imap-send,index-pack,init,instaweb,interpret-trailers,last-modified,log,ls-files,ls-remote,ls-tree,mailinfo,mailsplit,maintenance,merge,merge-base,merge-file,merge-index,merge-one-file,merge-tree,mergetool,mktag,mktree,multi-pack-index,mv,name-rev,notes,p4,pack-objects,pack-redundant,pack-refs,patch-id,prune,prune-packed,pull,push,quiltimport,range-diff,read-tree,rebase,receive-pack,reflog,refs,remote,repack,replace,replay,repo,request-pull,rerere,reset,restore,rev-list,rev-parse,revert,rm,scalar,send-email,send-pack,shell,shortlog,show,show-branch,show-index,show-ref,sparse-checkout,stage,stash,status,stripspace,submodule,subtree,svn,switch,symbolic-ref,tag,unpack-file,unpack-objects,update-index,update-ref,update-server-info,upload-archive,upload-pack,url-parse,var,verify-commit,verify-pack,verify-tag,version,whatchanged,worktree,write-tree	--attr-source,--bare,--config-env,--exec-path,--git-dir,--glob-pathspecs,--help,--html-path,--icase-pathspecs,--info-path,--list-cmds,--literal-pathspecs,--man-path,--namespace,--no-advice,--no-lazy-fetch,--no-optional-locks,--no-pager,--no-replace-objects,--noglob-pathspecs,--paginate,--version,--work-tree,-C,-P,-c,-h,-p,-v	-
git add	-	--all,--auto-advance,--chmod,--dry-run,--edit,--force,--ignore-errors,--ignore-missing,--ignore-removal,--intent-to-add,--inter-hunk-context,--interactive,--no-all,--no-auto-advance,--no-ignore-removal,--no-warn-embedded-repo,--patch,--pathspec-file-nul,--pathspec-from-file,--refresh,--renormalize,--sparse,--unified,--update,--verbose,-A,-N,-U,-e,-f,-i,-n,-p,-u,-v	path
git am	-	--3way,--abort,--allow-empty,--committer-date-is-author-date,--continue,--directory,--empty,--exclude,--gpg-sign,--ignore-date,--ignore-space-change,--ignore-whitespace,--include,--interactive,--keep,--keep-cr,--keep-non-patch,--message-id,--no-keep-cr,--patch-format,--quiet,--quit,--quoted-cr,--reject,--rerere-autoupdate,--resolved,--resolvemsg,--retry,--scissors,--show-current-patch,--signoff,--skip,--utf8,--whitespace,-3,-C,-S,-c,-i,-k,-m,-p,-q,-r,-s,-u	path
git annotate	-	--abbrev,--color-by-age,--color-lines,--contents,--diff-algorithm,--ignore-rev,--ignore-revs-file,--incremental,--line-porcelain,--minimal,--porcelain,--progress,--root,--score-debug,--show-email,--show-name,--show-number,--show-stats,-C,-L,-M,-S,-b,-c,-e,-f,-l,-n,-p,-s,-t,-w	path
git apply	-	--3way,--allow-empty,--allow-overlap,--apply,--build-fake-ancestor,--cached,--check,--directory,--exclude,--ignore-space-change,--ignore-whitespace,--inaccurate-eof,--include,--index,--intent-to-add,--no-add,--numstat,--ours,--quiet,--recount,--reject,--reverse,--stat,--summary,--theirs,--unidiff-zero,--union,--unsafe-paths,--verbose,--whitespace,-3,-C,-N,-R,-p,-q,-v,-z	path
git archimport	-	-D,-T,-a,-f,-h,-o,-t,-v	-
git archive	-	--add-file,--add-virtual-file,--exec,--format,--list,--mtime,--output,--prefix,--remote,--verbose,--worktree-attributes,-0,-1,-2,-3,-4,-5,-6,-7,-8,-9,-l,-o,-v	-
git backfill	-	--min-batch-size,--sparse	-
git bisect	bad,good,log,new,next,old,replay,reset,run,skip,start,terms,view,visualize	-	-
git bisect bad	-	-	-
git bisect good	-	-	-
git bisect log	-	-	-
git bisect new	-	-	-
git bisect next	-	-	-
git bisect old	-	-	-
git bisect replay	-	-	path
git bisect reset	-	-	-
git bisect run	-	-	path
git bisect skip	-	-	-
git bisect start	-	--first-parent,--no-checkout,--term-bad,--term-good,--term-new,--term-old	-
git bisect terms	-	--term-bad,--term-good	-
git bisect view	-	--p,--stat	-
git bisect visualize	-	--p,--stat	-
git blame	-	--abbrev,--color-by-age,--color-lines,--contents,--diff-algorithm,--ignore-rev,--ignore-revs-file,--incremental,--line-porcelain,--minimal,--porcelain,--progress,--root,--score-debug,--show-email,--show-name,--show-number,--show-stats,-C,-L,-M,-S,-b,-c,-e,-f,-l,-n,-p,-s,-t,-w	path
git branch	-	--abbrev,--all,--color,--column,--contains,--copy,--create-reflog,--delete,--edit-description,--force,--format,--ignore-case,--list,--merged,--move,--no-abbrev,--no-color,--no-column,--no-contains,--no-merged,--no-track,--omit-empty,--points-at,--quiet,--recurse-submodules,--remotes,--set-upstream-to,--show-current,--sort,--track,--unset-upstream,--verbose,-C,-D,-M,-a,-c,-d,-f,-i,-l,-m,-q,-r,-t,-v	-
git bugreport	-	--diagnose,--no-diagnose,--output-directory,--suffix,-o,-s	-
git bundle	create,list-heads,unbundle,verify	--verbose,-v	-
git bundle create	-	--all-progress,--all-progress-implied,--progress,--quiet,--version,-q	path
git bundle list-heads	-	-	path
git bundle unbundle	-	-	path
git bundle verify	-	--quiet,-q	path
git cat-file	-	--allow-unknown-type,--batch,--batch-all-objects,--batch-check,--buffer,--filter,--filters,--follow-symlinks,--mailmap,--no-filter,--no-mailmap,--no-use-mailmap,--path,--textconv,--unordered,--use-mailmap,-e,-p,-s,-t	-
git check-attr	-	--all,--cached,--source,--stdin,-a,-z	-
git check-ignore	-	--no-index,--non-matching,--quiet,--stdin,--verbose,-n,-q,-v,-z	path
git check-mailmap	-	--stdin	-
git check-ref-format	-	--allow-onelevel,--branch,--no-allow-onelevel,--normalize,--refspec-pattern	-
git checkout	-	--conflict,--detach,--force,--guess,--ignore-other-worktrees,--ignore-skip-worktree-bits,--inter-hunk-context,--merge,--no-guess,--no-overlay,--no-overwrite-ignore,--no-progress,--no-recurse-submodules,--no-track,--orphan,--ours,--overlay,--overwrite-ignore,--patch,--pathspec-file-nul,--pathspec-from-file,--progress,--quiet,--recurse-submodules,--theirs,--track,--unified,-2,-3,-B,-U,-b,-d,-f,-l,-m,-p,-q,-t	-
git checkout-index	-	--all,--force,--ignore-skip-worktree-bits,--index,--no-create,--prefix,--quiet,--stage,--stdin,--temp,-a,-f,-n,-q,-u,-z	path
git cherry	-	--abbrev,--verbose,-v	-
git cherry-pick	-	--abort,--allow-empty,--allow-empty-message,--cleanup,--continue,--edit,--empty,--ff,--gpg-sign,--keep-redundant-commits,--mainline,--no-commit,--no-gpg-sign,--no-rerere-autoupdate,--quit,--rerere-autoupdate,--signoff,--skip,--strategy,--strategy-option,-S,-X,-e,-m,-n,-s,-x	-
git citool	-	-	-
git clean	-	--dry-run,--exclude,--force,--interactive,--quiet,-X,-d,-e,-f,-i,-n,-q,-x	path
git clone	-	--also-filter-submodules,--bare,--branch,--bundle-uri,--config,--depth,--dissociate,--filter,--ipv4,--ipv6,--jobs,--local,--mirror,--no-checkout,--no-hardlinks,--no-local,--no-single-branch,--no-tags,--origin,--progress,--quiet,--recurse-submodules,--recursive,--ref-format,--reference,--reference-if-able,--reject-shallow,--remote-submodules,--revision,--separate-git-dir,--server-option,--shallow-exclude,--shallow-since,--shallow-submodules,--shared,--single-branch,--sparse,--tags,--template,--upload-pack,--verbose,-4,-6,-b,-c,-j,-l,-n,-o,-q,-s,-u,-v	-
git column	-	--command,--indent,--mode,--nl,--padding,--raw-mode,--width	-
git commit	-	--ahead-behind,--all,--allow-empty,--allow-empty-message,--amend,--author,--branch,--cleanup,--date,--dry-run,--edit,--file,--fixup,--gpg-sign,--include,--inter-hunk-context,--interactive,--long,--message,--no-ahead-behind,--no-edit,--no-gpg-sign,--no-post-rewrite,--no-signoff,--no-status,--no-verify,--null,--only,--patch,--pathspec-file-nul,--pathspec-from-file,--porcelain,--quiet,--reedit-message,--reset-author,--reuse-message,--short,--signoff,--squash,--status,--template,--trailer,--unified,--untracked-files,--verbose,-C,-F,-S,-U,-a,-c,-e,-i,-m,-n,-o,-p,-q,-s,-t,-u,-v,-z	path
git commit-graph	verify,write	-	-
git commit-graph verify	-	--no-progress,--object-dir,--progress,--shallow	-
git commit-graph write	-	--append,--changed-paths,--max-new-filters,--no-max-new-filters,--no-progress,--object-dir,--progress,--reachable,--split,--stdin-commits,--stdin-packs	-
git commit-tree	-	--gpg-sign,--no-gpg-sign,-F,-S,-m,-p	-
git config	-	--add,--blob,--bool,--bool-or-int,--bool-or-str,--default,--edit,--expiry-date,--file,--fixed-value,--get,--get-all,--get-color,--get-colorbool,--get-regexp,--get-urlmatch,--global,--includes,--int,--list,--local,--name-only,--null,--path,--remove-section,--rename-section,--replace-all,--show-origin,--show-scope,--system,--type,--unset,--unset-all,--worktree,-e,-f,-l,-t,-z	path
git count-objects	-	--human-readable,--verbose,-H,-v	-
git credential	-	-	-
git credential-cache	-	--socket,--timeout	-
git credential-store	-	--file	-
git cvsexportcommit	-	-P,-W,-a,-c,-d,-f,-k,-m,-p,-u,-v,-w	-
git cvsimport	-	-A,-C,-L,-M,-P,-R,-S,-a,-d,-h,-i,-k,-m,-o,-p,-r,-s,-u,-v,-z	-
git cvsserver	-	--base-path,--export-all,--help,--strict-paths,--version,-V,-h	path
git daemon	-	--access-hook,--allow-override,--base-path,--base-path-relaxed,--detach,--disable,--enable,--export-all,--forbid-override,--group,--inetd,--informative-errors,--init-timeout,--interpolated-path,--listen,--log-destination,--max-connections,--no-informative-errors,--pid-file,--port,--reuseaddr,--strict-paths,--syslog,--timeout,--user,--user-path,--verbose	path
git describe	-	--abbrev,--all,--always,--broken,--candidates,--contains,--debug,--dirty,--exact-match,--exclude,--first-parent,--long,--match,--tags	-
git diagnose	-	--mode,--output-directory,--suffix,-o,-s	-
git diff	-	--abbrev,--anchored,--base,--binary,--break-rewrites,--cached,--cc,--check,--color,--color-moved,--color-moved-ws,--color-words,--compact-summary,--cumulative,--default-prefix,--diff-algorithm,--diff-filter,--dirstat,--dirstat-by-file,--dst-prefix,--exit-code,--ext-diff,--find-copies,--find-copies-harder,--find-object,--find-renames,--follow,--full-index,--function-context,--histogram,--ignore-all-space,--ignore-blank-lines,--ignore-cr-at-eol,--ignore-matching-lines,--ignore-space-at-eol,--ignore-space-change,--ignore-submodules,--indent-heuristic,--inter-hunk-context,--irreversible-delete,--ita-invisible-in-index,--line-prefix,--merge-base,--minimal,--name-only,--name-status,--no-abbrev,--no-color,--no-color-moved,--no-color-moved-ws,--no-ext-diff,--no-follow,--no-indent-heuristic,--no-index,--no-patch,--no-prefix,--no-rename-empty,--no-renames,--no-textconv,--numstat,--ours,--output,--output-indicator-context,--output-indicator-new,--output-indicator-old,--patch,--patch-with-raw,--patch-with-stat,--patience,--pickaxe-all,--pickaxe-regex,--quiet,--raw,--relative,--rename-empty,--rotate-to,--shortstat,--skip-to,--src-prefix,--staged,--stat,--stat-count,--stat-graph-width,--stat-name-width,--stat-width,--submodule,--summary,--text,--textconv,--theirs,--unified,--word-diff,--word-diff-regex,--ws-error-highlight,-0,-1,-2,-3,-B,-C,-D,-G,-I,-M,-O,-R,-S,-U,-W,-X,-a,-b,-c,-l,-p,-s,-u,-w,-z	-
git diff-files	-	--abbrev,--abbrev-commit,--after,--all,--all-match,--alternate-refs,--ancestry-path,--anchored,--author,--author-date-order,--base,--basic-regexp,--before,--binary,--bisect,--bisect-all,--bisect-vars,--boundary,--branches,--break-rewrites,--cached,--cc,--check,--cherry,--cherry-mark,--cherry-pick,--children,--color,--color-moved,--color-moved-ws,--color-words,--commit-header,--committer,--compact-summary,--count,--cumulative,--date,--date-order,--default,--default-prefix,--dense,--diff-algorithm,--diff-filter,--dirstat,--dirstat-by-file,--disk-usage,--do-walk,--dst-prefix,--early-output,--encoding,--exclude,--exclude-first-parent-only,--exclude-hidden,--exclude-promisor-objects,--exit-code,--expand-tabs,--ext-diff,--extended-regexp,--filter,--filter-print-omitted,--filter-provided-objects,--find-copies,--find-copies-harder,--find-object,--find-renames,--first-parent,--fixed-strings,--follow,--format,--full-diff,--full-history,--full-index,--function-context,--glob,--graph,--graph-lane-limit,--grep,--grep-reflog,--header,--histogram,--ignore-all-space,--ignore-blank-lines,--ignore-cr-at-eol,--ignore-matching-lines,--ignore-missing,--ignore-space-at-eol,--ignore-space-change,--ignore-submodules,--in-commit-order,--indent-heuristic,--indexed-objects,--inter-hunk-context,--invert-grep,--irreversible-delete,--ita-invisible-in-index,--left-only,--left-right,--line-prefix,--log-size,--mailmap,--max-age,--max-count,--max-count-oldest,--max-parents,--maximal-only,--merge,--merges,--min-age,--min-parents,--minimal,--missing,--name-only,--name-status,--no-abbrev,--no-abbrev-commit,--no-color,--no-color-moved,--no-color-moved-ws,--no-commit-header,--no-expand-tabs,--no-ext-diff,--no-filter,--no-follow,--no-indent-heuristic,--no-index,--no-max-parents,--no-merges,--no-min-parents,--no-notes,--no-object-names,--no-patch,--no-prefix,--no-relative,--no-rename-empty,--no-renames,--no-textconv,--no-walk,--not,--notes,--numstat,--object-names,--objects,--objects-edge,--objects-edge-aggressive,--oneline,--ours,--output,--output-indicator-context,--output-indicator-new,--output-indicator-old,--parents,--patch,--patch-with-raw,--patch-with-stat,--patience,--perl-regexp,--pickaxe-all,--pickaxe-regex,--pretty,--progress,--quiet,--raw,--reflog,--regexp-ignore-case,--relative,--relative-date,--remotes,--remove-empty,--rename-empty,--reverse,--right-only,--rotate-to,--shortstat,--show-linear-break,--show-notes-by-default,--show-pulls,--show-signature,--simplify-by-decoration,--simplify-merges,--since,--since-as-filter,--single-worktree,--skip,--skip-to,--sparse,--src-prefix,--stat,--stat-count,--stat-graph-width,--stat-name-width,--stat-width,--stdin,--submodule,--summary,--tags,--text,--textconv,--theirs,--timestamp,--topo-order,--unified,--unpacked,--until,--use-bitmap-index,--use-mailmap,--walk-reflogs,--word-diff,--word-diff-regex,--ws-error-highlight,-0,-1,-2,-3,-B,-C,-D,-E,-F,-G,-I,-M,-O,-P,-R,-S,-U,-W,-X,-a,-b,-c,-g,-i,-l,-n,-p,-q,-s,-u,-w,-z	path
git diff-index	-	--abbrev,--anchored,--base,--binary,--break-rewrites,--cached,--cc,--check,--color,--color-moved,--color-moved-ws,--color-words,--compact-summary,--cumulative,--default-prefix,--diff-algorithm,--diff-filter,--dirstat,--dirstat-by-file,--dst-prefix,--exit-code,--ext-diff,--find-copies,--find-copies-harder,--find-object,--find-renames,--follow,--full-index,--function-context,--histogram,--ignore-all-space,--ignore-blank-lines,--ignore-cr-at-eol,--ignore-matching-lines,--ignore-space-at-eol,--ignore-space-change,--ignore-submodules,--indent-heuristic,--inter-hunk-context,--irreversible-delete,--ita-invisible-in-index,--line-prefix,--merge-base,--minimal,--name-only,--name-status,--no-abbrev,--no-color,--no-color-moved,--no-color-moved-ws,--no-ext-diff,--no-follow,--no-indent-heuristic,--no-index,--no-patch,--no-prefix,--no-relative,--no-rename-empty,--no-renames,--no-textconv,--numstat,--ours,--output,--output-indicator-context,--output-indicator-new,--output-indicator-old,--patch,--patch-with-raw,--patch-with-stat,--patience,--pickaxe-all,--pickaxe-regex,--quiet,--raw,--relative,--rename-empty,--rotate-to,--shortstat,--skip-to,--src-prefix,--stat,--stat-count,--stat-graph-width,--stat-name-width,--stat-width,--submodule,--summary,--text,--textconv,--theirs,--unified,--word-diff,--word-diff-regex,--ws-error-highlight,-0,-1,-2,-3,-B,-C,-D,-G,-I,-M,-O,-R,-S,-U,-W,-X,-a,-b,-c,-l,-m,-p,-s,-u,-w,-z	-
git diff-pairs	-	--abbrev,--anchored,--base,--binary,--break-rewrites,--cached,--cc,--check,--color,--color-moved,--color-moved-ws,--color-words,--compact-summary,--cumulative,--default-prefix,--diff-algorithm,--diff-filter,--dirstat,--dirstat-by-file,--dst-prefix,--exit-code,--ext-diff,--find-copies,--find-copies-harder,--find-object,--find-renames,--follow,--full-index,--function-context,--histogram,--ignore-all-space,--ignore-blank-lines,--ignore-cr-at-eol,--ignore-matching-lines,--ignore-space-at-eol,--ignore-space-change,--ignore-submodules,--indent-heuristic,--inter-hunk-context,--irreversible-delete,--ita-invisible-in-index,--line-prefix,--minimal,--name-only,--name-status,--no-abbrev,--no-color,--no-color-moved,--no-color-moved-ws,--no-ext-diff,--no-follow,--no-indent-heuristic,--no-index,--no-patch,--no-prefix,--no-rename-empty,--no-renames,--no-textconv,--numstat,--ours,--output,--output-indicator-context,--output-indicator-new,--output-indicator-old,--patch,--patch-with-raw,--patch-with-stat,--patience,--pickaxe-all,--pickaxe-regex,--raw,--relative,--rename-empty,--rotate-to,--shortstat,--skip-to,--src-prefix,--stat,--stat-count,--stat-graph-width,--stat-name-width,--stat-width,--submodule,--summary,--text,--textconv,--theirs,--unified,--word-diff,--word-diff-regex,--ws-error-highlight,-0,-1,-2,-3,-B,-C,-D,-I,-M,-O,-R,-S,-U,-W,-X,-a,-b,-c,-l,-p,-s,-u,-w,-z	-
git diff-tree	-	--abbrev,--abbrev-commit,--always,--anchored,--base,--binary,--break-rewrites,--cached,--cc,--check,--children,--color,--color-moved,--color-moved-ws,--color-words,--combined-all-paths,--commit-header,--compact-summary,--count,--cumulative,--date,--default-prefix,--diff-algorithm,--diff-filter,--dirstat,--dirstat-by-file,--dst-prefix,--encoding,--exit-code,--expand-tabs,--ext-diff,--find-copies,--find-copies-harder,--find-object,--find-renames,--follow,--format,--full-index,--function-context,--graph,--graph-lane-limit,--header,--histogram,--ignore-all-space,--ignore-blank-lines,--ignore-cr-at-eol,--ignore-matching-lines,--ignore-space-at-eol,--ignore-space-change,--ignore-submodules,--indent-heuristic,--inter-hunk-context,--irreversible-delete,--ita-invisible-in-index,--left-right,--line-prefix,--merge-base,--minimal,--name-only,--name-status,--no-abbrev,--no-abbrev-commit,--no-color,--no-color-moved,--no-color-moved-ws,--no-commit-header,--no-commit-id,--no-expand-tabs,--no-ext-diff,--no-follow,--no-indent-heuristic,--no-index,--no-notes,--no-patch,--no-prefix,--no-relative,--no-rename-empty,--no-renames,--no-textconv,--notes,--numstat,--oneline,--ours,--output,--output-indicator-context,--output-indicator-new,--output-indicator-old,--parents,--patch,--patch-with-raw,--patch-with-stat,--patience,--pickaxe-all,--pickaxe-regex,--pretty,--quiet,--raw,--relative,--relative-date,--rename-empty,--root,--rotate-to,--shortstat,--show-linear-break,--show-notes-by-default,--show-signature,--skip-to,--src-prefix,--stat,--stat-count,--stat-graph-width,--stat-name-width,--stat-width,--stdin,--submodule,--summary,--text,--textconv,--theirs,--timestamp,--unified,--word-diff,--word-diff-regex,--ws-error-highlight,-0,-1,-2,-3,-B,-C,-D,-G,-I,-M,-O,-R,-S,-U,-W,-X,-a,-b,-c,-l,-m,-p,-r,-s,-t,-u,-v,-w,-z	-
git difftool	-	--abbrev,--anchored,--base,--binary,--break-rewrites,--cached,--cc,--check,--color,--color-moved,--color-moved-ws,--color-words,--compact-summary,--cumulative,--default-prefix,--diff-algorithm,--diff-filter,--dir-diff,--dirstat,--dirstat-by-file,--dst-prefix,--exit-code,--ext-diff,--extcmd,--find-copies,--find-copies-harder,--find-object,--find-renames,--follow,--full-index,--function-context,--gui,--histogram,--ignore-all-space,--ignore-blank-lines,--ignore-cr-at-eol,--ignore-matching-lines,--ignore-space-at-eol,--ignore-space-change,--ignore-submodules,--indent-heuristic,--inter-hunk-context,--irreversible-delete,--ita-invisible-in-index,--line-prefix,--minimal,--name-only,--name-status,--no-abbrev,--no-color,--no-color-moved,--no-color-moved-ws,--no-ext-diff,--no-follow,--no-indent-heuristic,--no-index,--no-patch,--no-prefix,--no-prompt,--no-rename-empty,--no-renames,--no-textconv,--numstat,--ours,--output,--output-indicator-context,--output-indicator-new,--output-indicator-old,--patch,--patch-with-raw,--patch-with-stat,--patience,--pickaxe-all,--pickaxe-regex,--raw,--relative,--rename-empty,--rotate-to,--shortstat,--skip-to,--src-prefix,--stat,--stat-count,--stat-graph-width,--stat-name-width,--stat-width,--submodule,--summary,--symlinks,--text,--textconv,--theirs,--tool,--tool-help,--trust-exit-code,--unified,--word-diff,--word-diff-regex,--ws-error-highlight,-0,-1,-2,-3,-B,-C,-D,-I,-M,-O,-R,-S,-U,-W,-X,-a,-b,-c,-d,-g,-l,-p,-s,-t,-u,-w,-x,-y,-z	-
git fast-export	-	--anonymize,--anonymize-map,--export-marks,--fake-missing-tagger,--full-tree,--import-marks,--mark-tags,--no-data,--progress,--reencode,--reference-excluded-parents,--refspec,--show-original-ids,--signed-tags,--tag-of-filtered-object,--use-done-feature,-C,-M	-
git fast-import	-	--active-branches,--allow-unsafe-features,--big-file-threshold,--cat-blob-fd,--date-format,--depth,--done,--export-marks,--export-pack-edges,--force,--import-marks,--import-marks-if-exists,--max-pack-size,--no-relative-marks,--quiet,--relative-marks,--rewrite-submodules-from,--rewrite-submodules-to,--signed-commits,--signed-tags,--stats	-
git fetch	-	--all,--append,--atomic,--auto-gc,--auto-maintenance,--deepen,--depth,--dry-run,--filter,--force,--ipv4,--ipv6,--jobs,--keep,--multiple,--negotiate-only,--negotiation-tip,--no-auto-gc,--no-auto-maintenance,--no-recurse-submodules,--no-tags,--no-write-fetch-head,--porcelain,--prefetch,--progress,--prune,--prune-tags,--quiet,--recurse-submodules,--recurse-submodules-default,--refetch,--refmap,--server-option,--set-upstream,--shallow-exclude,--shallow-since,--show-forced-updates,--stdin,--submodule-prefix,--tags,--unshallow,--update-head-ok,--update-shallow,--upload-pack,--verbose,--write-commit-graph,--write-fetch-head,-4,-6,-P,-a,-f,-j,-k,-m,-n,-o,-p,-q,-t,-u,-v	path
git fetch-pack	-	--all,--check-self-contained-and-connected,--deepen-relative,--depth,--exec,--include-tag,--keep,--no-progress,--quiet,--refetch,--shallow-exclude,--shallow-since,--stdin,--thin,--upload-pack,-k,-q,-v	-
git filter-branch	-	--commit-filter,--env-filter,--force,--index-filter,--msg-filter,--original,--parent-filter,--prune-empty,--setup,--state-branch,--subdirectory-filter,--tag-name-filter,--tree-filter,-d,-f	-
git fmt-merge-msg	-	--file,--into-name,--log,--message,--no-log,-F,-m	-
git for-each-ref	-	--color,--contains,--count,--exclude,--format,--ignore-case,--merged,--no-contains,--no-merged,--omit-empty,--perl,--points-at,--python,--shell,--sort,--stdin,--tcl	-
git for-each-repo	-	--config,--keep-going	-
git format-patch	-	--add-header,--attach,--base,--cc,--commit-list-format,--cover-from-description,--cover-letter,--creation-factor,--description-file,--filename-max-length,--force-in-body-from,--from,--in-reply-to,--inline,--interdiff,--keep-subject,--no-binary,--no-numbered,--no-stat,--numbered,--numbered-files,--output-directory,--progress,--quiet,--range-diff,--reroll-count,--rfc,--signature,--signature-file,--signoff,--start-number,--stdout,--subject-prefix,--suffix,--thread,--to,--zero-commit,-N,-k,-n,-o,-p,-q,-s,-v	-
git format-rev	-	--format,--notes,--null,--null-input,--null-output,--stdin-mode,-z	-
git fsck	-	--cache,--connectivity-only,--dangling,--full,--lost-found,--name-objects,--no-dangling,--no-full,--no-progress,--no-reflogs,--progress,--root,--strict,--tags,--unreachable,--verbose	-
git gc	-	--aggressive,--auto,--cruft,--detach,--expire-to,--force,--keep-largest-pack,--max-cruft-size,--prune,--quiet,-q	-
git get-tar-commit-id	-	-	-
git grep	-	--after-context,--all-match,--and,--basic-regexp,--before-context,--break,--cached,--color,--column,--context,--count,--exclude-standard,--ext-grep,--extended-regexp,--files-with-matches,--files-without-match,--fixed-strings,--full-name,--function-context,--heading,--ignore-case,--invert-match,--line-number,--max-count,--max-depth,--name-only,--no-index,--not,--null,--only-matching,--open-files-in-pager,--or,--perl-regexp,--quiet,--recurse-submodules,--recursive,--show-function,--text,--textconv,--threads,--untracked,--word-regexp,-A,-B,-C,-E,-F,-G,-H,-I,-L,-O,-P,-W,-a,-c,-e,-f,-h,-i,-l,-m,-n,-o,-p,-q,-r,-v,-w,-z	-
git gui	blame,browser,citool,version	-	-
git gui blame	-	--line	path
git gui browser	-	-	-
git gui citool	-	--amend,--nocommit	-
git gui version	-	-	-
git hash-object	-	--literally,--no-filters,--path,--stdin,--stdin-paths,-t,-w	path
git help	-	--all,--config,--developer-interfaces,--guides,--info,--man,--no-aliases,--no-external-commands,--user-interfaces,--verbose,--web,-a,-c,-g,-i,-m,-w	path
git history	fixup,reword,split	-	-
git history fixup	-	--dry-run,--empty,--no-dry-run,--reedit-message,--update-refs,-n	-
git history reword	-	--dry-run,--no-dry-run,--update-refs	-
git history split	-	--dry-run,--no-dry-run,--update-refs	-
git hook	list,run	-	-
git hook list	-	--allow-unknown-hook-name,--no-allow-unknown-hook-name,--no-show-scope,--show-scope,-z	-
git hook run	-	--allow-unknown-hook-name,--ignore-missing,--jobs,--to-stdin,-j	-
git http-backend	-	-	-
git http-fetch	-	--index-pack-args,--packfile,--recover,--stdin,-v,-w	-
git http-push	-	--all,--dry-run,--force,--verbose,-D,-d	-
git imap-send	-	--curl,--no-curl,--quiet,--verbose,-q,-v	-
git index-pack	-	--check-self-contained-and-connected,--fix-thin,--fsck-objects,--index-version,--keep,--max-input-size,--no-rev-index,--object-format,--progress-title,--promisor,--rev-index,--stdin,--strict,--threads,-o,-v	path
git init	-	--bare,--initial-branch,--object-format,--quiet,--ref-format,--separate-git-dir,--shared,--template,-b,-q	path
git instaweb	-	--browser,--httpd,--local,--port,--restart,--start,--stop,-b,-d,-l,-p	-
git interpret-trailers	-	--if-exists,--in-place,--no-divider,--only-input,--only-trailers,--parse,--trailer,--trim-empty,--unfold,--where	path
git last-modified	-	--max-depth,--recursive,--show-trees,-r,-t,-z	path
git log	-	--abbrev,--abbrev-commit,--after,--all,--all-match,--alternate-refs,--ancestry-path,--anchored,--author,--author-date-order,--base,--basic-regexp,--before,--binary,--bisect,--bisect-all,--bisect-vars,--boundary,--branches,--break-rewrites,--cached,--cc,--check,--cherry,--cherry-mark,--cherry-pick,--children,--clear-decorations,--color,--color-moved,--color-moved-ws,--color-words,--combined-all-paths,--commit-header,--committer,--compact-summary,--count,--cumulative,--date,--date-order,--decorate,--decorate-refs,--decorate-refs-exclude,--default,--default-prefix,--dense,--diff-algorithm,--diff-filter,--diff-merges,--dirstat,--dirstat-by-file,--disk-usage,--do-walk,--dst-prefix,--early-output,--encoding,--exclude,--exclude-first-parent-only,--exclude-hidden,--exclude-promisor-objects,--exit-code,--expand-tabs,--ext-diff,--extended-regexp,--filter,--filter-print-omitted,--filter-provided-objects,--find-copies,--find-copies-harder,--find-object,--find-renames,--first-parent,--fixed-strings,--follow,--format,--full-diff,--full-history,--full-index,--function-context,--glob,--graph,--graph-lane-limit,--grep,--grep-reflog,--header,--help,--histogram,--ignore-all-space,--ignore-blank-lines,--ignore-cr-at-eol,--ignore-matching-lines,--ignore-missing,--ignore-space-at-eol,--ignore-space-change,--ignore-submodules,--in-commit-order,--indent-heuristic,--indexed-objects,--inter-hunk-context,--invert-grep,--irreversible-delete,--ita-invisible-in-index,--left-only,--left-right,--line-prefix,--log-size,--mailmap,--max-age,--max-count,--max-count-oldest,--max-parents,--maximal-only,--merge,--merges,--min-age,--min-parents,--minimal,--missing,--name-only,--name-status,--no-abbrev,--no-abbrev-commit,--no-color,--no-color-moved,--no-color-moved-ws,--no-commit-header,--no-decorate,--no-diff-merges,--no-expand-tabs,--no-ext-diff,--no-filter,--no-follow,--no-indent-heuristic,--no-index,--no-mailmap,--no-max-parents,--no-merges,--no-min-parents,--no-notes,--no-object-names,--no-patch,--no-prefix,--no-relative,--no-rename-empty,--no-renames,--no-textconv,--no-use-mailmap,--no-walk,--not,--notes,--numstat,--object-names,--objects,--objects-edge,--objects-edge-aggressive,--oneline,--ours,--output,--output-indicator-context,--output-indicator-new,--output-indicator-old,--parents,--patch,--patch-with-raw,--patch-with-stat,--patience,--perl-regexp,--pickaxe-all,--pickaxe-regex,--pretty,--progress,--quiet,--raw,--reflog,--regexp-ignore-case,--relative,--relative-date,--remotes,--remove-empty,--rename-empty,--reverse,--right-only,--rotate-to,--shortstat,--show-linear-break,--show-pulls,--show-signature,--simplify-by-decoration,--simplify-merges,--since,--since-as-filter,--single-worktree,--skip,--skip-to,--source,--sparse,--src-prefix,--stat,--stat-count,--stat-graph-width,--stat-name-width,--stat-width,--stdin,--submodule,--summary,--tags,--text,--textconv,--theirs,--timestamp,--topo-order,--unified,--unpacked,--until,--use-bitmap-index,--use-mailmap,--walk-reflogs,--word-diff,--word-diff-regex,--ws-error-highlight,-0,-1,-2,-3,-B,-C,-D,-E,-F,-G,-I,-L,-M,-O,-P,-R,-S,-U,-W,-X,-a,-b,-c,-g,-h,-i,-l,-n,-p,-s,-t,-u,-w,-z	path
git ls-files	-	--abbrev,--cached,--debug,--deduplicate,--deleted,--directory,--empty-directory,--eol,--error-unmatch,--exclude,--exclude-from,--exclude-per-directory,--exclude-standard,--format,--full-name,--ignored,--killed,--modified,--others,--recurse-submodules,--resolve-undo,--sparse,--stage,--unmerged,--with-tree,-X,-c,-d,-f,-i,-k,-m,-o,-s,-t,-u,-v,-x,-z	path
git ls-remote	-	--branches,--exit-code,--get-url,--heads,--quiet,--refs,--server-option,--sort,--symref,--tags,--upload-pack,-b,-h,-o,-q,-t	-
git ls-tree	-	--abbrev,--format,--full-name,--full-tree,--long,--name-only,--name-status,--no-abbrev,--no-full-name,--no-full-tree,--object-only,-d,-l,-r,-t,-z	-
git mailinfo	-	--message-id,--quoted-cr,--scissors,-b,-k,-m,-n,-u	-
git mailsplit	-	--keep-cr,--mboxrd,-b,-d,-f,-o	path
git maintenance	is-needed,register,run,start,stop,unregister	-	-
git maintenance is-needed	-	--auto,--task	-
git maintenance register	-	-	-
git maintenance run	-	--auto,--quiet,--schedule,--task	-
git maintenance start	-	--scheduler	-
git maintenance stop	-	-	-
git maintenance unregister	-	-	-
git merge	-	--abort,--allow-unrelated-histories,--autostash,--cleanup,--commit,--compact-summary,--continue,--edit,--ff,--ff-only,--file,--gpg-sign,--into-name,--log,--message,--no-autostash,--no-commit,--no-edit,--no-ff,--no-gpg-sign,--no-log,--no-overwrite-ignore,--no-progress,--no-rerere-autoupdate,--no-signoff,--no-squash,--no-stat,--no-verify,--no-verify-signatures,--overwrite-ignore,--progress,--quiet,--quit,--rerere-autoupdate,--signoff,--squash,--stat,--strategy,--strategy-option,--summary,--verbose,--verify-signatures,-F,-S,-X,-e,-m,-n,-q,-s,-v	path
git merge-base	-	--all,--fork-point,--independent,--is-ancestor,--octopus,-a	-
git merge-file	-	--diff-algorithm,--diff3,--object-id,--ours,--theirs,--union,--zdiff3,-L,-p,-q	path
git merge-index	-	-a,-o,-q	path
git merge-one-file	-	-	-
git merge-tree	-	--allow-unrelated-histories,--merge-base,--messages,--name-only,--no-messages,--quiet,-z	-
git mergetool	-	--gui,--no-gui,--no-prompt,--prompt,--tool,--tool-help,-g,-y	path
git mktag	-	--strict	-
git mktree	-	--batch,--missing,--no-batch,--no-missing,-z	-
git multi-pack-index	compact,expire,repack,verify,write	--no-progress,--object-dir,--progress	-
git multi-pack-index compact	-	--base,--bitmap,--incremental,--no-write-chain-file,--object-dir,--progress	-
git multi-pack-index expire	-	-	-
git multi-pack-index repack	-	-	-
git multi-pack-index verify	-	-	-
git multi-pack-index write	-	--base,--bitmap,--incremental,--no-bitmap,--no-write-chain-file,--preferred-pack,--refs-snapshot,--stdin-packs	-
git mv	-	--dry-run,--force,--sparse,--verbose,-f,-k,-n,-v	path
git name-rev	-	--all,--always,--annotate-stdin,--exclude,--name-only,--refs,--tags,--undefined	-
git notes	add,append,copy,edit,get-ref,list,merge,prune,remove,show	--ref	-
git notes add	-	--allow-empty,--edit,--file,--message,--reedit-message,--reuse-message,--separator,--stripspace,-C,-F,-c,-e,-m	-
git notes append	-	--allow-empty,--edit,--file,--message,--reedit-message,--reuse-message,--separator,--stripspace,-C,-F,-c,-e,-m	-
git notes copy	-	--force,--stdin,-f	-
git notes edit	-	--allow-empty,--file,--message,--reedit-message,--reuse-message,--separator,--stripspace,-C,-F,-c,-m	-
git notes get-ref	-	-	-
git notes list	-	-	-
git notes merge	-	--abort,--commit,--quiet,--strategy,--verbose,-q,-s,-v	path
git notes prune	-	--dry-run,--verbose,-n,-v	-
git notes remove	-	--ignore-missing,--stdin	-
git notes show	-	-	-
git p4	-	-	-
git pack-objects	-	--all,--all-progress,--all-progress-implied,--compression,--cruft,--cruft-expiration,--delta-base-offset,--delta-islands,--depth,--exclude-promisor-objects,--filter,--honor-pack-keep,--include-tag,--incremental,--index-version,--indexed-objects,--keep-pack,--keep-true-parents,--keep-unreachable,--local,--max-pack-size,--missing,--name-hash-version,--no-filter,--no-reuse-delta,--no-reuse-object,--no-sparse,--non-empty,--pack-loose-unreachable,--path-walk,--progress,--reflog,--reuse-delta,--reuse-object,--revs,--shallow,--sparse,--stdin-packs,--stdout,--thin,--threads,--unpack-unreachable,--unpacked,--use-bitmap-index,--window,--window-memory,--write-bitmap-index,-q	-
git pack-redundant	-	--all,--alt-odb,--verbose	-
git pack-refs	-	--all,--exclude,--include,--prune	-
git patch-id	-	--stable,--unstable,--verbatim	-
git prune	-	--dry-run,--exclude-promisor-objects,--expire,--progress,--verbose,-n,-v	path
git prune-packed	-	--dry-run,--quiet,-n,-q	-
git pull	-	--all,--allow-unrelated-histories,--append,--autostash,--cleanup,--commit,--compact-summary,--deepen,--depth,--dry-run,--edit,--ff,--ff-only,--force,--gpg-sign,--ipv4,--ipv6,--jobs,--keep,--log,--negotiation-tip,--no-commit,--no-edit,--no-ff,--no-gpg-sign,--no-log,--no-rebase,--no-recurse-submodules,--no-squash,--no-stat,--no-tags,--no-verify-signatures,--progress,--prune,--quiet,--rebase,--recurse-submodules,--recurse-submodules-default,--refmap,--server-option,--set-upstream,--shallow-exclude,--shallow-since,--show-forced-updates,--signoff,--squash,--stat,--strategy,--strategy-option,--submodule-prefix,--tags,--unshallow,--update-head-ok,--update-shallow,--upload-pack,--verbose,--verify,--verify-signatures,-4,-6,-S,-X,-a,-f,-j,-k,-n,-o,-p,-q,-r,-s,-t,-u,-v	path
git push	-	--all,--atomic,--branches,--delete,--dry-run,--exec,--follow-tags,--force,--force-if-includes,--force-with-lease,--ipv4,--ipv6,--mirror,--no-force-if-includes,--no-force-with-lease,--no-signed,--no-thin,--no-verify,--porcelain,--progress,--prune,--push-option,--quiet,--receive-pack,--recurse-submodules,--repo,--set-upstream,--signed,--tags,--thin,--verbose,-4,-6,-d,-f,-n,-o,-q,-u,-v	path
git quiltimport	-	--author,--dry-run,--keep-non-patch,--patches,--series,-n	-
git range-diff	-	--abbrev,--anchored,--base,--binary,--break-rewrites,--cached,--cc,--check,--color,--color-moved,--color-moved-ws,--color-words,--compact-summary,--creation-factor,--cumulative,--default-prefix,--diff-algorithm,--diff-filter,--dirstat,--dirstat-by-file,--dst-prefix,--exit-code,--ext-diff,--find-copies,--find-copies-harder,--find-object,--find-renames,--follow,--full-index,--function-context,--histogram,--ignore-all-space,--ignore-blank-lines,--ignore-cr-at-eol,--ignore-matching-lines,--ignore-space-at-eol,--ignore-space-change,--ignore-submodules,--indent-heuristic,--inter-hunk-context,--irreversible-delete,--ita-invisible-in-index,--line-prefix,--minimal,--name-only,--name-status,--no-abbrev,--no-color,--no-color-moved,--no-color-moved-ws,--no-dual-color,--no-ext-diff,--no-follow,--no-indent-heuristic,--no-index,--no-notes,--no-patch,--no-prefix,--no-rename-empty,--no-renames,--no-textconv,--notes,--numstat,--ours,--output,--output-indicator-context,--output-indicator-new,--output-indicator-old,--patch,--patch-with-raw,--patch-with-stat,--patience,--pickaxe-all,--pickaxe-regex,--raw,--relative,--rename-empty,--rotate-to,--shortstat,--skip-to,--src-prefix,--stat,--stat-count,--stat-graph-width,--stat-name-width,--stat-width,--submodule,--summary,--text,--textconv,--theirs,--unified,--word-diff,--word-diff-regex,--ws-error-highlight,-0,-1,-2,-3,-B,-C,-D,-I,-M,-O,-R,-S,-U,-W,-X,-a,-b,-c,-l,-p,-s,-u,-w,-z	-
git read-tree	-	--aggressive,--dry-run,--empty,--index-output,--no-recurse-submodules,--no-sparse-checkout,--prefix,--quiet,--recurse-submodules,--reset,--trivial,-i,-m,-n,-q,-u,-v	-
git rebase	-	--abort,--apply,--autosquash,--autostash,--committer-date-is-author-date,--continue,--edit-todo,--empty,--exec,--ff,--force-rebase,--fork-point,--gpg-sign,--ignore-date,--ignore-whitespace,--interactive,--keep-base,--merge,--no-ff,--no-stat,--no-verify,--onto,--quiet,--quit,--reapply-cherry-picks,--rebase-merges,--rerere-autoupdate,--reschedule-failed-exec,--reset-author-date,--root,--show-current-patch,--signoff,--skip,--stat,--strategy,--strategy-option,--trailer,--update-refs,--verbose,--verify,--whitespace,-C,-S,-X,-f,-i,-m,-n,-q,-r,-s,-v,-x	-
git receive-pack	-	--http-backend-info-refs,--skip-connectivity-check	path
git reflog	delete,exists,expire,show	-	-
git reflog delete	-	--dry-run,--rewrite,--updateref,--verbose,-n	-
git reflog exists	-	-	-
git reflog expire	-	--all,--dry-run,--expire,--expire-unreachable,--rewrite,--single-worktree,--stale-fix,--updateref,--verbose,-n	-
git reflog show	-	-	path
git refs	exists,list,migrate,optimize,verify	-	-
git refs exists	-	-	-
git refs list	-	--color,--contains,--count,--exclude,--format,--ignore-case,--include-root-refs,--merged,--no-contains,--no-merged,--omit-empty,--perl,--points-at,--python,--shell,--sort,--start-after,--stdin,--tcl	-
git refs migrate	-	--dry-run,--no-reflog,--ref-format	-
git refs optimize	-	-	-
git refs verify	-	--strict,--verbose	-
git remote	add,get-url,prune,remove,rename,set-branches,set-head,set-url,show,update	--verbose,-v	-
git remote add	-	--fetch,--master,--mirror,--tags,--track,-f,-m,-t	path
git remote get-url	-	--all,--push	path
git remote prune	-	--dry-run,-n	path
git remote remove	-	-	path
git remote rename	-	-	path
git remote set-branches	-	--add	path
git remote set-head	-	--auto,--delete,-a,-d	path
git remote set-url	-	--add,--delete,--push	path
git remote show	-	-n	path
git remote update	-	--prune,-p	path
git repack	-	--combine-cruft-below-size,--cruft,--cruft-expiration,--delta-islands,--depth,--expire-to,--filter,--filter-to,--geometric,--keep-pack,--keep-unreachable,--local,--max-cruft-size,--max-pack-size,--name-hash-version,--pack-kept-objects,--path-walk,--quiet,--threads,--unpack-unreachable,--window,--window-memory,--write-bitmap-index,--write-midx,-A,-F,-a,-b,-d,-f,-g,-i,-k,-l,-m,-n,-q	-
git replace	-	--convert-graft-file,--delete,--edit,--force,--format,--graft,--list,--raw,-d,-f,-l	-
git replay	-	--abbrev-commit,--advance,--after,--all,--all-match,--alternate-refs,--ancestry-path,--author,--author-date-order,--basic-regexp,--before,--boundary,--branches,--cherry,--cherry-mark,--cherry-pick,--children,--commit-header,--committer,--contained,--count,--date,--date-order,--dense,--disk-usage,--do-walk,--encoding,--exclude,--exclude-first-parent-only,--exclude-hidden,--exclude-promisor-objects,--expand-tabs,--extended-regexp,--filter,--filter-print-omitted,--filter-provided-objects,--first-parent,--fixed-strings,--format,--full-history,--glob,--graph,--graph-lane-limit,--grep,--grep-reflog,--header,--ignore-missing,--in-commit-order,--indexed-objects,--invert-grep,--left-only,--left-right,--max-age,--max-count,--max-count-oldest,--max-parents,--maximal-only,--merge,--merges,--min-age,--min-parents,--missing,--no-abbrev-commit,--no-commit-header,--no-expand-tabs,--no-filter,--no-max-parents,--no-merges,--no-min-parents,--no-object-names,--no-walk,--not,--object-names,--objects,--objects-edge,--objects-edge-aggressive,--oneline,--onto,--parents,--perl-regexp,--pretty,--progress,--quiet,--ref,--ref-action,--reflog,--regexp-ignore-case,--relative-date,--remotes,--remove-empty,--reverse,--revert,--right-only,--show-linear-break,--show-pulls,--show-signature,--simplify-by-decoration,--simplify-merges,--since,--since-as-filter,--single-worktree,--skip,--sparse,--stdin,--tags,--timestamp,--topo-order,--unpacked,--until,--use-bitmap-index,--walk-reflogs,-E,-F,-P,-g,-i,-n	-
git repo	info,structure	-	-
git repo info	-	--all,--format,--keys,--no-all,--no-keys,-z	-
git repo structure	-	--format,--no-progress,--progress,-z	-
git request-pull	-	-p	-
git rerere	-	--rerere-autoupdate	-
git reset	-	--auto-advance,--hard,--intent-to-add,--inter-hunk-context,--keep,--merge,--mixed,--patch,--pathspec-file-nul,--pathspec-from-file,--quiet,--recurse-submodules,--soft,--unified,-N,-U,-p,-q	-
git restore	-	--conflict,--ignore-skip-worktree-bits,--ignore-unmerged,--inter-hunk-context,--merge,--no-progress,--ours,--overlay,--patch,--pathspec-file-nul,--pathspec-from-file,--progress,--quiet,--recurse-submodules,--source,--staged,--theirs,--unified,--worktree,-2,-3,-S,-U,-W,-m,-p,-q,-s	path
git rev-list	-	--abbrev-commit,--after,--all,--all-match,--alternate-refs,--ancestry-path,--author,--author-date-order,--basic-regexp,--before,--bisect,--bisect-all,--bisect-vars,--boundary,--branches,--cherry,--cherry-mark,--cherry-pick,--children,--commit-header,--committer,--count,--date,--date-order,--dense,--disk-usage,--do-walk,--encoding,--exclude,--exclude-first-parent-only,--exclude-hidden,--exclude-promisor-objects,--expand-tabs,--extended-regexp,--filter,--filter-print-omitted,--filter-provided-objects,--first-parent,--fixed-strings,--format,--full-history,--glob,--graph,--graph-lane-limit,--grep,--grep-reflog,--header,--ignore-missing,--in-commit-order,--indexed-objects,--invert-grep,--left-only,--left-right,--max-age,--max-count,--max-count-oldest,--max-parents,--maximal-only,--merge,--merges,--min-age,--min-parents,--missing,--no-abbrev-commit,--no-commit-header,--no-expand-tabs,--no-filter,--no-max-parents,--no-merges,--no-min-parents,--no-object-names,--no-walk,--not,--object-names,--objects,--objects-edge,--objects-edge-aggressive,--oneline,--parents,--perl-regexp,--pretty,--progress,--quiet,--reflog,--regexp-ignore-case,--relative-date,--remotes,--remove-empty,--reverse,--right-only,--show-linear-break,--show-pulls,--show-signature,--simplify-by-decoration,--simplify-merges,--since,--since-as-filter,--single-worktree,--skip,--sparse,--stdin,--tags,--timestamp,--topo-order,--unpacked,--until,--use-bitmap-index,--walk-reflogs,-E,-F,-P,-g,-i,-n	-
git rev-parse	-	--abbrev-ref,--absolute-git-dir,--after,--all,--before,--branches,--default,--exclude,--exclude-hidden,--flags,--git-common-dir,--git-dir,--git-path,--glob,--is-inside-git-dir,--is-inside-work-tree,--is-shallow-repository,--keep-dashdash,--local-env-vars,--no-flags,--no-revs,--not,--output-object-format,--parseopt,--path-format,--prefix,--quiet,--remotes,--resolve-git-dir,--revs-only,--shared-index-path,--short,--show-cdup,--show-object-format,--show-prefix,--show-ref-format,--show-superproject-working-tree,--show-toplevel,--since,--sq,--sq-quote,--stop-at-non-option,--stuck-long,--symbolic,--symbolic-full-name,--tags,--until,--verify,-q	-
git revert	-	--abort,--cleanup,--continue,--edit,--gpg-sign,--mainline,--no-commit,--quit,--reference,--rerere-autoupdate,--signoff,--skip,--strategy,--strategy-option,-S,-X,-e,-m,-n,-s	-
git rm	-	--cached,--dry-run,--force,--ignore-unmatch,--pathspec-file-nul,--pathspec-from-file,--quiet,--sparse,-f,-n,-q,-r	path
git scalar	clone,delete,diagnose,list,reconfigure,register,run,unregister,version	-	-
git scalar clone	-	--branch,--full-clone,--maintenance,--single-branch,--src,--tags,-b	-
git scalar delete	-	-	-
git scalar diagnose	-	-	-
git scalar list	-	-	-
git scalar reconfigure	-	--all,--maintenance	-
git scalar register	-	--maintenance	-
git scalar run	-	--task	-
git scalar unregister	-	-	-
git scalar version	-	--build-options,--verbose,-v	-
git send-email	-	--8bit-encoding,--annotate,--batch-size,--bcc,--cc,--cc-cmd,--cc-cover,--chain-reply-to,--compose,--compose-encoding,--confirm,--dry-run,--dump-aliases,--envelope-sender,--force,--format-patch,--from,--header-cmd,--identity,--in-reply-to,--no-annotate,--no-bcc,--no-cc,--no-cc-cover,--no-chain-reply-to,--no-format-patch,--no-header-cmd,--no-signed-off-by-cc,--no-smtp-auth,--no-suppress-from,--no-thread,--no-to,--no-to-cover,--no-validate,--no-xmailer,--quiet,--relogin-delay,--reply-to,--sendmail-cmd,--signed-off-by-cc,--smtp-auth,--smtp-debug,--smtp-domain,--smtp-encryption,--smtp-pass,--smtp-server,--smtp-server-option,--smtp-server-port,--smtp-ssl,--smtp-ssl-cert-path,--smtp-user,--subject,--suppress-cc,--suppress-from,--thread,--to,--to-cmd,--to-cover,--transfer-encoding,--validate,--xmailer	path
git send-pack	-	--all,--atomic,--dry-run,--exec,--force,--force-if-includes,--force-with-lease,--helper-status,--mirror,--progress,--push-option,--receive-pack,--remote,--signed,--stateless-rpc,--stdin,--thin,--verbose,-f	path
git shell	-	-c	-
git shortlog	-	--after,--all,--all-match,--alternate-refs,--ancestry-path,--author,--basic-regexp,--before,--bisect,--boundary,--cherry,--cherry-mark,--cherry-pick,--committer,--dense,--email,--exclude,--extended-regexp,--first-parent,--fixed-strings,--format,--full-history,--glob,--grep,--grep-reflog,--group,--help,--ignore-missing,--invert-grep,--left-only,--max-count,--max-parents,--merge,--merges,--min-parents,--no-max-parents,--no-merges,--no-min-parents,--not,--numbered,--perl-regexp,--pretty,--reflog,--regexp-ignore-case,--remotes,--remove-empty,--right-only,--show-pulls,--simplify-by-decoration,--simplify-merges,--since,--single-worktree,--sparse,--stdin,--summary,--tags,--until,--walk-reflogs,-E,-F,-P,-c,-e,-g,-h,-i,-n,-s,-w	path
git show	-	--abbrev,--abbrev-commit,--after,--all,--all-match,--alternate-refs,--ancestry-path,--anchored,--author,--author-date-order,--base,--basic-regexp,--before,--binary,--bisect,--bisect-all,--bisect-vars,--boundary,--branches,--break-rewrites,--cached,--cc,--check,--cherry,--cherry-mark,--cherry-pick,--children,--color,--color-moved,--color-moved-ws,--color-words,--commit-header,--committer,--compact-summary,--count,--cumulative,--date,--date-order,--decorate,--decorate-refs,--decorate-refs-exclude,--default-prefix,--dense,--diff-algorithm,--diff-filter,--dirstat,--dirstat-by-file,--disk-usage,--do-walk,--dst-prefix,--encoding,--exclude,--exclude-first-parent-only,--exclude-hidden,--exclude-promisor-objects,--exit-code,--expand-tabs,--ext-diff,--extended-regexp,--filter,--filter-print-omitted,--filter-provided-objects,--find-copies,--find-copies-harder,--find-object,--find-renames,--first-parent,--fixed-strings,--follow,--format,--full-history,--full-index,--function-context,--glob,--graph,--graph-lane-limit,--grep,--grep-reflog,--header,--histogram,--ignore-all-space,--ignore-blank-lines,--ignore-cr-at-eol,--ignore-matching-lines,--ignore-missing,--ignore-space-at-eol,--ignore-space-change,--ignore-submodules,--in-commit-order,--indent-heuristic,--indexed-objects,--inter-hunk-context,--invert-grep,--irreversible-delete,--ita-invisible-in-index,--left-only,--left-right,--line-prefix,--mailmap,--max-age,--max-count,--max-count-oldest,--max-parents,--maximal-only,--merge,--merges,--min-age,--min-parents,--minimal,--missing,--name-only,--name-status,--no-abbrev,--no-abbrev-commit,--no-color,--no-color-moved,--no-color-moved-ws,--no-commit-header,--no-expand-tabs,--no-ext-diff,--no-filter,--no-follow,--no-indent-heuristic,--no-index,--no-max-parents,--no-merges,--no-min-parents,--no-object-names,--no-patch,--no-prefix,--no-rename-empty,--no-renames,--no-textconv,--no-walk,--not,--numstat,--object-names,--objects,--objects-edge,--objects-edge-aggressive,--oneline,--ours,--output,--output-indicator-context,--output-indicator-new,--output-indicator-old,--parents,--patch,--patch-with-raw,--patch-with-stat,--patience,--perl-regexp,--pickaxe-all,--pickaxe-regex,--pretty,--progress,--quiet,--raw,--reflog,--regexp-ignore-case,--relative,--relative-date,--remotes,--remove-empty,--rename-empty,--reverse,--right-only,--rotate-to,--shortstat,--show-linear-break,--show-pulls,--show-signature,--simplify-by-decoration,--simplify-merges,--since,--since-as-filter,--single-worktree,--skip,--skip-to,--source,--sparse,--src-prefix,--stat,--stat-count,--stat-graph-width,--stat-name-width,--stat-width,--stdin,--submodule,--summary,--tags,--text,--textconv,--theirs,--timestamp,--topo-order,--unified,--unpacked,--until,--use-bitmap-index,--use-mailmap,--walk-reflogs,--word-diff,--word-diff-regex,--ws-error-highlight,-0,-1,-2,-3,-B,-C,-D,-E,-F,-I,-L,-M,-O,-P,-R,-S,-U,-W,-X,-a,-b,-c,-g,-i,-l,-n,-p,-s,-u,-w,-z	-
git show-branch	-	--all,--color,--current,--date-order,--independent,--list,--merge-base,--more,--no-name,--reflog,--remotes,--sha1-name,--sparse,--topics,--topo-order,-a,-g,-r	-
git show-index	-	--object-format	-
git show-ref	-	--abbrev,--branches,--dereference,--exclude-existing,--exists,--hash,--head,--quiet,--tags,--verify,-d,-q,-s	-
git sparse-checkout	add,clean,disable,list,reapply,set	-	-
git sparse-checkout add	-	-	path
git sparse-checkout clean	-	--dry-run,--force,--verbose,-f	-
git sparse-checkout disable	-	-	-
git sparse-checkout list	-	-	-
git sparse-checkout reapply	-	-	-
git sparse-checkout set	-	-	path
git stage	-	--all,--auto-advance,--chmod,--dry-run,--edit,--force,--ignore-errors,--ignore-missing,--ignore-removal,--intent-to-add,--inter-hunk-context,--interactive,--no-all,--no-auto-advance,--no-ignore-removal,--no-warn-embedded-repo,--patch,--pathspec-file-nul,--pathspec-from-file,--refresh,--renormalize,--sparse,--unified,--update,--verbose,-A,-N,-U,-e,-f,-i,-n,-p,-u,-v	path
git stash	apply,branch,clear,create,drop,export,import,list,pop,push,save,show,store	-	-
git stash apply	-	--index,--quiet,-q	path
git stash branch	-	-	path
git stash clear	-	-	-
git stash create	-	-	-
git stash drop	-	--quiet,-q	path
git stash export	-	--print,--to-ref	path
git stash import	-	-	-
git stash list	-	-	-
git stash pop	-	--index,--quiet,-q	path
git stash push	-	--all,--include-untracked,--keep-index,--message,--no-keep-index,--patch,--pathspec-file-nul,--pathspec-from-file,--quiet,--staged,-S,-a,-k,-m,-p,-q,-u	path
git stash save	-	--keep-index,--message,--patch,--quiet,--staged,-S,-k,-m,-p,-q	-
git stash show	-	--abbrev,--anchored,--base,--binary,--break-rewrites,--cached,--cc,--check,--color,--color-moved,--color-moved-ws,--color-words,--compact-summary,--cumulative,--default-prefix,--diff-algorithm,--diff-filter,--dirstat,--dirstat-by-file,--dst-prefix,--exit-code,--ext-diff,--find-copies,--find-copies-harder,--find-object,--find-renames,--follow,--full-index,--function-context,--histogram,--ignore-all-space,--ignore-blank-lines,--ignore-cr-at-eol,--ignore-matching-lines,--ignore-space-at-eol,--ignore-space-change,--ignore-submodules,--include-untracked,--indent-heuristic,--inter-hunk-context,--irreversible-delete,--ita-invisible-in-index,--line-prefix,--minimal,--name-only,--name-status,--no-abbrev,--no-color,--no-color-moved,--no-color-moved-ws,--no-ext-diff,--no-follow,--no-indent-heuristic,--no-index,--no-patch,--no-prefix,--no-rename-empty,--no-renames,--no-textconv,--numstat,--only-untracked,--ours,--output,--output-indicator-context,--output-indicator-new,--output-indicator-old,--patch,--patch-with-raw,--patch-with-stat,--patience,--pickaxe-all,--pickaxe-regex,--raw,--relative,--rename-empty,--rotate-to,--shortstat,--skip-to,--src-prefix,--stat,--stat-count,--stat-graph-width,--stat-name-width,--stat-width,--submodule,--summary,--text,--textconv,--theirs,--unified,--word-diff,--word-diff-regex,--ws-error-highlight,-0,-1,-2,-3,-B,-C,-D,-I,-M,-O,-R,-S,-U,-W,-X,-a,-b,-c,-l,-p,-s,-u,-w,-z	path
git stash store	-	--message,--quiet,-m,-q	-
git status	-	--ahead-behind,--branch,--column,--find-renames,--ignore-submodules,--ignored,--long,--no-ahead-behind,--no-column,--no-renames,--null,--porcelain,--renames,--short,--show-stash,--untracked-files,--verbose,-M,-b,-s,-u,-v,-z	path
git stripspace	-	--comment-lines,--strip-comments,-c,-s	-
git submodule	absorbgitdirs,add,deinit,foreach,init,set-branch,set-url,status,summary,sync,update	--quiet	-
git submodule absorbgitdirs	-	-	path
git submodule add	-	--branch,--depth,--dissociate,--force,--name,--progress,--reference,-b,-f	-
git submodule deinit	-	--all,--force	path
git submodule foreach	-	--recursive	-
git submodule init	-	-	path
git submodule set-branch	-	--branch,--default,-b	path
git submodule set-url	-	-	path
git submodule status	-	--cached,--recursive	path
git submodule summary	-	--cached,--files,--summary-limit	-
git submodule sync	-	--recursive	path
git submodule update	-	--checkout,--depth,--force,--init,--jobs,--merge,--no-Fetch,--no-recommend-shallow,--rebase,--recommend-shallow,--recursive,--reference,--remote,-N,-f	path
git subtree	add,merge,pull,push,split	--debug,--gpg-sign,--no-gpg-sign,--prefix,--quiet,-P,-S,-d,-q	-
git subtree add	-	--message,--squash,-m	-
git subtree merge	-	--message,--squash,-m	-
git subtree pull	-	--message,--squash,-m	-
git subtree push	-	--annotate,--branch,--ignore-joins,--message,--onto,--rejoin,-b,-m	path
git subtree split	-	--annotate,--branch,--ignore-joins,--message,--onto,--rejoin,-b,-m	-
git svn	-	-	-
git switch	-	--conflict,--create,--detach,--discard-changes,--force,--force-create,--guess,--ignore-other-worktrees,--merge,--no-guess,--no-progress,--no-track,--orphan,--overwrite-ignore,--progress,--quiet,--recurse-submodules,--track,-C,-c,-d,-f,-m,-q,-t	-
git symbolic-ref	-	--delete,--no-recurse,--quiet,--recurse,--short,-d,-m,-q	-
git tag	-	--annotate,--cleanup,--color,--column,--contains,--create-reflog,--delete,--edit,--file,--force,--format,--ignore-case,--list,--local-user,--merged,--message,--no-contains,--no-merged,--omit-empty,--points-at,--sign,--sort,--trailer,--verify,-F,-a,-d,-e,-f,-i,-l,-m,-n,-s,-u,-v	path
git unpack-file	-	-	-
git unpack-objects	-	--max-input-size,--strict,-n,-q,-r	-
git update-index	-	--add,--again,--assume-unchanged,--cacheinfo,--chmod,--clear-resolve-undo,--force-remove,--force-untracked-cache,--fsmonitor,--fsmonitor-valid,--ignore-missing,--ignore-skip-worktree-entries,--ignore-submodules,--index-info,--index-version,--info-only,--no-assume-unchanged,--no-fsmonitor,--no-fsmonitor-valid,--no-ignore-skip-worktree-entries,--no-skip-worktree,--no-split-index,--no-untracked-cache,--really-refresh,--refresh,--remove,--replace,--show-index-version,--skip-worktree,--split-index,--stdin,--test-untracked-cache,--unmerged,--unresolve,--untracked-cache,--verbose,-g,-q,-z	path
git update-ref	-	--create-reflog,--deref,--no-create-reflog,--no-deref,--no-stdin,--stdin,-batch-updates,-d,-m,-z	-
git update-server-info	-	--force,-f	-
git upload-archive	-	-	path
git upload-pack	-	--http-backend-info-refs,--stateless-rpc,--strict,--timeout	path
git url-parse	-	--component,-c	-
git var	-	-l	path
git verify-commit	-	--raw,--verbose,-v	-
git verify-pack	-	--object-format,--stat-only,--verbose,-s,-v	path
git verify-tag	-	--format,--raw,--verbose,-v	-
git version	-	--build-options	-
git whatchanged	-	--abbrev,--abbrev-commit,--after,--all,--all-match,--alternate-refs,--anchored,--author,--base,--basic-regexp,--before,--binary,--boundary,--branches,--break-rewrites,--cached,--cc,--check,--cherry,--cherry-mark,--cherry-pick,--children,--color,--color-moved,--color-moved-ws,--color-words,--commit-header,--committer,--compact-summary,--count,--cumulative,--date,--decorate,--decorate-refs,--decorate-refs-exclude,--default-prefix,--diff-algorithm,--diff-filter,--dirstat,--dirstat-by-file,--disk-usage,--do-walk,--dst-prefix,--encoding,--exclude,--exclude-first-parent-only,--exclude-hidden,--exclude-promisor-objects,--exit-code,--expand-tabs,--ext-diff,--extended-regexp,--filter,--filter-print-omitted,--filter-provided-objects,--find-copies,--find-copies-harder,--find-object,--find-renames,--first-parent,--fixed-strings,--follow,--format,--full-index,--function-context,--glob,--graph,--graph-lane-limit,--grep,--grep-reflog,--header,--histogram,--i-still-use-this,--ignore-all-space,--ignore-blank-lines,--ignore-cr-at-eol,--ignore-matching-lines,--ignore-missing,--ignore-space-at-eol,--ignore-space-change,--ignore-submodules,--in-commit-order,--indent-heuristic,--indexed-objects,--inter-hunk-context,--invert-grep,--irreversible-delete,--ita-invisible-in-index,--left-only,--left-right,--line-prefix,--mailmap,--max-age,--max-count,--max-count-oldest,--max-parents,--maximal-only,--merge,--merges,--min-age,--min-parents,--minimal,--missing,--name-only,--name-status,--no-abbrev,--no-abbrev-commit,--no-color,--no-color-moved,--no-color-moved-ws,--no-commit-header,--no-expand-tabs,--no-ext-diff,--no-filter,--no-follow,--no-indent-heuristic,--no-index,--no-max-parents,--no-merges,--no-min-parents,--no-object-names,--no-patch,--no-prefix,--no-rename-empty,--no-renames,--no-textconv,--no-walk,--not,--numstat,--object-names,--objects,--objects-edge,--objects-edge-aggressive,--oneline,--ours,--output,--output-indicator-context,--output-indicator-new,--output-indicator-old,--parents,--patch,--patch-with-raw,--patch-with-stat,--patience,--perl-regexp,--pickaxe-all,--pickaxe-regex,--pretty,--progress,--quiet,--raw,--reflog,--regexp-ignore-case,--relative,--relative-date,--remotes,--remove-empty,--rename-empty,--right-only,--rotate-to,--shortstat,--show-linear-break,--show-signature,--since,--since-as-filter,--single-worktree,--skip,--skip-to,--source,--src-prefix,--stat,--stat-count,--stat-graph-width,--stat-name-width,--stat-width,--stdin,--submodule,--summary,--tags,--text,--textconv,--theirs,--timestamp,--unified,--unpacked,--until,--use-bitmap-index,--use-mailmap,--walk-reflogs,--word-diff,--word-diff-regex,--ws-error-highlight,-0,-1,-2,-3,-B,-C,-D,-E,-F,-I,-L,-M,-O,-P,-R,-S,-U,-W,-X,-a,-b,-c,-g,-i,-l,-n,-p,-s,-u,-w,-z	path
git worktree	add,list,lock,move,prune,remove,repair,unlock	-	-
git worktree add	-	--checkout,--detach,--force,--guess-remote,--lock,--orphan,--quiet,--reason,--relative-paths,--track,-B,-b,-d,-f,-q	path
git worktree list	-	--expire,--porcelain,--verbose,-v,-z	-
git worktree lock	-	--expire,--porcelain,--verbose,-v,-z	path
git worktree move	-	--force,-f	path
git worktree prune	-	--dry-run,--expire,--verbose,-n,-v	-
git worktree remove	-	--force,-f	path
git worktree repair	-	-	path
git worktree unlock	-	-	-
git write-tree	-	--missing-ok,--prefix	-
git-abort	-	--help	-
git-alias	-	--help	path
git-archive-file	-	--help	-
git-authors	-	--help,--list,--no-email,-l	-
git-browse	-	--help	path
git-browse-ci	-	--help	path
git-clang-format	-	--binary,--commit,--diff,--diffstat,--extensions,--force,--help,--patch,--quiet,--staged,--style,--verbose,-f,-h,-p,-q,-v	-
git-clear	-	--force,--help,-f,-h	-
git-clear-soft	-	--help	-
git-coauthor	-	--help	path
git-extras	-	--help,--version,-h,-v	-
git-info	-	--color,--help,--no-config,-c	-
git-standup	-	-B,-D,-L,-a,-d,-f,-g,-h,-m,-n	-
git-unlock	-	--help	path
git-utimes	-	--help,--newer	-
gitk	-	--all,--ancestry-path,--argscmd,--branches,--date-order,--full-history,--left-right,--merge,--remotes,--select-commit,--simplify-merges,--since,--tags,--until	-
gitui	-	--bugreport,--directory,--help,--logging,--polling,--theme,--version,--workdir,-V,-d,-h,-l,-t,-w	-
glab	alias,api,auth,changelog,check-update,ci,cluster,completion,conf,config,deploy-key,duo,help,incident,issue,iteration,job,label,mcp,mr,opentofu,pipe,pipeline,project,release,repo,sched,schedule,securefile,skd,snippet,ssh-key,stack,stacks,terraform,tf,token,update,user,v,var,variable,version	--help,--repo,--version,-R,-h,-v	-
glab alias	delete,list,set	-	-
glab alias delete	-	-	path
glab alias list	-	-	-
glab alias set	-	--shell,-s	path
glab api	-	--field,--header,--hostname,--include,--input,--method,--paginate,--raw-field,--silent,-F,-H,-X,-f,-i	-
glab auth	configure-docker,docker-helper,dpop-gen,login,logout,status	-	-
glab auth configure-docker	-	-	-
glab auth docker-helper	-	-	-
glab auth dpop-gen	-	--hostname,--pat,--private-key,-p	-
glab auth login	-	--api-host,--api-protocol,--git-protocol,--hostname,--job-token,--stdin,--token,--use-keyring,-a,-g,-j,-p,-t	-
glab auth logout	-	--hostname	-
glab auth status	-	--hostname,--show-token,-t	-
glab changelog	generate	-	-
glab changelog generate	-	--config-file,--date,--from,--to,--trailer,--version,-v	-
glab check-update	-	-	-
glab ci	cancel,config,create,delete,get,lint,list,retry,run,run-trig,stats,status,trace,trigger,view	--repo,-R	-
glab ci cancel	job,pipeline	-	-
glab ci cancel job	-	--dry-run	-
glab ci cancel pipeline	-	--dry-run	-
glab ci config	compile	-	-
glab ci config compile	-	-	-
glab ci create	-	--branch,--input,--mr,--variables,--variables-env,--variables-file,--variables-from,--web,-b,-f,-i,-w	-
glab ci delete	-	--dry-run,--older-than,--page,--paginate,--per-page,--source,--status,-s	path
glab ci get	-	--branch,--output,--output-format,--pipeline-id,--with-job-details,--with-variables,-F,-b,-d,-o,-p	-
glab ci lint	-	--dry-run,--include-jobs,--ref	path
glab ci list	-	--name,--orderBy,--output,--page,--per-page,--ref,--scope,--sha,--sort,--source,--status,--updated-after,--updated-before,--username,--yaml-errors,-F,-P,-a,-b,-n,-o,-p,-r,-s,-u,-y	-
glab ci retry	-	--branch,--pipeline-id,-b,-p	-
glab ci run	-	--branch,--input,--mr,--variables,--variables-env,--variables-file,--variables-from,--web,-b,-f,-i,-w	-
glab ci run-trig	-	--branch,--input,--token,--variables,-b,-i,-t	-
glab ci stats	-	--branch,--output,--output-format,--pipeline-id,--with-job-details,--with-variables,-F,-b,-d,-o,-p	-
glab ci status	-	--branch,--compact,--live,-b,-c,-l	-
glab ci trace	-	--branch,--pipeline-id,-b,-p	-
glab ci trigger	-	--branch,--pipeline-id,-b,-p	-
glab ci view	-	--branch,--web,-b,-w	path
glab cluster	agent,graph	--repo,-R	-
glab cluster agent	bootstrap,bs,check_manifest_usage,get-token,list,ls,token,update-kubeconfig	--repo,-R	-
glab cluster agent bootstrap	-	--commit-author-email,--commit-author-name,--create-environment,--create-flux-environment,--environment-flux-resource-path,--environment-name,--environment-namespace,--flux-environment-flux-resource-path,--flux-environment-name,--flux-environment-namespace,--flux-source-name,--flux-source-namespace,--flux-source-type,--gitlab-agent-token-secret-name,--helm-release-filepath,--helm-release-name,--helm-release-namespace,--helm-release-target-namespace,--helm-release-values,--helm-release-values-from,--helm-repository-address,--helm-repository-filepath,--helm-repository-name,--helm-repository-namespace,--manifest-branch,--manifest-path,--no-reconcile,--use-api-commit-author,-b,-p	-
glab cluster agent bs	-	--commit-author-email,--commit-author-name,--create-environment,--create-flux-environment,--environment-flux-resource-path,--environment-name,--environment-namespace,--flux-environment-flux-resource-path,--flux-environment-name,--flux-environment-namespace,--flux-source-name,--flux-source-namespace,--flux-source-type,--gitlab-agent-token-secret-name,--helm-release-filepath,--helm-release-name,--helm-release-namespace,--helm-release-target-namespace,--helm-release-values,--helm-release-values-from,--helm-repository-address,--helm-repository-filepath,--helm-repository-name,--helm-repository-namespace,--manifest-branch,--manifest-path,--no-reconcile,--use-api-commit-author,-b,-p	-
glab cluster agent check_manifest_usage	-	--agent-page,--agent-per-page,--group,--page,--per-page,--recursive,-A,-P,-a,-g,-p,-r	-
glab cluster agent get-token	-	--agent,--cache-mode,--check-revoked,--token-expiry-duration,-a,-c	-
glab cluster agent list	-	--page,--per-page,-P,-p	-
glab cluster agent ls	-	--page,--per-page,-P,-p	-
glab cluster agent token	list,revoke	-	-
glab cluster agent token list	-	-	-
glab cluster agent token revoke	-	-	-
glab cluster agent update-kubeconfig	-	--agent,--cache-mode,--check-revoked,--kubeconfig,--token-expiry-duration,--use-context,-a,-c,-u	-
glab cluster graph	-	--agent,--apps,--batch,--cluster-rbac,--core,--crd,--ignore-arc-direction,--listen-addr,--listen-net,--log-watch-request,--namespace,--ns-expression,--ns-field-selector,--ns-label-selector,--rbac,--resource,--root-expression,--stdin,-a,-n,-r	-
glab completion	-	--no-desc,--shell,-s	-
glab conf	edit,get,set	--global,-g	-
glab conf edit	-	--local,-l	-
glab conf get	-	--global,--host,-g	-
glab conf set	-	--global,--host,-g	-
glab config	edit,get,set	--global,-g	-
glab config edit	-	--local,-l	-
glab config get	-	--global,--host,-g	-
glab config set	-	--global,--host,-g	-
glab deploy-key	add,delete,get,list	--repo,-R	-
glab deploy-key add	-	--can-push,--expires-at,--title,-c,-e,-t	-
glab deploy-key delete	-	-	-
glab deploy-key get	-	-	-
glab deploy-key list	-	--page,--per-page,--show-id,-P,-p	-
glab duo	ask	-	-
glab duo ask	-	--git	-
glab help	-	-	-
glab incident	close,comment,list,ls,note,open,reopen,resolve,show,sub,subscribe,unsub,unsubscribe,view	--repo,-R	-
glab incident close	-	-	-
glab incident comment	-	--message,-m	-
glab incident list	-	--all,--assignee,--author,--closed,--confidential,--epic,--group,--in,--label,--milestone,--mine,--not-assignee,--not-author,--not-label,--opened,--order,--output,--output-format,--page,--per-page,--repo,--search,--sort,-A,-C,-F,-M,-O,-P,-R,-a,-c,-e,-g,-l,-m,-o,-p	-
glab incident ls	-	--all,--assignee,--author,--closed,--confidential,--epic,--group,--in,--label,--milestone,--mine,--not-assignee,--not-author,--not-label,--opened,--order,--output,--output-format,--page,--per-page,--repo,--search,--sort,-A,-C,-F,-M,-O,-P,-R,-a,-c,-e,-g,-l,-m,-o,-p	-
glab incident note	-	--message,-m	-
glab incident open	-	-	-
glab incident reopen	-	-	-
glab incident resolve	-	-	-
glab incident show	-	--comments,--output,--page,--per-page,--system-logs,--web,-F,-P,-c,-p,-s,-w	-
glab incident sub	-	-	-
glab incident subscribe	-	-	-
glab incident unsub	-	-	-
glab incident unsubscribe	-	-	-
glab incident view	-	--comments,--output,--page,--per-page,--system-logs,--web,-F,-P,-c,-p,-s,-w	-
glab issue	board,close,comment,create,del,delete,list,ls,new,note,open,reopen,show,sub,subscribe,unsub,unsubscribe,update,view	--repo,-R	-
glab issue board	create,new,view	--repo,-R	-
glab issue board create	-	--name,-n	-
glab issue board new	-	--name,-n	-
glab issue board view	-	--assignee,--labels,--milestone,-a,-l,-m	-
glab issue close	-	-	path
glab issue comment	-	--message,-m	path
glab issue create	-	--assignee,--confidential,--description,--due-date,--epic,--label,--link-type,--linked-issues,--linked-mr,--milestone,--no-editor,--recover,--time-estimate,--time-spent,--title,--web,--weight,--yes,-a,-c,-d,-e,-l,-m,-s,-t,-w,-y	-
glab issue del	-	-	path
glab issue delete	-	-	path
glab issue list	-	--all,--assignee,--author,--closed,--confidential,--epic,--group,--in,--issue-type,--iteration,--label,--milestone,--mine,--not-assignee,--not-author,--not-label,--opened,--order,--output,--output-format,--page,--per-page,--repo,--search,--sort,-A,-C,-F,-M,-O,-P,-R,-a,-c,-e,-g,-i,-l,-m,-o,-p,-t	-
glab issue ls	-	--all,--assignee,--author,--closed,--confidential,--epic,--group,--in,--issue-type,--iteration,--label,--milestone,--mine,--not-assignee,--not-author,--not-label,--opened,--order,--output,--output-format,--page,--per-page,--repo,--search,--sort,-A,-C,-F,-M,-O,-P,-R,-a,-c,-e,-g,-i,-l,-m,-o,-p,-t	-
glab issue new	-	--assignee,--confidential,--description,--due-date,--epic,--label,--link-type,--linked-issues,--linked-mr,--milestone,--no-editor,--recover,--time-estimate,--time-spent,--title,--web,--weight,--yes,-a,-c,-d,-e,-l,-m,-s,-t,-w,-y	-
glab issue note	-	--message,-m	path
glab issue open	-	-	path
glab issue reopen	-	-	path
glab issue show	-	--comments,--output,--page,--per-page,--system-logs,--web,-F,-P,-c,-p,-s,-w	path
glab issue sub	-	-	path
glab issue subscribe	-	-	path
glab issue unsub	-	-	path
glab issue unsubscribe	-	-	path
glab issue update	-	--assignee,--confidential,--description,--due-date,--label,--lock-discussion,--milestone,--public,--title,--unassign,--unlabel,--unlock-discussion,--weight,-a,-c,-d,-l,-m,-p,-t,-u,-w	path
glab issue view	-	--comments,--output,--page,--per-page,--system-logs,--web,-F,-P,-c,-p,-s,-w	path
glab iteration	list,ls	--repo,-R	-
glab iteration list	-	--group,--output,--page,--per-page,-F,-P,-g,-p	-
glab iteration ls	-	--group,--output,--page,--per-page,-F,-P,-g,-p	-
glab job	artifact,push	--repo,-R	-
glab job artifact	-	--list-paths,--path,-l,-p	-
glab job push	-	--list-paths,--path,-l,-p	-
glab label	create,delete,list,ls,new	--repo,-R	-
glab label create	-	--color,--description,--name,-c,-d,-n	-
glab label delete	-	-	-
glab label list	-	--group,--output,--page,--per-page,-F,-P,-g,-p	-
glab label ls	-	--group,--output,--page,--per-page,-F,-P,-g,-p	-
glab label new	-	--color,--description,--name,-c,-d,-n	-
glab mcp	serve	-	-
glab mcp serve	-	-	-
glab mr	accept,add-todo,approve,approvers,checkout,close,comment,create,del,delete,diff,issue,issues,list,ls,merge,new,note,open,rebase,reopen,revoke,show,sub,subscribe,todo,unapprove,unsub,unsubscribe,update,view	--repo,-R	-
glab mr accept	-	--auto-merge,--message,--rebase,--remove-source-branch,--sha,--squash,--squash-message,--when-pipeline-succeeds,--yes,-d,-m,-r,-s,-y	path
glab mr add-todo	-	-	path
glab mr approve	-	--sha,-s	path
glab mr approvers	-	-	path
glab mr checkout	-	--branch,--set-upstream-to,--track,-b,-t,-u	path
glab mr close	-	-	path
glab mr comment	-	--message,--unique,-m	path
glab mr create	-	--allow-collaboration,--assignee,--copy-issue-labels,--create-source-branch,--description,--draft,--fill,--fill-commit-body,--head,--label,--milestone,--no-editor,--push,--recover,--related-issue,--remove-source-branch,--reviewer,--signoff,--source-branch,--squash-before-merge,--target-branch,--target-project,--title,--web,--wip,--yes,-H,-a,-b,-d,-f,-i,-l,-m,-s,-t,-w,-y	-
glab mr del	-	-	path
glab mr delete	-	-	path
glab mr diff	-	--color,--raw	path
glab mr issue	-	-	path
glab mr issues	-	-	path
glab mr list	-	--all,--assignee,--author,--closed,--draft,--group,--label,--merged,--milestone,--mine,--not-draft,--not-label,--opened,--order,--output,--page,--per-page,--repo,--reviewer,--search,--sort,--source-branch,--target-branch,-A,-F,-M,-O,-P,-R,-S,-a,-c,-d,-g,-l,-m,-o,-p,-r,-s,-t	-
glab mr ls	-	--all,--assignee,--author,--closed,--draft,--group,--label,--merged,--milestone,--mine,--not-draft,--not-label,--opened,--order,--output,--page,--per-page,--repo,--reviewer,--search,--sort,--source-branch,--target-branch,-A,-F,-M,-O,-P,-R,-S,-a,-c,-d,-g,-l,-m,-o,-p,-r,-s,-t	-
glab mr merge	-	--auto-merge,--message,--rebase,--remove-source-branch,--sha,--squash,--squash-message,--when-pipeline-succeeds,--yes,-d,-m,-r,-s,-y	path
glab mr new	-	--allow-collaboration,--assignee,--copy-issue-labels,--create-source-branch,--description,--draft,--fill,--fill-commit-body,--head,--label,--milestone,--no-editor,--push,--recover,--related-issue,--remove-source-branch,--reviewer,--signoff,--source-branch,--squash-before-merge,--target-branch,--target-project,--title,--web,--wip,--yes,-H,-a,-b,-d,-f,-i,-l,-m,-s,-t,-w,-y	-
glab mr note	-	--message,--unique,-m	path
glab mr open	-	-	path
glab mr rebase	-	--skip-ci	path
glab mr reopen	-	-	path
glab mr revoke	-	-	path
glab mr show	-	--comments,--output,--page,--per-page,--system-logs,--web,-F,-P,-c,-p,-s,-w	path
glab mr sub	-	-	path
glab mr subscribe	-	-	path
glab mr todo	-	-	path
glab mr unapprove	-	-	path
glab mr unsub	-	-	path
glab mr unsubscribe	-	-	path
glab mr update	-	--assignee,--description,--draft,--fill,--fill-commit-body,--label,--lock-discussion,--milestone,--ready,--remove-source-branch,--reviewer,--squash-before-merge,--target-branch,--title,--unassign,--unlabel,--unlock-discussion,--wip,--yes,-a,-d,-f,-l,-m,-r,-t,-u,-y	path
glab mr view	-	--comments,--output,--page,--per-page,--system-logs,--web,-F,-P,-c,-p,-s,-w	path
glab opentofu	init,state	--repo,-R	-
glab opentofu init	-	--binary,--directory,-b,-d	-
glab opentofu state	delete,download,list,lock,unlock	-	-
glab opentofu state delete	-	--force,-f	-
glab opentofu state download	-	-	-
glab opentofu state list	-	-	-
glab opentofu state lock	-	-	-
glab opentofu state unlock	-	-	-
glab pipe	cancel,config,create,delete,get,lint,list,retry,run,run-trig,stats,status,trace,trigger,view	--repo,-R	-
glab pipe cancel	job,pipeline	-	-
glab pipe cancel job	-	--dry-run	-
glab pipe cancel pipeline	-	--dry-run	-
glab pipe config	compile	-	-
glab pipe config compile	-	-	-
glab pipe create	-	--branch,--input,--mr,--variables,--variables-env,--variables-file,--variables-from,--web,-b,-f,-i,-w	-
glab pipe delete	-	--dry-run,--older-than,--page,--paginate,--per-page,--source,--status,-s	path
glab pipe get	-	--branch,--output,--output-format,--pipeline-id,--with-job-details,--with-variables,-F,-b,-d,-o,-p	-
glab pipe lint	-	--dry-run,--include-jobs,--ref	path
glab pipe list	-	--name,--orderBy,--output,--page,--per-page,--ref,--scope,--sha,--sort,--source,--status,--updated-after,--updated-before,--username,--yaml-errors,-F,-P,-a,-b,-n,-o,-p,-r,-s,-u,-y	-
glab pipe retry	-	--branch,--pipeline-id,-b,-p	-
glab pipe run	-	--branch,--input,--mr,--variables,--variables-env,--variables-file,--variables-from,--web,-b,-f,-i,-w	-
glab pipe run-trig	-	--branch,--input,--token,--variables,-b,-i,-t	-
glab pipe stats	-	--branch,--output,--output-format,--pipeline-id,--with-job-details,--with-variables,-F,-b,-d,-o,-p	-
glab pipe status	-	--branch,--compact,--live,-b,-c,-l	-
glab pipe trace	-	--branch,--pipeline-id,-b,-p	-
glab pipe trigger	-	--branch,--pipeline-id,-b,-p	-
glab pipe view	-	--branch,--web,-b,-w	path
glab pipeline	cancel,config,create,delete,get,lint,list,retry,run,run-trig,stats,status,trace,trigger,view	--repo,-R	-
glab pipeline cancel	job,pipeline	-	-
glab pipeline cancel job	-	--dry-run	-
glab pipeline cancel pipeline	-	--dry-run	-
glab pipeline config	compile	-	-
glab pipeline config compile	-	-	-
glab pipeline create	-	--branch,--input,--mr,--variables,--variables-env,--variables-file,--variables-from,--web,-b,-f,-i,-w	-
glab pipeline delete	-	--dry-run,--older-than,--page,--paginate,--per-page,--source,--status,-s	path
glab pipeline get	-	--branch,--output,--output-format,--pipeline-id,--with-job-details,--with-variables,-F,-b,-d,-o,-p	-
glab pipeline lint	-	--dry-run,--include-jobs,--ref	path
glab pipeline list	-	--name,--orderBy,--output,--page,--per-page,--ref,--scope,--sha,--sort,--source,--status,--updated-after,--updated-before,--username,--yaml-errors,-F,-P,-a,-b,-n,-o,-p,-r,-s,-u,-y	-
glab pipeline retry	-	--branch,--pipeline-id,-b,-p	-
glab pipeline run	-	--branch,--input,--mr,--variables,--variables-env,--variables-file,--variables-from,--web,-b,-f,-i,-w	-
glab pipeline run-trig	-	--branch,--input,--token,--variables,-b,-i,-t	-
glab pipeline stats	-	--branch,--output,--output-format,--pipeline-id,--with-job-details,--with-variables,-F,-b,-d,-o,-p	-
glab pipeline status	-	--branch,--compact,--live,-b,-c,-l	-
glab pipeline trace	-	--branch,--pipeline-id,-b,-p	-
glab pipeline trigger	-	--branch,--pipeline-id,-b,-p	-
glab pipeline view	-	--branch,--web,-b,-w	path
glab project	archive,clone,contributors,create,delete,find,fork,list,lookup,ls,mirror,publish,search,transfer,update,users,view	-	-
glab project archive	-	--format,--sha,-f,-s	path
glab project clone	-	--archived,--group,--include-subgroups,--mine,--page,--paginate,--per-page,--preserve-namespace,--visibility,--with-issues-enabled,--with-mr-enabled,--with-shared,-G,-I,-M,-S,-a,-g,-m,-p,-v	path
glab project contributors	-	--order,--page,--per-page,--repo,--sort,-P,-R,-o,-p,-s	-
glab project create	-	--defaultBranch,--description,--group,--internal,--name,--private,--public,--readme,--remoteName,--skipGitInit,--tag,-P,-d,-g,-n,-p,-s,-t	path
glab project delete	-	--yes,-y	path
glab project find	-	--output,--page,--per-page,--search,-F,-P,-p,-s	-
glab project fork	-	--clone,--name,--path,--remote,-c,-n,-p	path
glab project list	-	--all,--archived,--group,--include-subgroups,--member,--mine,--order,--output,--page,--per-page,--sort,--starred,--user,-F,-G,-P,-a,-g,-m,-o,-p,-s,-u	-
glab project lookup	-	--output,--page,--per-page,--search,-F,-P,-p,-s	-
glab project ls	-	--all,--archived,--group,--include-subgroups,--member,--mine,--order,--output,--page,--per-page,--sort,--starred,--user,-F,-G,-P,-a,-g,-m,-o,-p,-s,-u	-
glab project mirror	-	--allow-divergence,--direction,--enabled,--protected-branches-only,--url	path
glab project publish	catalog	-	path
glab project publish catalog	-	-	-
glab project search	-	--output,--page,--per-page,--search,-F,-P,-p,-s	-
glab project transfer	-	--target-namespace,--yes,-t,-y	path
glab project update	-	--archive,--defaultBranch,--description,-d	path
glab project users	-	--order,--page,--per-page,--repo,--sort,-P,-R,-o,-p,-s	-
glab project view	-	--branch,--output,--web,-F,-b,-w	path
glab release	create,delete,download,list,ls,upload,view	--repo,-R	-
glab release create	-	--assets-links,--experimental-notes-text-or-file,--milestone,--name,--no-close-milestone,--no-update,--notes,--notes-file,--package-name,--publish-to-catalog,--ref,--released-at,--tag-message,--use-package-registry,-D,-F,-N,-T,-a,-m,-n,-r	path
glab release delete	-	--with-tag,--yes,-t,-y	path
glab release download	-	--asset-name,--dir,-D,-n	path
glab release list	-	--page,--per-page,--tag,-P,-p,-t	-
glab release ls	-	--page,--per-page,--tag,-P,-p,-t	-
glab release upload	-	--assets-links,--package-name,--use-package-registry,-a	path
glab release view	-	--web,-w	path
glab repo	archive,clone,contributors,create,delete,find,fork,list,lookup,ls,mirror,publish,search,transfer,update,users,view	-	-
glab repo archive	-	--format,--sha,-f,-s	path
glab repo clone	-	--archived,--group,--include-subgroups,--mine,--page,--paginate,--per-page,--preserve-namespace,--visibility,--with-issues-enabled,--with-mr-enabled,--with-shared,-G,-I,-M,-S,-a,-g,-m,-p,-v	path
glab repo contributors	-	--order,--page,--per-page,--repo,--sort,-P,-R,-o,-p,-s	-
glab repo create	-	--defaultBranch,--description,--group,--internal,--name,--private,--public,--readme,--remoteName,--skipGitInit,--tag,-P,-d,-g,-n,-p,-s,-t	path
glab repo delete	-	--yes,-y	path
glab repo find	-	--output,--page,--per-page,--search,-F,-P,-p,-s	-
glab repo fork	-	--clone,--name,--path,--remote,-c,-n,-p	path
glab repo list	-	--all,--archived,--group,--include-subgroups,--member,--mine,--order,--output,--page,--per-page,--sort,--starred,--user,-F,-G,-P,-a,-g,-m,-o,-p,-s,-u	-
glab repo lookup	-	--output,--page,--per-page,--search,-F,-P,-p,-s	-
glab repo ls	-	--all,--archived,--group,--include-subgroups,--member,--mine,--order,--output,--page,--per-page,--sort,--starred,--user,-F,-G,-P,-a,-g,-m,-o,-p,-s,-u	-
glab repo mirror	-	--allow-divergence,--direction,--enabled,--protected-branches-only,--url	path
glab repo publish	catalog	-	path
glab repo publish catalog	-	-	-
glab repo search	-	--output,--page,--per-page,--search,-F,-P,-p,-s	-
glab repo transfer	-	--target-namespace,--yes,-t,-y	path
glab repo update	-	--archive,--defaultBranch,--description,-d	path
glab repo users	-	--order,--page,--per-page,--repo,--sort,-P,-R,-o,-p,-s	-
glab repo view	-	--branch,--output,--web,-F,-b,-w	path
glab sched	create,delete,list,run,update	--repo,-R	-
glab sched create	-	--active,--cron,--cronTimeZone,--description,--ref,--variable	-
glab sched delete	-	-	-
glab sched list	-	--page,--per-page,-P,-p	-
glab sched run	-	-	-
glab sched update	-	--active,--create-variable,--cron,--cronTimeZone,--delete-variable,--description,--ref,--update-variable	-
glab schedule	create,delete,list,run,update	--repo,-R	-
glab schedule create	-	--active,--cron,--cronTimeZone,--description,--ref,--variable	-
glab schedule delete	-	-	-
glab schedule list	-	--page,--per-page,-P,-p	-
glab schedule run	-	-	-
glab schedule update	-	--active,--create-variable,--cron,--cronTimeZone,--delete-variable,--description,--ref,--update-variable	-
glab securefile	create,delete,download,get,list,ls,remove,rm,show,upload	--repo,-R	-
glab securefile create	-	-	path
glab securefile delete	-	--yes,-y	-
glab securefile download	-	--all,--force-download,--no-verify,--output-dir,--path,-p	-
glab securefile get	-	-	-
glab securefile list	-	--page,--per-page,-P,-p	-
glab securefile ls	-	--page,--per-page,-P,-p	-
glab securefile remove	-	--yes,-y	-
glab securefile rm	-	--yes,-y	-
glab securefile show	-	-	-
glab securefile upload	-	-	path
glab skd	create,delete,list,run,update	--repo,-R	-
glab skd create	-	--active,--cron,--cronTimeZone,--description,--ref,--variable	-
glab skd delete	-	-	-
glab skd list	-	--page,--per-page,-P,-p	-
glab skd run	-	-	-
glab skd update	-	--active,--create-variable,--cron,--cronTimeZone,--delete-variable,--description,--ref,--update-variable	-
glab snippet	create,new	--repo,-R	-
glab snippet create	-	--description,--filename,--personal,--title,--visibility,-d,-f,-p,-t,-v	path
glab snippet new	-	--description,--filename,--personal,--title,--visibility,-d,-f,-p,-t,-v	path
glab ssh-key	add,delete,get,list	--repo,-R	-
glab ssh-key add	-	--expires-at,--title,--usage-type,-e,-t,-u	path
glab ssh-key delete	-	--page,--per-page,-P,-p	-
glab ssh-key get	-	--page,--per-page,-P,-p	path
glab ssh-key list	-	--page,--per-page,--show-id,-P,-p	-
glab stack	amend,create,first,last,list,ls,move,new,next,prev,reorder,save,switch,sync	--repo,-R	-
glab stack amend	-	--description,--message,-d,-m	-
glab stack create	-	-	-
glab stack first	-	-	-
glab stack last	-	-	-
glab stack list	-	-	-
glab stack ls	-	-	-
glab stack move	-	-	-
glab stack new	-	-	-
glab stack next	-	-	-
glab stack prev	-	-	-
glab stack reorder	-	-	-
glab stack save	-	--description,--message,-d,-m	-
glab stack switch	-	-	-
glab stack sync	-	-	-
glab stacks	amend,create,first,last,list,ls,move,new,next,prev,reorder,save,switch,sync	--repo,-R	-
glab stacks amend	-	--description,--message,-d,-m	-
glab stacks create	-	-	-
glab stacks first	-	-	-
glab stacks last	-	-	-
glab stacks list	-	-	-
glab stacks ls	-	-	-
glab stacks move	-	-	-
glab stacks new	-	-	-
glab stacks next	-	-	-
glab stacks prev	-	-	-
glab stacks reorder	-	-	-
glab stacks save	-	--description,--message,-d,-m	-
glab stacks switch	-	-	-
glab stacks sync	-	-	-
glab terraform	init,state	--repo,-R	-
glab terraform init	-	--binary,--directory,-b,-d	-
glab terraform state	delete,download,list,lock,unlock	-	-
glab terraform state delete	-	--force,-f	-
glab terraform state download	-	-	-
glab terraform state list	-	-	-
glab terraform state lock	-	-	-
glab terraform state unlock	-	-	-
glab tf	init,state	--repo,-R	-
glab tf init	-	--binary,--directory,-b,-d	-
glab tf state	delete,download,list,lock,unlock	-	-
glab tf state delete	-	--force,-f	-
glab tf state download	-	-	-
glab tf state list	-	-	-
glab tf state lock	-	-	-
glab tf state unlock	-	-	-
glab token	create,list,ls,new,revoke,rm,rot,rotate	--repo,-R	-
glab token create	-	--access-level,--description,--duration,--expires-at,--group,--output,--repo,--scope,--user,-A,-D,-E,-F,-R,-S,-U,-g	-
glab token list	-	--active,--group,--output,--repo,--user,-F,-R,-U,-a,-g	-
glab token ls	-	--active,--group,--output,--repo,--user,-F,-R,-U,-a,-g	-
glab token new	-	--access-level,--description,--duration,--expires-at,--group,--output,--repo,--scope,--user,-A,-D,-E,-F,-R,-S,-U,-g	-
glab token revoke	-	--group,--output,--repo,--user,-F,-R,-U,-g	-
glab token rm	-	--group,--output,--repo,--user,-F,-R,-U,-g	-
glab token rot	-	--duration,--expires-at,--group,--output,--repo,--user,-D,-E,-F,-R,-U,-g	-
glab token rotate	-	--duration,--expires-at,--group,--output,--repo,--user,-D,-E,-F,-R,-U,-g	-
glab update	-	-	-
glab user	events	-	-
glab user events	-	--all,--output,--page,--per-page,-F,-P,-a,-p	-
glab v	-	-	-
glab var	create,delete,ex,export,get,list,ls,new,remove,set,update	--repo,-R	-
glab var create	-	--description,--group,--hidden,--masked,--protected,--raw,--scope,--type,--value,-d,-g,-m,-p,-r,-s,-t,-v	path
glab var delete	-	--group,--scope,-g,-s	path
glab var ex	-	--format,--group,--page,--per-page,--repo,--scope,-F,-P,-R,-g,-p,-s	-
glab var export	-	--format,--group,--page,--per-page,--repo,--scope,-F,-P,-R,-g,-p,-s	-
glab var get	-	--group,--output,--scope,-F,-g,-s	path
glab var list	-	--group,--instance,--output,--page,--per-page,--repo,-F,-P,-R,-g,-i,-p	-
glab var ls	-	--group,--instance,--output,--page,--per-page,--repo,-F,-P,-R,-g,-i,-p	-
glab var new	-	--description,--group,--hidden,--masked,--protected,--raw,--scope,--type,--value,-d,-g,-m,-p,-r,-s,-t,-v	path
glab var remove	-	--group,--scope,-g,-s	path
glab var set	-	--description,--group,--hidden,--masked,--protected,--raw,--scope,--type,--value,-d,-g,-m,-p,-r,-s,-t,-v	path
glab var update	-	--description,--group,--masked,--protected,--raw,--scope,--type,--value,-d,-g,-m,-p,-r,-s,-t,-v	path
glab variable	create,delete,ex,export,get,list,ls,new,remove,set,update	--repo,-R	-
glab variable create	-	--description,--group,--hidden,--masked,--protected,--raw,--scope,--type,--value,-d,-g,-m,-p,-r,-s,-t,-v	path
glab variable delete	-	--group,--scope,-g,-s	path
glab variable ex	-	--format,--group,--page,--per-page,--repo,--scope,-F,-P,-R,-g,-p,-s	-
glab variable export	-	--format,--group,--page,--per-page,--repo,--scope,-F,-P,-R,-g,-p,-s	-
glab variable get	-	--group,--output,--scope,-F,-g,-s	path
glab variable list	-	--group,--instance,--output,--page,--per-page,--repo,-F,-P,-R,-g,-i,-p	-
glab variable ls	-	--group,--instance,--output,--page,--per-page,--repo,-F,-P,-R,-g,-i,-p	-
glab variable new	-	--description,--group,--hidden,--masked,--protected,--raw,--scope,--type,--value,-d,-g,-m,-p,-r,-s,-t,-v	path
glab variable remove	-	--group,--scope,-g,-s	path
glab variable set	-	--description,--group,--hidden,--masked,--protected,--raw,--scope,--type,--value,-d,-g,-m,-p,-r,-s,-t,-v	path
glab variable update	-	--description,--group,--masked,--protected,--raw,--scope,--type,--value,-d,-g,-m,-p,-r,-s,-t,-v	path
glab version	-	-	-
glow	completion,config,help	--all,--config,--line-numbers,--mouse,--pager,--preserve-new-lines,--style,--width,-a,-l,-m,-n,-p,-s,-w	path
glow completion	bash,fish,powershell,zsh	-	-
glow completion bash	-	--no-descriptions	-
glow completion fish	-	--no-descriptions	-
glow completion powershell	-	--no-descriptions	-
glow completion zsh	-	--no-descriptions	-
glow config	-	-	-
glow help	-	-	-
gm	animate,batch,benchmark,compare,composite,conjure,convert,display,help,identify,import,mogrify,montage,time,version	-help,-version	-
gm animate	-	-authenticate,-backdrop,-background,-bordercolor,-borderwidth,-colormap,-colors,-colorspace,-debug,-define,-delay,-density,-depth,-display,-dither,-font,-foreground,-gamma,-geometry,-help,-iconGeometry,-iconic,-interlace,-limit,-log,-map,-matte,-mattecolor,-monitor,-monochrome,-name,-noop,-pause,-remote,-rotate,-sampling-factor,-scenes,-shared-memory,-size,-title,-treedepth,-trim,-type,-verbose,-version,-virtual-pixel,-visual,-window	path
gm batch	-	-echo,-escape,-fail,-feedback,-help,-pass,-prompt,-stop-on-error,-tap-mode	path
gm benchmark	-	-concurrent,-duration,-iterations,-rawcsv,-stepthreads	path
gm compare	-	-authenticate,-auto-orient,-colorspace,-compress,-debug,-define,-density,-depth,-display,-endian,-file,-help,-highlight-color,-highlight-style,-interlace,-limit,-log,-matte,-maximum-error,-metric,-monitor,-sampling-factor,-size,-type,-verbose,-version	path
gm composite	-	-affine,-authenticate,-blue-primary,-colors,-colorspace,-comment,-compose,-compress,-debug,-define,-density,-depth,-displace,-display,-dispose,-dissolve,-dither,-encoding,-endian,-filter,-flag,-font,-geometry,-gravity,-green-primary,-help,-interlace,-label,-limit,-log,-matte,-monitor,-monochrome,-negate,-page,-profile,-quality,-recolor,-red-primary,-repage,-resize,-rotate,-sampling-factor,-scene,-set,-sharpen,-size,-stegano,-stereo,-strip,-thumbnail,-tile,-treedepth,-type,-units,-unsharp,-verbose,-version,-virtual-pixel,-watermark,-white-point,-write	path
gm conjure	-	-debug,-help,-log,-verbose,-version	path
gm convert	-	-adjoin,-affine,-antialias,-append,-asc-cdl,-authenticate,-auto-orient,-average,-background,-black-threshold,-blue-primary,-blur,-border,-bordercolor,-box,-channel,-charcoal,-chop,-clip,-clippath,-coalesce,-colorize,-colors,-colorspace,-comment,-compose,-compress,-contrast,-convolve,-crop,-cycle,-debug,-deconstruct,-define,-delay,-density,-depth,-despeckle,-display,-dispose,-dither,-draw,-edge,-emboss,-encoding,-endian,-enhance,-equalize,-extent,-fill,-filter,-flatten,-flip,-flop,-font,-format,-frame,-fuzz,-gamma,-gaussian,-geometry,-gravity,-green-primary,-hald-clut,-help,-implode,-intent,-interlace,-label,-lat,-level,-limit,-linewidth,-list,-log,-loop,-magnify,-map,-mask,-matte,-mattecolor,-median,-minify,-modulate,-monitor,-monochrome,-morph,-mosaic,-motion-blur,-negate,-noise,-noop,-normalize,-opaque,-operator,-ordered-dither,-orient,-page,-paint,-ping,-pointsize,-preview,-profile,-quality,-raise,-random-threshold,-recolor,-red-primary,-region,-render,-repage,-resample,-resize,-roll,-rotate,-sample,-sampling-factor,-scale,-scene,-seed,-segment,-set,-shade,-sharpen,-shave,-shear,-size,-solarize,-spread,-strip,-stroke,-strokewidth,-swirl,-texture,-threshold,-thumbnail,-tile,-transform,-transparent,-treedepth,-trim,-type,-undercolor,-units,-unsharp,-verbose,-version,-view,-virtual-pixel,-wave,-white-point,-white-threshold,-write	path
gm display	-	-authenticate,-backdrop,-border,-colormap,-colors,-colorspace,-comment,-compress,-contrast,-crop,-debug,-define,-delay,-density,-depth,-despeckle,-display,-dispose,-dither,-edge,-endian,-enhance,-filter,-flip,-flop,-frame,-gamma,-geometry,-help,-immutable,-interlace,-label,-limit,-log,-map,-matte,-monitor,-monochrome,-negate,-noop,-page,-quality,-raise,-remote,-roll,-rotate,-sample,-sampling-factor,-scenes,-segment,-set,-sharpen,-size,-texture,-treedepth,-trim,-type,-update,-verbose,-version,-virtual-pixel,-window,-window_group,-write	path
gm help	-	-	-
gm identify	-	-debug,-define,-density,-depth,-format,-help,-interlace,-log,-monitor,-ping,-sampling-factor,-size,-verbose,-version,-virtual-pixel	path
gm import	-	-adjoin,-border,-colors,-colorspace,-comment,-compress,-crop,-debug,-define,-delay,-density,-depth,-descend,-display,-dispose,-dither,-encoding,-endian,-frame,-geometry,-help,-interlace,-label,-limit,-log,-monitor,-monochrome,-negate,-page,-pause,-pointsize,-quality,-resize,-rotate,-sampling-factor,-scene,-screen,-set,-silent,-snaps,-thumbnail,-transparent,-treedepth,-trim,-type,-verbose,-version,-virtual-pixel,-window	path
gm mogrify	-	-affine,-antialias,-asc-cdl,-authenticate,-auto-orient,-background,-black-threshold,-blue-primary,-blur,-border,-bordercolor,-box,-channel,-charcoal,-chop,-colorize,-colors,-colorspace,-comment,-compose,-compress,-contrast,-convolve,-create-directories,-crop,-cycle,-debug,-define,-delay,-density,-depth,-despeckle,-display,-dispose,-dither,-draw,-edge,-emboss,-encoding,-endian,-enhance,-equalize,-extent,-fill,-filter,-flip,-flop,-font,-format,-frame,-fuzz,-gamma,-gaussian,-geometry,-gravity,-green-primary,-hald-clut,-help,-implode,-interlace,-label,-lat,-level,-limit,-linewidth,-list,-log,-loop,-magnify,-map,-mask,-matte,-mattecolor,-median,-minify,-modulate,-monitor,-monochrome,-motion-blur,-negate,-noise,-noop,-normalize,-opaque,-operator,-ordered-dither,-orient,-output-directory,-page,-paint,-pointsize,-preserve-timestamp,-profile,-quality,-raise,-random-threshold,-recolor,-red-primary,-region,-render,-repage,-resample,-resize,-roll,-rotate,-sample,-sampling-factor,-scale,-scene,-seed,-segment,-set,-shade,-sharpen,-shave,-shear,-size,-solarize,-spread,-strip,-stroke,-strokewidth,-swirl,-texture,-threshold,-thumbnail,-tile,-transform,-transparent,-treedepth,-trim,-type,-undercolor,-units,-unsharp,-verbose,-version,-view,-virtual-pixel,-wave,-white-point,-white-threshold	path
gm montage	-	-adjoin,-affine,-authenticate,-background,-blue-primary,-blur,-bordercolor,-borderwidth,-colors,-colorspace,-comment,-compose,-compress,-crop,-debug,-define,-density,-depth,-display,-dispose,-dither,-draw,-encoding,-endian,-fill,-filter,-flip,-flop,-font,-format,-frame,-gamma,-geometry,-gravity,-green-primary,-help,-interlace,-label,-limit,-log,-matte,-mattecolor,-mode,-monitor,-monochrome,-noop,-page,-pointsize,-quality,-red-primary,-repage,-resize,-rotate,-sampling-factor,-scenes,-set,-shadow,-sharpen,-size,-strip,-stroke,-strokewidth,-texture,-thumbnail,-tile,-title,-transform,-transparent,-treedepth,-trim,-type,-verbose,-version,-virtual-pixel,-white-point	path
gm time	-	-	-
gm version	-	-	-
gnome-keyring	import,version	-	-
gnome-keyring import	-	-	path
gnome-keyring version	-	-	-
gnome-keyring-daemon	-	--components,--control-directory,--daemonize,--foreground,--help,--login,--replace,--start,--unlock,--version,-C,-V,-c,-d,-f,-h,-l,-r,-s	-
gnome-maps	-	--display,--force-online,--help,--help-all,--help-gapplication,--help-gtk,--local,--local-tile-size,--version,-h,-v	path
gnome-terminal	-	--display,--help,--help-all,--help-gtk,--help-terminal,--help-terminal-options,--help-window-options,--load-config,--no-environment,--preferences,--print-environment,--quiet,--verbose,-h,-p,-q,-v	path
go	bug,build,clean,doc,env,fix,fmt,generate,get,help,install,list,mod,run,telemetry,test,tool,version,vet,work	-	-
go bug	-	-	-
go build	-	-C,-a,-asan,-asmflags,-buildmode,-buildvcs,-compiler,-cover,-coverpkg,-gccgoflags,-gcflags,-installsuffix,-json,-ldflags,-linkshared,-mod,-modcacherw,-modfile,-msan,-n,-o,-overlay,-p,-pgo,-pkgdir,-race,-tags,-toolexec,-trimpath,-v,-work,-x	path
go clean	-	-C,-a,-asan,-asmflags,-buildmode,-buildvcs,-cache,-compiler,-cover,-coverpkg,-fuzzcache,-gccgoflags,-gcflags,-i,-installsuffix,-ldflags,-linkshared,-mod,-modcache,-modcacherw,-modfile,-msan,-n,-overlay,-p,-pgo,-pkgdir,-r,-race,-tags,-testcache,-toolexec,-trimpath,-v,-work,-x	-
go doc	-	-	path
go env	-	-C,-json,-u,-w	path
go fix	-	-	path
go fmt	-	-C,-mod,-n,-x	path
go generate	-	-C,-n,-run,-v,-x	path
go get	-	-C,-a,-asan,-asmflags,-buildmode,-buildvcs,-compiler,-cover,-coverpkg,-d,-gccgoflags,-gcflags,-insecure,-installsuffix,-ldflags,-linkshared,-mod,-modcacherw,-modfile,-msan,-n,-overlay,-p,-pgo,-pkgdir,-race,-t,-tags,-tool,-toolexec,-trimpath,-u,-v,-work,-x	-
go help	-	-	-
go install	-	-C,-a,-asan,-asmflags,-buildmode,-buildvcs,-compiler,-cover,-coverpkg,-gccgoflags,-gcflags,-i,-installsuffix,-json,-ldflags,-linkshared,-mod,-modcacherw,-modfile,-msan,-n,-o,-overlay,-p,-pgo,-pkgdir,-race,-tags,-toolexec,-trimpath,-v,-work,-x	-
go list	-	-C,-a,-asan,-asmflags,-buildmode,-buildvcs,-compiled,-compiler,-cover,-coverpkg,-deps,-e,-export,-f,-find,-gccgoflags,-gcflags,-installsuffix,-json,-ldflags,-linkshared,-m,-mod,-modcacherw,-modfile,-msan,-n,-overlay,-p,-pgo,-pkgdir,-race,-tags,-test,-toolexec,-trimpath,-u,-v,-versions,-work,-x	-
go mod	download,edit,graph,init,tidy,vendor,verify,why	-	-
go mod download	-	-json,-x	path
go mod edit	-	-C,-dropexclude,-dropgodebug,-dropignore,-dropreplace,-droprequire,-dropretract,-droptool,-exclude,-fmt,-go,-godebug,-ignore,-json,-module,-n,-print,-replace,-require,-retract,-tool,-toolchain,-x	-
go mod graph	-	-go,-x	-
go mod init	-	-	-
go mod tidy	-	-compat,-e,-go,-v	-
go mod vendor	-	-e,-o,-v	-
go mod verify	-	-	-
go mod why	-	-m,-vendor	path
go run	-	-C,-a,-asan,-asmflags,-buildmode,-buildvcs,-compiler,-cover,-coverpkg,-exec,-gccgoflags,-gcflags,-installsuffix,-ldflags,-linkshared,-mod,-modcacherw,-modfile,-msan,-n,-overlay,-p,-pgo,-pkgdir,-race,-tags,-toolexec,-trimpath,-v,-work,-x	-
go telemetry	-	-	-
go test	-	-C,-a,-asan,-asmflags,-bench,-benchmem,-benchtime,-blockprofile,-blockprofilerate,-buildmode,-buildvcs,-c,-compiler,-count,-cover,-covermode,-coverpkg,-coverprofile,-cpu,-cpuprofile,-exec,-failfast,-fullpath,-fuzz,-fuzzminimizetime,-fuzztime,-gccgoflags,-gcflags,-installsuffix,-json,-ldflags,-linkshared,-list,-memprofile,-memprofilerate,-mod,-modcacherw,-modfile,-msan,-mutexprofile,-mutexprofilefraction,-n,-o,-outputdir,-overlay,-p,-parallel,-pgo,-pkgdir,-race,-run,-short,-shuffle,-skip,-tags,-timeout,-toolexec,-trace,-trimpath,-v,-vet,-work,-x	-
go tool	-	-C,-n	path
go version	-	-json,-m,-v	-
go vet	-	-C,-a,-asan,-asmflags,-buildmode,-buildvcs,-compiler,-gccgoflags,-gcflags,-installsuffix,-ldflags,-linkshared,-msan,-n,-overlay,-p,-pgo,-pkgdir,-race,-tags,-toolexec,-trimpath,-v,-vettool,-work,-x	-
go work	edit,init,sync,use,vendor	-	-
go work edit	-	-dropreplace,-dropuse,-fmt,-go,-json,-print,-replace,-use	path
go work init	-	-	path
go work sync	-	-	-
go work use	-	-r	path
go work vendor	-	-e,-o,-v	-
go-carpet	-	--256colors,--args,--file,--func,--include-vendor,--summary,--version	-
go-tool-asm	-	-D,-I,-compiling-runtime,-d,-debug,-dynlink,-gensymabis,-linkshared,-o,-p,-shared,-spectre,-trimpath	path
go-tool-buildid	-	-w	path
go-tool-cgo	-	-V,-debug-define,-debug-gcc,-dynimport,-dynlinker,-dynout,-dynpackage,-exportheader,-gccgo,-gccgo_define_cgoincomplete,-gccgopkgpath,-gccgoprefix,-godefs,-import_runtime_cgo,-import_syscall,-importpath,-objdir,-srcdir,-trimpath	path
go-tool-compile	-	-B,-C,-D,-E,-I,-K,-L,-N,-S,-V,-W,-asan,-asmhdr,-bench,-blockprofile,-buildid,-c,-clobberdead,-clobberdeadreg,-complete,-coveragecfg,-cpuprofile,-d,-dwarf,-dwarfbasentries,-dwarflocationlists,-dynlink,-e,-embedcfg,-gendwarfinl,-goversion,-h,-importcfg,-installsuffix,-j,-json,-l,-linkobj,-linkshared,-live,-m,-memprofile,-memprofilerate,-msan,-mutexprofile,-nolocalimports,-o,-oldcomparable,-p,-pack,-pgoprofile,-r,-race,-shared,-smallframes,-spectre,-std,-symabis,-t,-traceprofile,-trimpath,-v,-w,-wb	path
go-tool-covdata	debugdump,func,intersect,merge,percent,pkglist,subtract,textfmt	-	-
go-tool-covdata debugdump	-	-cpuprofile,-hw,-i,-live,-memprofile,-memprofilerate,-pkg,-v	-
go-tool-covdata func	-	-cpuprofile,-hw,-i,-memprofile,-memprofilerate,-pkg,-v	-
go-tool-covdata intersect	-	-cpuprofile,-hw,-i,-memprofile,-memprofilerate,-o,-pkg,-v	-
go-tool-covdata merge	-	-cpuprofile,-hw,-i,-memprofile,-memprofilerate,-o,-pcombine,-pkg,-v	-
go-tool-covdata percent	-	-cpuprofile,-hw,-i,-memprofile,-memprofilerate,-o,-pkg,-v	-
go-tool-covdata pkglist	-	-cpuprofile,-hw,-i,-memprofile,-memprofilerate,-pkg,-v	-
go-tool-covdata subtract	-	-cpuprofile,-hw,-i,-memprofile,-memprofilerate,-o,-pkg,-v	-
go-tool-covdata textfmt	-	-cpuprofile,-hw,-i,-memprofile,-memprofilerate,-o,-pkg,-v	-
go-tool-cover	-	-func,-html,-mode,-o,-outfilelist,-pkgcfg,-var	-
go-tool-dist	banner,bootstrap,clean,env,install,list,test,version	-	-
go-tool-dist banner	-	-v	-
go-tool-dist bootstrap	-	-a,-d,-no-banner,-no-clean,-v	-
go-tool-dist clean	-	-v	-
go-tool-dist env	-	-9,-p,-v,-w	-
go-tool-dist install	-	-v	path
go-tool-dist list	-	-json,-v	-
go-tool-dist test	-	-asan,-banner,-compile-only,-k,-list,-msan,-no-rebuild,-race,-rebuild,-run,-v	-
go-tool-dist version	-	-	-
go-tool-doc	-	-C,-all,-c,-cmd,-http,-short,-src,-u	path
go-tool-fix	-	-C,-V,-a,-any,-asan,-asmflags,-buildmode,-buildtag,-buildvcs,-c,-compiler,-diff,-fix,-fixtool,-flags,-fmtappendf,-force,-forvar,-gccgoflags,-gcflags,-go,-hostport,-inline,-installsuffix,-json,-ldflags,-linkshared,-mapsloop,-minmax,-msan,-n,-newexpr,-omitzero,-overlay,-p,-pgo,-pkgdir,-plusbuild,-r,-race,-rangeint,-reflecttypefor,-slicescontains,-slicessort,-stditerators,-stringsbuilder,-stringscut,-stringscutprefix,-stringsseq,-tags,-testingcontext,-toolexec,-trimpath,-v,-waitgroup,-work,-x	path
go-tool-link	-	-B,-E,-H,-I,-L,-R,-T,-X,-asan,-aslr,-benchmark,-benchmarkprofile,-buildid,-buildmode,-c,-capturehostobjs,-compressdwarf,-cpuprofile,-d,-debugnosplit,-debugtextsize,-debugtramp,-dumpdep,-extar,-extld,-extldflags,-f,-g,-h,-importcfg,-installsuffix,-k,-libgcc,-linkmode,-linkshared,-memprofile,-memprofilerate,-msan,-n,-o,-pluginpath,-r,-race,-s,-strictdups,-tmpdir,-v,-w	-
go-tool-mockgen	-	-aux_files,-build_constraint,-build_flags,-copyright_file,-debug_parser,-destination,-exclude_interfaces,-exec_only,-imports,-mock_names,-model_gob,-package,-prog_only,-self_package,-source,-typed,-version,-write_command_comment,-write_generate_directive,-write_package_comment,-write_source_comment	path
go-tool-nm	-	-n,-size,-sort,-type	path
go-tool-objdump	-	-S,-gnu,-s	path
go-tool-pack	-	-	-
gocryptfs	-	--help,--idle,--quiet,-aessiv,-allow_other,-config,-ctlsock,-extpass,-fg,-fsck,-fusedebug,-h,-hh,-i,-info,-init,-masterkey,-nonempty,-nosyslog,-passfile,-passwd,-plaintextnames,-q,-reverse,-ro,-speed,-version	path
gocyclo	-	-avg,-avg-short,-ignore,-over,-top,-total,-total-short	path
gofmt	-	--cpuprofile,-d,-e,-l,-r,-s,-w	path
goimports	-	-cpuprofile,-d,-e,-format-only,-l,-local,-memprofile,-memrate,-srcdir,-trace,-v,-w	path
goland	-	-	path
golangci-lint	cache,completion,config,custom,fmt,formatters,help,linters,migrate,run,version	--color,--help,--verbose,--version,-h,-v	-
golangci-lint cache	clean,status	-	-
golangci-lint cache clean	-	-	-
golangci-lint cache status	-	-	-
golangci-lint completion	bash,fish,powershell,zsh	-	-
golangci-lint completion bash	-	--no-descriptions	-
golangci-lint completion fish	-	--no-descriptions	-
golangci-lint completion powershell	-	--no-descriptions	-
golangci-lint completion zsh	-	--no-descriptions	-
golangci-lint config	path,verify	--config,--no-config,-c	-
golangci-lint config path	-	--json	-
golangci-lint config verify	-	--schema	-
golangci-lint custom	-	--destination,--name,--version	-
golangci-lint fmt	-	--config,--diff,--diff-colored,--enable,--no-config,--stdin,-E,-c,-d	-
golangci-lint formatters	-	--config,--enable,--json,--no-config,-E,-c	-
golangci-lint help	formatters,linters	-	-
golangci-lint help formatters	-	--json	-
golangci-lint help linters	-	--json	-
golangci-lint linters	-	--config,--default,--disable,--enable,--enable-only,--fast-only,--json,--no-config,-D,-E,-c	-
golangci-lint migrate	-	--config,--format,--no-config,--skip-validation,-c	-
golangci-lint run	-	--allow-parallel-runners,--allow-serial-runners,--build-tags,--concurrency,--config,--cpu-profile-path,--default,--disable,--enable,--enable-only,--fast-only,--fix,--internal-cmd-test,--issues-exit-code,--max-issues-per-linter,--max-same-issues,--mem-profile-path,--modules-download-mode,--new,--new-from-merge-base,--new-from-patch,--new-from-rev,--no-config,--path-mode,--path-prefix,--print-resources-usage,--show-stats,--skip-dirs,--skip-files,--tests,--timeout,--trace-path,--uniq-by-line,--whole-files,-D,-E,-c,-j,-n	-
golangci-lint version	-	--debug,--json,--short	-
gonew	-	-	-
google-chrome	-	--app,--new-window,--no-proxy-server,--password-store,--proxy-auto-detect,--proxy-pac-url,--proxy-server,--user-data-dir,--version	path
gopls	api-json,bug,help,licenses,serve,version	--verbose,--veryverbose,-debug,-listen,-logfile,-mode,-ocagent,-port,-remote,-v,-vv	-
gopls api-json	-	-	-
gopls bug	-	-	-
gopls help	-	-	-
gopls licenses	-	-	-
gopls serve	-	-debug,-listen,-logfile,-mode,-port	-
gopls version	-	--json	-
goreleaser	b,build,c,check,completion,hc,healthcheck,help,i,init,jsonschema,mcp,r,release,schema	--verbose,--version,-v	-
goreleaser b	-	--auto-snapshot,--clean,--config,--deprecated,--id,--output,--parallelism,--single-target,--skip,--snapshot,--timeout,-f,-o,-p	-
goreleaser build	-	--auto-snapshot,--clean,--config,--deprecated,--id,--output,--parallelism,--single-target,--skip,--snapshot,--timeout,-f,-o,-p	-
goreleaser c	-	--config,--deprecated,--quiet,-f,-q	-
goreleaser check	-	--config,--deprecated,--quiet,-f,-q	-
goreleaser completion	bash,fish,powershell,zsh	-	-
goreleaser completion bash	-	--no-descriptions	-
goreleaser completion fish	-	--no-descriptions	-
goreleaser completion powershell	-	--no-descriptions	-
goreleaser completion zsh	-	--no-descriptions	-
goreleaser hc	-	--config,--quiet,-f,-q	-
goreleaser healthcheck	-	--config,--quiet,-f,-q	-
goreleaser help	-	-	-
goreleaser i	-	--config,--language,-f,-l	-
goreleaser init	-	--config,--language,-f,-l	-
goreleaser jsonschema	-	--output,-o	-
goreleaser mcp	-	-	-
goreleaser r	-	--auto-snapshot,--clean,--config,--deprecated,--draft,--fail-fast,--parallelism,--release-footer,--release-footer-tmpl,--release-header,--release-header-tmpl,--release-notes,--release-notes-tmpl,--skip,--snapshot,--timeout,-f,-p	-
goreleaser release	-	--auto-snapshot,--clean,--config,--deprecated,--draft,--fail-fast,--parallelism,--release-footer,--release-footer-tmpl,--release-header,--release-header-tmpl,--release-notes,--release-notes-tmpl,--skip,--snapshot,--timeout,-f,-p	-
goreleaser schema	-	--output,-o	-
goweight	-	--help,--json,--tags,--version,-j	path
gparted	-	-	path
gpasswd	-	--add,--administrators,--delete,--help,--members,--remove-password,--restrict,--root,-A,-M,-Q,-R,-a,-d,-h,-r	-
gpg	-	--armor,--card-status,--change-passphrase,--change-pin,--check-signatures,--clear-sign,--decrypt,--delete-keys,--delete-secret-keys,--detach-sign,--dry-run,--edit-card,--edit-key,--encrypt,--export,--fingerprint,--full-generate-key,--generate-key,--generate-revocation,--import,--interactive,--list-keys,--list-secret-keys,--list-signatures,--local-user,--lsign-key,--openpgp,--output,--print-md,--quick-add-uid,--quick-generate-key,--quick-lsign-key,--quick-revoke-sig,--quick-revoke-uid,--quick-set-expire,--quick-sign-key,--receive-keys,--recipient,--refresh-keys,--search-keys,--send-keys,--server,--sign,--sign-key,--symmetric,--textmode,--tofu-policy,--update-trustdb,--verbose,--verify,-K,-a,-b,-c,-d,-e,-i,-k,-n,-o,-r,-s,-u,-v,-z	path
gpg-agent	-	--allow-emacs-pinentry,--allow-preset-passphrase,--csh,--daemon,--default-cache-ttl,--disable-scdaemon,--enable-ssh-support,--extra-socket,--ignore-cache-for-signing,--keep-display,--keep-tty,--log-file,--no-allow-external-cache,--no-allow-loopback-pinentry,--no-allow-mark-trusted,--no-detach,--options,--pinentry-program,--quiet,--scdaemon-program,--server,--sh,--ssh-fingerprint-digest,--supervised,--verbose,-c,-q,-s,-v	-
gradle	-	--build-cache,--build-file,--configure-on-demand,--console,--continue,--continuous,--daemon,--debug,--dependency-verification,--dry-run,--exclude-task,--export-keys,--foreground,--full-stacktrace,--gradle-user-home,--include-build,--info,--init-script,--max-workers,--no-build-cache,--no-configure-on-demand,--no-daemon,--no-parallel,--no-rebuild,--no-scan,--offline,--parallel,--priority,--profile,--project-cache-dir,--project-dir,--project-prop,--quiet,--refresh-dependencies,--refresh-keys,--rerun-tasks,--scan,--settings-file,--stacktrace,--status,--stop,--system-prop,--update-locks,--version,--warn,--warning-mode,--write-locks,--write-verification-metadata,-D,-F,-I,-M,-P,-S,-a,-b,-c,-d,-g,-i,-m,-p,-q,-s,-t,-v,-w,-x	path
grep	-	--after-context,--basic-regexp,--before-context,--binary,--binary-files,--byte-offset,--color,--colour,--context,--count,--dereference-recursive,--devices,--directories,--exclude,--exclude-dir,--exclude-from,--extended-regexp,--file,--files-with-matches,--files-without-match,--fixed-strings,--help,--ignore-case,--include,--initial-tab,--invert-match,--label,--line-buffered,--line-number,--line-regexp,--max-count,--no-filename,--no-ignore-case,--no-messages,--null,--null-data,--only-matching,--perl-regexp,--quiet,--recursive,--regexp,--silent,--text,--version,--with-filename,--word-regexp,-A,-B,-C,-D,-E,-F,-G,-H,-I,-L,-P,-R,-T,-U,-V,-Z,-a,-b,-c,-d,-e,-f,-h,-i,-l,-m,-n,-o,-q,-r,-s,-v,-w,-x,-z	-
groupadd	-	--force,--gid,--help,--key,--non-unique,--password,--prefix,--root,--system,-K,-P,-R,-f,-g,-h,-o,-p,-r	-
groupdel	-	--force,--help,--prefix,--root,-P,-R,-f,-h	-
groupmems	-	--add,--delete,--group,--help,--list,--purge,--root,-R,-a,-d,-g,-h,-l,-p	-
groupmod	-	--gid,--help,--new-name,--non-unique,--password,--prefix,--root,-P,-R,-g,-h,-n,-o,-p	-
groups	-	-	-
grype	completion,db,version	--add-cpes-if-none,--by-cve,--config,--distro,--exclude,--fail-on,--file,--only-fixed,--only-notfixed,--output,--platform,--quiet,--scope,--show-suppressed,--template,--verbose,-c,-f,-o,-q,-s,-t,-v	path
grype completion	-	-	-
grype db	check,delete,diff,import,list,status,update	-	-
grype db check	-	-	-
grype db delete	-	-	-
grype db diff	-	--delete,--output,-d,-o	-
grype db import	-	-	path
grype db list	-	--output,-o	-
grype db status	-	-	-
grype db update	-	-	-
grype version	-	--output,-o	-
gsa	-	--compact,--format,--height,--help,--hide-main,--hide-sections,--hide-std,--imports,--indent,--listen,--margin-box,--no-disasm,--no-dwarf,--no-symbol,--open,--output,--padding-box,--padding-root,--tui,--update-cache,--verbose,--version,--web,--width,-f,-h,-o	path
gulp	-	--color,--compact-tasks,--continue,--cwd,--depth,--gulpfile,--help,--log-level,--no-color,--require,--series,--silent,--sort-tasks,--tasks,--tasks-depth,--tasks-json,--tasks-simple,--verify,--version,-L,-S,-T,-f,-h,-v	path
gum	choose,confirm,file,filter,format,input,join,log,pager,spin,style,table,version-check,write	--help,--version,-h,-v	-
gum choose	-	--cursor,--cursor-prefix,--header,--height,--input-delimiter,--label-delimiter,--limit,--no-limit,--ordered,--output-delimiter,--padding,--select-if-one,--selected,--selected-prefix,--show-help,--strip-ansi,--timeout,--unselected-prefix	-
gum confirm	-	--affirmative,--default,--negative,--padding,--show-help,--show-output,--timeout	-
gum file	-	--all,--cursor,--directory,--file,--header,--height,--permissions,--show-help,--size,--timeout,-a,-c,-p,-s	path
gum filter	-	--fuzzy,--fuzzy-sort,--header,--height,--indicator,--input-delimiter,--limit,--no-limit,--output-delimiter,--padding,--placeholder,--prompt,--reverse,--select-if-one,--selected,--selected-prefix,--show-help,--sort,--strict,--strip-ansi,--timeout,--unselected-prefix,--value,--width	-
gum format	-	--language,--strip-ansi,--theme,--type,-l,-t	-
gum input	-	--char-limit,--header,--padding,--password,--placeholder,--prompt,--show-help,--strip-ansi,--timeout,--value,--width	-
gum join	-	--align,--horizontal,--vertical	-
gum log	-	--file,--format,--formatter,--level,--min-level,--prefix,--structured,--time,-f,-l,-o,-s,-t	-
gum pager	-	--align,--background,--bold,--border,--border-background,--border-foreground,--faint,--foreground,--height,--italic,--margin,--padding,--show-line-numbers,--soft-wrap,--strikethrough,--timeout,--underline,--width	-
gum spin	-	--align,--padding,--show-error,--show-output,--show-stderr,--show-stdout,--spinner,--timeout,--title,-a,-s	path
gum style	-	--align,--background,--bold,--border,--border-background,--border-foreground,--faint,--foreground,--height,--italic,--margin,--padding,--strikethrough,--strip-ansi,--trim,--underline,--width	-
gum table	-	--border,--columns,--fields-per-record,--file,--height,--hide-count,--lazy-quotes,--padding,--print,--return-column,--separator,--show-help,--timeout,--widths,-b,-c,-f,-p,-r,-s,-w	-
gum version-check	-	-	-
gum write	-	--char-limit,--header,--height,--max-lines,--padding,--placeholder,--prompt,--show-cursor-line,--show-help,--show-line-numbers,--strip-ansi,--timeout,--value,--width	-
gunzip	-	--force,--help,--keep,--list,--name,--no-name,--quiet,--recursive,--stdout,--suffix,--test,--verbose,--version,-N,-S,-c,-f,-k,-l,-n,-q,-r,-t,-v	path
gzip	-	--best,--decompress,--fast,--force,--help,--keep,--license,--list,--name,--no-name,--quiet,--recursive,--rsyncable,--stdout,--suffix,--test,--verbose,--version,-1,-9,-L,-N,-S,-V,-c,-d,-f,-h,-k,-l,-n,-q,-r,-t,-v	path
halt	-	--force,--halt,--help,--no-sync,--no-wall,--no-wtmp,--poweroff,--reboot,--wtmp-only,-d,-f,-n,-p,-w	-
head	-	--bytes,--help,--lines,--quiet,--silent,--verbose,--version,--zero-terminated,-c,-n,-q,-v,-z	path
helix	-	--config,--grammar,--health,--help,--hsplit,--log,--tutor,--version,--vsplit,--working-dir,-V,-c,-g,-h,-v,-w	path
helm	completion,create,dependency,diff,env,get,help,history,install,lint,list,package,plugin,pull,repo,rollback,search,show,status,template,test,uninstall,upgrade,verify,version	--add-dir-header,--alsologtostderr,--debug,--help,--kube-apiserver,--kube-as-group,--kube-as-user,--kube-ca-file,--kube-context,--kube-token,--kubeconfig,--log-backtrace-at,--log-dir,--log-file,--log-file-max-size,--logtostderr,--namespace,--one-output,--registry-config,--repository-cache,--repository-config,--skip-headers,--skip-log-headers,--stderrthreshold,--v,--vmodule,-h,-n,-v	-
helm completion	bash,fish,zsh	-	-
helm completion bash	-	-	-
helm completion fish	-	--no-descriptions	-
helm completion zsh	-	--no-descriptions	-
helm create	-	--starter,-p	-
helm dependency	build,list,update	-	-
helm dependency build	-	--keyring,--skip-refresh,--verify	path
helm dependency list	-	--max-col-width	path
helm dependency update	-	--keyring,--skip-refresh,--verify	path
helm diff	-	-	-
helm env	-	-	-
helm get	all,hooks,manifest,notes,values	-	-
helm get all	-	--revision,--template	path
helm get hooks	-	--revision	path
helm get manifest	-	--revision	path
helm get notes	-	--revision	path
helm get values	-	--all,--output,--revision,-a,-o	path
helm help	-	-	-
helm history	-	--max,--output,-o	path
helm install	-	--atomic,--ca-file,--cert-file,--create-namespace,--dependency-update,--description,--devel,--disable-openapi-validation,--dry-run,--generate-name,--insecure-skip-tls-verify,--key-file,--keyring,--name-template,--no-hooks,--output,--pass-credentials,--password,--post-renderer,--render-subchart-notes,--replace,--repo,--set,--set-file,--set-string,--skip-crds,--timeout,--username,--values,--verify,--version,--wait,--wait-for-jobs,-f,-g,-o	-
helm lint	-	--set,--set-file,--set-string,--strict,--values,--with-subcharts,-f	path
helm list	-	--all,--all-namespaces,--date,--deployed,--failed,--filter,--max,--offset,--output,--pending,--reverse,--selector,--short,--superseded,--time-format,--uninstalled,--uninstalling,-A,-a,-d,-f,-l,-m,-o,-q,-r	-
helm package	-	--app-version,--dependency-update,--destination,--key,--keyring,--passphrase-file,--sign,--version,-d,-u	path
helm plugin	install,list,uninstall,update	-	-
helm plugin install	-	--version	path
helm plugin list	-	-	-
helm plugin uninstall	-	-	path
helm plugin update	-	-	path
helm pull	-	--ca-file,--cert-file,--destination,--devel,--insecure-skip-tls-verify,--key-file,--keyring,--pass-credentials,--password,--prov,--repo,--untar,--untardir,--username,--verify,--version,-d	path
helm repo	add,index,list,remove,update	-	-
helm repo add	-	--allow-deprecated-repos,--ca-file,--cert-file,--force-update,--insecure-skip-tls-verify,--key-file,--no-update,--pass-credentials,--password,--username	-
helm repo index	-	--merge,--url	path
helm repo list	-	--output,-o	-
helm repo remove	-	-	path
helm repo update	-	-	-
helm rollback	-	--cleanup-on-fail,--dry-run,--force,--history-max,--no-hooks,--recreate-pods,--timeout,--wait,--wait-for-jobs	path
helm search	hub,repo	-	-
helm search hub	-	--endpoint,--max-col-width,--output,-o	-
helm search repo	-	--devel,--max-col-width,--output,--regexp,--version,--versions,-l,-o,-r	-
helm show	all,chart,readme,values	-	-
helm show all	-	--ca-file,--cert-file,--devel,--insecure-skip-tls-verify,--key-file,--keyring,--pass-credentials,--password,--repo,--username,--verify,--version	path
helm show chart	-	--ca-file,--cert-file,--devel,--insecure-skip-tls-verify,--key-file,--keyring,--pass-credentials,--password,--repo,--username,--verify,--version	path
helm show readme	-	--ca-file,--cert-file,--devel,--insecure-skip-tls-verify,--key-file,--keyring,--pass-credentials,--password,--repo,--username,--verify,--version	path
helm show values	-	--ca-file,--cert-file,--devel,--insecure-skip-tls-verify,--jsonpath,--key-file,--keyring,--pass-credentials,--password,--repo,--username,--verify,--version	path
helm status	-	--output,--revision,--show-desc,-o	path
helm template	-	--api-versions,--atomic,--ca-file,--cert-file,--create-namespace,--dependency-update,--description,--devel,--disable-openapi-validation,--dry-run,--generate-name,--include-crds,--insecure-skip-tls-verify,--is-upgrade,--key-file,--keyring,--kube-version,--name-template,--no-hooks,--output-dir,--pass-credentials,--password,--post-renderer,--release-name,--render-subchart-notes,--replace,--repo,--set,--set-file,--set-string,--show-only,--skip-crds,--skip-tests,--timeout,--username,--validate,--values,--verify,--version,--wait,--wait-for-jobs,-a,-f,-g,-s	-
helm test	-	--filter,--logs,--timeout	path
helm uninstall	-	--description,--dry-run,--keep-history,--no-hooks,--timeout	path
helm upgrade	-	--atomic,--ca-file,--cert-file,--cleanup-on-fail,--create-namespace,--dependency-update,--description,--devel,--disable-openapi-validation,--dry-run,--force,--history-max,--insecure-skip-tls-verify,--install,--key-file,--keyring,--no-hooks,--output,--pass-credentials,--password,--post-renderer,--recreate-pods,--render-subchart-notes,--repo,--reset-values,--reuse-values,--set,--set-file,--set-string,--skip-crds,--timeout,--username,--values,--verify,--version,--wait,--wait-for-jobs,-f,-i,-o	path
helm verify	-	--keyring	path
helm version	-	--client,--short,--template,-c	-
helmsman	-	--always-upgrade,--apply,--context-override,--debug,--destroy,--diff-context,--dry-run,--force-upgrades,--group,--keep-untracked-releases,--kubeconfig,--kubectl-diff,--migrate-context,--no-banner,--no-cleanup,--no-color,--no-env-subst,--no-fancy,--no-ns,--no-ssm-subst,--no-update,--ns-override,--replace-on-rename,--show-diff,--skip-validation,--subst-env-values,--subst-ssm-values,--target,--update-deps,--verbose,-e,-f,-p,-v	-
hexchat	-	--cfgdir,--command,--configdir,--display,--existing,--help,--help-all,--help-gtk,--minimize,--no-auto,--no-plugins,--plugindir,--version,-a,-c,-d,-e,-h,-n,-p,-u,-v	-
hexdump	-	--canonical,--color,--format,--format-file,--help,--length,--no-squeezing,--one-byte-char,--one-byte-octal,--skip,--two-bytes-decimal,--two-bytes-hex,--two-bytes-octal,--version,-C,-L,-V,-b,-c,-d,-e,-f,-h,-n,-o,-s,-v,-x	path
hostid	-	--help,--version	-
hostname	-	--aliases,--domain,--file,--help,--ip-addresses,--short,--usage,--version,-F,-V,-a,-d,-f,-i,-s,-y	-
htop	-	--delay,--drop-capabilities,--filter,--help,--highlight-changes,--no-color,--no-mouse,--no-unicode,--pid,--readonly,--sort-key,--tree,--user,--version,-C,-F,-H,-U,-d,-h,-m,-p,-s,-t,-u,-v	-
http	-	--all,--auth,--auth-type,--body,--boundary,--cert,--cert-key,--check-status,--chunked,--ciphers,--compress,--continue,--debug,--default-scheme,--download,--follow,--form,--format-options,--headers,--help,--history-print,--ignore-netrc,--ignore-stdin,--json,--max-headers,--max-redirects,--multipart,--offline,--output,--path-as-is,--pretty,--print,--proxy,--quiet,--session,--session-read-only,--sorted,--ssl,--stream,--style,--timeout,--traceback,--unsorted,--verbose,--verify,--version,-A,-F,-I,-P,-S,-a,-b,-c,-d,-f,-h,-j,-o,-p,-q,-s,-v,-x	path
https	-	-	path
hugetop	-	--delay,--help,--human,--numa,--once,--version,-H,-V,-d,-h,-n,-o	-
hugo	check,config,convert,deploy,env,gen,import,list,mod,new,server,version	--baseURL,--buildDrafts,--buildExpired,--buildFuture,--cacheDir,--cleanDestinationDir,--config,--configDir,--contentDir,--debug,--destination,--disableKinds,--enableGitInfo,--environment,--forceSyncStatic,--gc,--i18n-warnings,--ignoreCache,--ignoreVendor,--ignoreVendorPaths,--layoutDir,--log,--logFile,--minify,--noChmod,--noTimes,--path-warnings,--poll,--print-mem,--profile-cpu,--profile-mem,--profile-mutex,--quiet,--renderToMemory,--source,--templateMetrics,--templateMetricsHints,--theme,--themesDir,--trace,--verbose,--verboseLog,--watch,-D,-E,-F,-b,-c,-d,-e,-l,-s,-t,-v,-w	-
hugo check	-	-	-
hugo config	mounts	-	-
hugo config mounts	-	-	-
hugo convert	toJSON,toTOML,toYAML	--output,--unsafe,-o	-
hugo convert toJSON	-	-	-
hugo convert toTOML	-	-	-
hugo convert toYAML	-	-	-
hugo deploy	-	--confirm,--dryRun,--force,--invalidateCDN,--maxDeletes,--target	-
hugo env	-	-	-
hugo gen	autocomplete,chromastyles,doc,man	-	-
hugo gen autocomplete	-	--completionfile,--type,-f,-t	-
hugo gen chromastyles	-	--highlightStyle,--linesStyle,--style	-
hugo gen doc	-	--dir	-
hugo gen man	-	--dir	-
hugo import	jekyll	-	-
hugo import jekyll	-	--force	path
hugo list	all,drafts,expired,future	-	-
hugo list all	-	-	-
hugo list drafts	-	-	-
hugo list expired	-	-	-
hugo list future	-	-	-
hugo mod	clean,get,graph,init,npm,tidy,vendor,verify	--baseURL,--buildDrafts,--buildExpired,--buildFuture,--cacheDir,--cleanDestinationDir,--contentDir,--destination,--disableKinds,--enableGitInfo,--forceSyncStatic,--gc,--i18n-warnings,--ignoreCache,--layoutDir,--minify,--noChmod,--noTimes,--path-warnings,--poll,--print-mem,--profile-cpu,--profile-mem,--profile-mutex,--templateMetrics,--templateMetricsHints,--theme,--trace,-D,-E,-F,-b,-c,-d,-l,-t	-
hugo mod clean	-	--all,--pattern	-
hugo mod get	-	-	-
hugo mod graph	-	-	-
hugo mod init	-	-	-
hugo mod npm	pack	-	-
hugo mod npm pack	-	-	-
hugo mod tidy	-	-	-
hugo mod vendor	-	-	-
hugo mod verify	-	--clean	-
hugo new	site,theme	--baseURL,--buildDrafts,--buildExpired,--buildFuture,--cacheDir,--cleanDestinationDir,--contentDir,--destination,--disableKinds,--editor,--enableGitInfo,--forceSyncStatic,--gc,--i18n-warnings,--ignoreCache,--kind,--layoutDir,--minify,--noChmod,--noTimes,--path-warnings,--poll,--print-mem,--profile-cpu,--profile-mem,--profile-mutex,--templateMetrics,--templateMetricsHints,--theme,--trace,-D,-E,-F,-b,-c,-d,-k,-l,-t	-
hugo new site	-	--force,--format,-f	path
hugo new theme	-	-	-
hugo server	-	--appendPort,--baseURL,--bind,--buildDrafts,--buildExpired,--buildFuture,--cacheDir,--cleanDestinationDir,--contentDir,--destination,--disableBrowserError,--disableFastRender,--disableKinds,--disableLiveReload,--enableGitInfo,--forceSyncStatic,--gc,--i18n-warnings,--ignoreCache,--layoutDir,--liveReloadPort,--meminterval,--memstats,--minify,--navigateToChanged,--noChmod,--noHTTPCache,--noTimes,--path-warnings,--poll,--port,--print-mem,--profile-cpu,--profile-mem,--profile-mutex,--renderToDisk,--templateMetrics,--templateMetricsHints,--theme,--trace,--watch,-D,-E,-F,-b,-c,-d,-l,-p,-t,-w	-
hugo version	-	-	-
hurl	-	--aws-sigv4,--cacert,--cert,--color,--compressed,--connect-timeout,--connect-to,--continue-on-error,--cookie,--cookie-jar,--curl,--delay,--digest,--error-format,--file-root,--from-entry,--glob,--header,--help,--http2,--http3,--include,--insecure,--ipv4,--ipv6,--jobs,--json,--key,--limit-rate,--location,--location-trusted,--max-filesize,--max-redirs,--max-time,--negotiate,--netrc,--netrc-file,--netrc-optional,--no-assert,--no-color,--no-cookie-store,--no-output,--no-pretty,--no-proxy,--noproxy,--ntlm,--output,--parallel,--path-as-is,--pinnedpubkey,--pretty,--progress-bar,--proxy,--repeat,--report-html,--report-json,--report-junit,--report-tap,--resolve,--retry,--retry-interval,--secret,--secrets-file,--ssl-no-revoke,--test,--to-entry,--unix-socket,--user,--user-agent,--variable,--variables-file,--verbose,--verbosity,--version,--very-verbose,-0,-4,-6,-A,-E,-H,-L,-V,-b,-c,-h,-i,-k,-m,-n,-o,-u,-v,-x	path
hwinfo	-	--all,--arch,--bios,--block,--bluetooth,--braille,--bridge,--camera,--cdrom,--chipcard,--cpu,--debug,--disk,--dsl,--dump-db,--dvb,--fingerprint,--floppy,--framebuffer,--gfxcard,--help,--hub,--ide,--isapnp,--isdn,--joystick,--keyboard,--listmd,--log,--map,--memory,--mmc-ctrl,--modem,--monitor,--mouse,--netcard,--network,--only,--partition,--pci,--pcmcia,--pcmcia-ctrl,--pppoe,--printer,--reallyall,--redasd,--save-config,--scanner,--scsi,--short,--show-config,--smp,--sound,--storage-ctrl,--sys,--tape,--tv,--uml,--usb,--usb-ctrl,--vbe,--verbose,--version,--wlan,--xen,--zip	-
hx	-	-	path
hyperfine	-	--cleanup,--command-name,--conclude,--export-asciidoc,--export-csv,--export-json,--export-markdown,--export-orgmode,--help,--ignore-failure,--input,--max-runs,--min-runs,--output,--parameter-list,--parameter-scan,--parameter-step-size,--prepare,--reference,--reference-name,--runs,--setup,--shell,--show-output,--sort,--style,--time-unit,--version,--warmup,-C,-D,-L,-M,-N,-P,-S,-V,-c,-h,-i,-m,-n,-p,-r,-s,-u,-w	path
i3	-	--force-xinerama,--get-socketpath,--shmlog-size,-C,-L,-V,-a,-c,-d,-v	-
i3-scrot	-	--desk,--help,--select,--window,-d,-h,-s,-w	-
i3exit	-	-	-
i3lock	-	--beep,--color,--debug,--ignore-empty-password,--image,--no-unlock-indicator,--nofork,--pointer,--raw,--show-failed-attempts,--tiling,--version,-b,-c,-e,-f,-i,-n,-p,-t,-u,-v	-
i3status	-	-c	-
i3status-rs	-	--exit-on-error,--help,--never-pause,--version,-V,-h	path
id	-	--context,--group,--groups,--help,--name,--real,--user,--version,--zero,-G,-Z,-a,-g,-n,-r,-u,-z	-
idea	diff,format,inspect,installPlugins,merge	--wait	path
idea diff	-	-	path
idea format	-	--R,--dry,--mask,--settings,-allowDefaults,-charset,-d,-h,-m,-r,-s	path
idea inspect	-	-changes,-d,-format,-v0,-v1,-v2	path
idea installPlugins	-	-	-
idea merge	-	-	path
identify	-	-	-
img2pdf	-	--art-border,--author,--auto-orient,--bleed-border,--border,--colorspace,--creationdate,--creator,--crop-border,--engine,--first-frame-only,--fit,--from-file,--gui,--help,--imgsize,--include-thumbnails,--keywords,--moddate,--nodate,--orientation,--output,--pagesize,--pdfa,--pillow-limit-break,--producer,--rotation,--subject,--title,--trim-border,--verbose,--version,--viewer-center-window,--viewer-fit-window,--viewer-fullscreen,--viewer-initial-page,--viewer-magnification,--viewer-page-layout,--viewer-panes,-C,-D,-S,-V,-a,-b,-f,-h,-o,-r,-s,-v	path
imv	-	-b,-c,-d,-f,-h,-l,-n,-r,-s,-t,-u,-v,-x	path
inkscape	-	--action-list,--actions,--batch-process,--class,--convert-dpi-method,--dbus-listen,--dbus-name,--display,--export-area,--export-area-drawing,--export-area-page,--export-area-snap,--export-background,--export-background-opacity,--export-dpi,--export-filename,--export-height,--export-id,--export-id-only,--export-ignore-filters,--export-latex,--export-margin,--export-overwrite,--export-pdf-version,--export-plain-svg,--export-ps-level,--export-text-to-path,--export-type,--export-use-hints,--export-width,--g-fatal-warnings,--gapplication-service,--gdk-debug,--gdk-no-debug,--gtk-debug,--gtk-module,--gtk-no-debug,--help,--help-all,--help-gapplication,--help-gtk,--name,--no-convert-text-baseline-spacing,--pdf-page,--pdf-poppler,--pipe,--query-all,--query-height,--query-id,--query-width,--query-x,--query-y,--select,--shell,--system-data-directory,--user-data-directory,--vacuum-defs,--verb,--verb-list,--version,--with-gui,-C,-D,-H,-I,-S,-T,-V,-W,-X,-Y,-a,-b,-d,-g,-h,-i,-j,-l,-o,-p,-t,-w,-y	path
inshellisense	complete,doctor,init,specs,uninstall	--check,--help,--login,--shell,--verbose,--version,-V,-c,-h,-l,-s,-v	-
inshellisense complete	-	--help,-h	path
inshellisense doctor	-	--help,-h	-
inshellisense init	-	--generate-full-configs,--help,-h	-
inshellisense specs	help,list	--help,-h	-
inshellisense specs help	-	-	-
inshellisense specs list	-	--help,--shell,-h,-s	-
inshellisense uninstall	-	--help,-h	-
install	-	--backup,--compare,--context,--directory,--group,--help,--mode,--no-target-directory,--owner,--preserve-context,--preserve-timestamps,--strip,--strip-program,--suffix,--target-directory,--verbose,--version,-C,-D,-S,-T,-Z,-b,-c,-d,-g,-m,-o,-p,-s,-t,-v	path
ion	-	--fake-interactive,--help,--interactive,--no-execute,--version,-c,-f,-h,-i,-n,-o,-v,-x	path
jar	-	--create,--describe-module,--extract,--file,--generate-index,--hash-modules,--help,--help-extra,--list,--main-class,--manifest,--module-path,--module-version,--no-compress,--no-manifest,--release,--update,--validate,--verbose,--version,-0,-C,-M,-c,-d,-e,-f,-h,-i,-m,-p,-t,-u,-v,-x	path
java	-	-D,-X,-XX,-Xbatch,-Xbootclasspath,-Xcheck,-Xdiag,-Xfuture,-Xincgc,-Xint,-Xloggc,-Xmixed,-Xms,-Xmx,-Xnoclassgc,-Xprof,-Xrs,-Xshare,-XshowSettings,-Xss,-agentlib,-agentpath,-classpath,-cp,-d32,-d64,-da,-disableassertions,-disablesystemassertions,-dsa,-ea,-enableassertions,-enablesystemassertions,-esa,-help,-jar,-javaagent,-server,-showversion,-splash,-verbose,-version	-
javac	-	--add-modules,--boot-class-path,--class-path,--enable-preview,--limit-modules,--module,--module-path,--module-source-path,--module-version,--processor-module-path,--processor-path,--release,--source-path,--system,--upgrade-module-path,--version,-A,-J,-Werror,-X,-bootclasspath,-classpath,-cp,-d,-deprecation,-encoding,-endorseddirs,-extdirs,-g,-h,-help,-implicit,-nowarn,-p,-parameters,-proc,-processor,-processorpath,-profile,-s,-source,-sourcepath,-target,-verbose,-version	path
jj	abandon,absorb,arrange,bisect,bookmark,commit,config,describe,diff,diffedit,duplicate,edit,evolog,evolution-log,file,fix,gerrit,git,help,interdiff,log,metaedit,new,next,obslog,op,operation,parallelize,prev,rebase,redo,resolve,restore,revert,root,show,sign,simplify-parents,sparse,split,squash,status,tag,undo,unsign,util,version,workspace	--at-op,--at-operation,--color,--config,--config-file,--debug,--help,--ignore-immutable,--ignore-working-copy,--no-integrate-operation,--no-pager,--quiet,--repository,--verbose,--version,-R,-V,-h,-v	-
jj abandon	-	--help,--restore-descendants,--retain-bookmarks,-h	path
jj absorb	-	--from,--help,--into,--to,-f,-h,-t	path
jj arrange	-	--help,-h	-
jj bisect	run	--help,-h	-
jj bisect run	-	--find-good,--help,--range,-h,-r	path
jj bookmark	a,advance,c,create,d,delete,f,forget,l,list,m,move,r,rename,s,set,t,track,untrack	--help,-h	-
jj bookmark a	-	--help,--to,-h,-t	path
jj bookmark advance	-	--help,--to,-h,-t	path
jj bookmark c	-	--help,--revision,--to,-h,-r	path
jj bookmark create	-	--help,--revision,--to,-h,-r	path
jj bookmark d	-	--help,-h	path
jj bookmark delete	-	--help,-h	path
jj bookmark f	-	--help,--include-remotes,-h	path
jj bookmark forget	-	--help,--include-remotes,-h	path
jj bookmark l	-	--all,--all-remotes,--conflicted,--help,--remote,--revision,--revisions,--sort,--template,--tracked,-T,-a,-c,-h,-r,-t	path
jj bookmark list	-	--all,--all-remotes,--conflicted,--help,--remote,--revision,--revisions,--sort,--template,--tracked,-T,-a,-c,-h,-r,-t	path
jj bookmark m	-	--allow-backwards,--from,--help,--to,-B,-f,-h,-t	path
jj bookmark move	-	--allow-backwards,--from,--help,--to,-B,-f,-h,-t	path
jj bookmark r	-	--help,--overwrite-existing,-h	path
jj bookmark rename	-	--help,--overwrite-existing,-h	path
jj bookmark s	-	--allow-backwards,--help,--revision,--to,-B,-h,-r	path
jj bookmark set	-	--allow-backwards,--help,--revision,--to,-B,-h,-r	path
jj bookmark t	-	--help,--remote,-h	path
jj bookmark track	-	--help,--remote,-h	path
jj bookmark untrack	-	--help,--remote,-h	path
jj commit	-	--editor,--help,--interactive,--message,--tool,-h,-i,-m	path
jj config	e,edit,g,get,l,list,p,path,s,set,u,unset	--help,-h	-
jj config e	-	--help,--repo,--user,--workspace,-h	-
jj config edit	-	--help,--repo,--user,--workspace,-h	-
jj config g	-	--help,-h	-
jj config get	-	--help,-h	-
jj config l	-	--help,--include-defaults,--include-overridden,--repo,--template,--user,--workspace,-T,-h	-
jj config list	-	--help,--include-defaults,--include-overridden,--repo,--template,--user,--workspace,-T,-h	-
jj config p	-	--help,--repo,--user,--workspace,-h	-
jj config path	-	--help,--repo,--user,--workspace,-h	-
jj config s	-	--help,--repo,--user,--workspace,-h	-
jj config set	-	--help,--repo,--user,--workspace,-h	-
jj config u	-	--help,--repo,--user,--workspace,-h	-
jj config unset	-	--help,--repo,--user,--workspace,-h	-
jj describe	-	--editor,--help,--message,--stdin,-h,-m	path
jj diff	-	--color-words,--context,--from,--git,--help,--ignore-all-space,--ignore-space-change,--name-only,--revision,--revisions,--stat,--summary,--template,--to,--tool,--types,-T,-b,-f,-h,-r,-s,-t,-w	path
jj diffedit	-	--from,--help,--restore-descendants,--revision,--to,--tool,-f,-h,-r,-t	-
jj duplicate	-	--after,--before,--destination,--help,--insert-after,--insert-before,--onto,-A,-B,-d,-h,-o	path
jj edit	-	--help,-h	path
jj evolog	-	--color-words,--context,--git,--help,--ignore-all-space,--ignore-space-change,--limit,--name-only,--no-graph,--patch,--reversed,--revision,--revisions,--stat,--summary,--template,--tool,--types,-G,-T,-h,-n,-p,-r,-s	-
jj evolution-log	-	--color-words,--context,--git,--help,--ignore-all-space,--ignore-space-change,--limit,--name-only,--no-graph,--patch,--reversed,--revision,--revisions,--stat,--summary,--template,--tool,--types,-G,-T,-h,-n,-p,-r,-s	-
jj file	annotate,chmod,files,search,show,track,untrack	--help,-h	-
jj file annotate	-	--help,--revision,--template,-T,-h,-r	path
jj file chmod	-	--help,--revision,-h,-r	-
jj file files	-	--help,--revision,--template,-T,-h,-r	path
jj file search	-	--help,--pattern,--revision,-h,-p,-r	-
jj file show	-	--help,--revision,--template,-T,-h,-r	path
jj file track	-	--help,--include-ignored,-h	path
jj file untrack	-	--help,-h	path
jj fix	-	--all-lines,--help,--include-unchanged-files,--source,-a,-h,-s	-
jj gerrit	upload	--help,-h	-
jj gerrit upload	-	--cc,--custom,--deadline,--dry-run,--edit,--hashtag,--help,--ignore-attention-set,--label,--merged,--message,--no-publish-comments,--notify,--private,--publish-comments,--ready,--remote,--remote-branch,--remove-private,--reviewer,--revision,--revisions,--skip-validation,--submit,--topic,--trace,--wip,-b,-h,-l,-m,-n,-r	-
jj git	clone,colocation,export,fetch,import,init,push,remote,root	--help,-h	-
jj git clone	-	--bookmark,--branch,--colocate,--depth,--fetch-tags,--help,--no-colocate,--remote,-b,-h	-
jj git colocation	disable,enable,status	--help,-h	-
jj git colocation disable	-	--help,-h	-
jj git colocation enable	-	--help,-h	-
jj git colocation status	-	--help,-h	-
jj git export	-	--help,-h	-
jj git fetch	-	--all-remotes,--bookmark,--branch,--help,--remote,--tracked,-b,-h	-
jj git import	-	--help,-h	-
jj git init	-	--colocate,--git-repo,--help,--no-colocate,-h	path
jj git push	-	--all,--allow-empty-description,--allow-private,--bookmark,--branch,--change,--deleted,--dry-run,--help,--named,--option,--remote,--revision,--revisions,--tracked,-b,-c,-h,-o,-r	-
jj git remote	add,list,remove,rename,set-url	--help,-h	-
jj git remote add	-	--fetch-tags,--help,--push-url,-h	path
jj git remote list	-	--help,-h	-
jj git remote remove	-	--help,-h	path
jj git remote rename	-	--help,-h	path
jj git remote set-url	-	--fetch,--help,--push,-h	path
jj git root	-	--help,-h	-
jj help	-	--help,--keyword,-h,-k	-
jj interdiff	-	--color-words,--context,--from,--git,--help,--ignore-all-space,--ignore-space-change,--name-only,--stat,--summary,--to,--tool,--types,-b,-f,-h,-s,-t,-w	path
jj log	-	--color-words,--context,--count,--git,--help,--ignore-all-space,--ignore-space-change,--limit,--name-only,--no-graph,--patch,--reversed,--revision,--revisions,--stat,--summary,--template,--tool,--types,-G,-T,-h,-n,-p,-r,-s	path
jj metaedit	-	--author,--author-timestamp,--force-rewrite,--help,--message,--update-author,--update-author-timestamp,--update-change-id,-h,-m	path
jj new	-	--after,--before,--help,--insert-after,--insert-before,--message,--no-edit,-A,-B,-h,-m	path
jj next	-	--conflict,--edit,--help,--no-edit,-e,-h,-n	path
jj obslog	-	--color-words,--context,--git,--help,--ignore-all-space,--ignore-space-change,--limit,--name-only,--no-graph,--patch,--reversed,--revision,--revisions,--stat,--summary,--template,--tool,--types,-G,-T,-h,-n,-p,-r,-s	-
jj op	abandon,diff,integrate,log,restore,revert,show	--help,-h	-
jj op abandon	-	--help,-h	path
jj op diff	-	--color-words,--context,--from,--git,--help,--ignore-all-space,--ignore-space-change,--name-only,--no-graph,--op,--operation,--patch,--show-changes-in,--stat,--summary,--to,--tool,--types,-G,-f,-h,-p,-s,-t	-
jj op integrate	-	--help,-h	path
jj op log	-	--color-words,--context,--git,--help,--ignore-all-space,--ignore-space-change,--limit,--name-only,--no-graph,--op-diff,--patch,--reversed,--show-changes-in,--stat,--summary,--template,--tool,--types,-G,-T,-d,-h,-n,-p,-s	-
jj op restore	-	--help,--what,-h	path
jj op revert	-	--help,--what,-h	path
jj op show	-	--color-words,--context,--git,--help,--ignore-all-space,--ignore-space-change,--name-only,--no-graph,--no-op-diff,--patch,--show-changes-in,--stat,--summary,--template,--tool,--types,-G,-T,-h,-p,-s	path
jj operation	abandon,diff,integrate,log,restore,revert,show	--help,-h	-
jj operation abandon	-	--help,-h	path
jj operation diff	-	--color-words,--context,--from,--git,--help,--ignore-all-space,--ignore-space-change,--name-only,--no-graph,--op,--operation,--patch,--show-changes-in,--stat,--summary,--to,--tool,--types,-G,-f,-h,-p,-s,-t	-
jj operation integrate	-	--help,-h	path
jj operation log	-	--color-words,--context,--git,--help,--ignore-all-space,--ignore-space-change,--limit,--name-only,--no-graph,--op-diff,--patch,--reversed,--show-changes-in,--stat,--summary,--template,--tool,--types,-G,-T,-d,-h,-n,-p,-s	-
jj operation restore	-	--help,--what,-h	path
jj operation revert	-	--help,--what,-h	path
jj operation show	-	--color-words,--context,--git,--help,--ignore-all-space,--ignore-space-change,--name-only,--no-graph,--no-op-diff,--patch,--show-changes-in,--stat,--summary,--template,--tool,--types,-G,-T,-h,-p,-s	path
jj parallelize	-	--help,-h	path
jj prev	-	--conflict,--edit,--help,--no-edit,-e,-h,-n	path
jj rebase	-	--after,--before,--branch,--destination,--help,--insert-after,--insert-before,--keep-divergent,--onto,--revision,--revisions,--simplify-parents,--skip-emptied,--source,-A,-B,-b,-d,-h,-o,-r,-s	-
jj redo	-	--help,-h	-
jj resolve	-	--help,--list,--revision,--tool,-h,-l,-r	-
jj restore	-	--changes-in,--from,--help,--interactive,--into,--restore-descendants,--to,--tool,-c,-f,-h,-i,-t	path
jj revert	-	--after,--before,--destination,--help,--insert-after,--insert-before,--onto,--revision,--revisions,-A,-B,-d,-h,-o,-r	-
jj root	-	--help,-h	-
jj show	-	--color-words,--context,--git,--help,--ignore-all-space,--ignore-space-change,--name-only,--no-patch,--stat,--summary,--template,--tool,--types,-T,-b,-h,-s,-w	path
jj sign	-	--help,--key,--revision,--revisions,-h,-r	-
jj simplify-parents	-	--help,--revision,--revisions,--source,-h,-r,-s	-
jj sparse	edit,list,reset,set	--help,-h	-
jj sparse edit	-	--help,-h	-
jj sparse list	-	--help,-h	-
jj sparse reset	-	--help,-h	-
jj sparse set	-	--add,--clear,--help,--remove,-h	-
jj split	-	--after,--before,--destination,--editor,--help,--insert-after,--insert-before,--interactive,--message,--onto,--parallel,--revision,--tool,-A,-B,-d,-h,-i,-m,-o,-p,-r	path
jj squash	-	--after,--before,--destination,--editor,--from,--help,--insert-after,--insert-before,--interactive,--into,--keep-emptied,--message,--onto,--revision,--to,--tool,--use-destination-message,-A,-B,-d,-f,-h,-i,-k,-m,-o,-r,-t,-u	path
jj status	-	--help,-h	path
jj tag	d,delete,l,list,s,set	--help,-h	-
jj tag d	-	--help,-h	path
jj tag delete	-	--help,-h	path
jj tag l	-	--all,--all-remotes,--conflicted,--help,--revision,--revisions,--sort,--template,-T,-a,-c,-h,-r	path
jj tag list	-	--all,--all-remotes,--conflicted,--help,--revision,--revisions,--sort,--template,-T,-a,-c,-h,-r	path
jj tag s	-	--allow-move,--help,--revision,--to,-h,-r	path
jj tag set	-	--allow-move,--help,--revision,--to,-h,-r	path
jj undo	-	--help,-h	-
jj unsign	-	--help,--revision,--revisions,-h,-r	-
jj util	backend,completion,config-schema,exec,gc,install-man-pages,markdown-help,snapshot	--help,-h	-
jj util backend	name	--help,-h	-
jj util backend name	-	--help,-h	-
jj util completion	-	--help,-h	-
jj util config-schema	-	--help,-h	-
jj util exec	-	--help,-h	path
jj util gc	-	--expire,--help,-h	-
jj util install-man-pages	-	--help,-h	path
jj util markdown-help	-	--help,-h	-
jj util snapshot	-	--help,-h	-
jj version	-	--help,-h	-
jj workspace	add,forget,list,rename,root,update-stale	--help,-h	-
jj workspace add	-	--help,--message,--name,--revision,--revisions,--sparse-patterns,-h,-m,-r	path
jj workspace forget	-	--help,-h	path
jj workspace list	-	--help,--template,-T,-h	-
jj workspace rename	-	--help,-h	-
jj workspace root	-	--help,--name,-h	-
jj workspace update-stale	-	--help,-h	-
join	-	--check-order,--header,--help,--ignore-case,--nocheck-order,--version,--zero-terminated,-1,-2,-a,-e,-i,-j,-o,-t,-v,-z	path
journalctl	-	--after-cursor,--all,--boot,--case-sensitive,--catalog,--cursor,--cursor-file,--directory,--disk-usage,--dmesg,--dump-catalog,--facility,--field,--fields,--file,--flush,--follow,--force,--grep,--header,--help,--identifier,--image,--interval,--lines,--list-boots,--list-catalog,--machine,--merge,--namespace,--no-full,--no-hostname,--no-pager,--no-tail,--output,--output-fields,--pager-end,--priority,--quiet,--relinquish-var,--reverse,--root,--rotate,--setup-keys,--show-cursor,--since,--smart-relinquish-var,--sync,--system,--unit,--until,--update-catalog,--user,--user-unit,--utc,--vacuum-files,--vacuum-size,--vacuum-time,--verify,--verify-key,--version,-D,-F,-M,-N,-S,-U,-a,-b,-c,-e,-f,-g,-h,-k,-m,-n,-o,-p,-q,-r,-t,-u,-x	-
jq	-	--arg,--argjson,--args,--ascii-output,--color-output,--compact-output,--exit-status,--from-file,--indent,--join-output,--jsonargs,--monochrome-output,--null-input,--raw-input,--raw-output,--rawfile,--seq,--slurp,--slurpfile,--sort-keys,--stream,--tab,--unbuffered,--version,-C,-L,-M,-R,-S,-a,-c,-e,-f,-j,-n,-r,-s	path
julia	-	--banner,--bug-report,--check-bounds,--code-coverage,--color,--compiled-modules,--depwarn,--eval,--handle-signals,--help,--help-hidden,--history-file,--home,--inline,--load,--machine-file,--math-mode,--optimize,--print,--procs,--project,--quiet,--startup-file,--sysimage,--sysimage-native-code,--threads,--track-allocation,--version,--warn-overwrite,--warn-scope,-E,-H,-J,-L,-O,-e,-h,-i,-p,-q,-t,-v	path
just	-	--alias-style,--allow-missing,--ceiling,--changelog,--check,--choose,--chooser,--clear-shell-args,--color,--command,--command-color,--complete-aliases,--completions,--cygpath,--dotenv-filename,--dotenv-path,--dry-run,--dump,--dump-format,--edit,--eval,--evaluate,--evaluate-format,--explain,--fmt,--format,--global-justfile,--group,--groups,--help,--highlight,--indentation,--init,--initialize,--json,--justfile,--justfile-name,--list,--list-heading,--list-prefix,--list-submodules,--man,--no-aliases,--no-dependencies,--no-deps,--no-dotenv,--no-highlight,--one,--quiet,--set,--shell,--shell-arg,--shell-command,--show,--summary,--tempdir,--time,--timestamp,--timestamp-format,--unsorted,--unstable,--usage,--variables,--verbose,--version,--working-directory,--yes,-E,-V,-c,-d,-e,-f,-g,-h,-l,-n,-q,-s,-u,-v	path
kak	-	-E,-c,-clear,-d,-e,-f,-help,-i,-l,-n,-p,-q,-ro,-s,-ui,-version	path
kak-lsp	-	--config,--daemonize,--help,--initial-request,--kakoune,--log,--request,--session,--timeout,--version,-V,-c,-d,-h,-s,-t,-v	-
keytool	-	--help,-h	-
kill	-	--all,--help,--list,--pid,--queue,--signal,--table,--timeout,--verbose,--version,-L,-V,-a,-h,-l,-p,-q,-s	-
killall	-	--exact,--ignore-case,--interactive,--list,--ns,--older-than,--process-group,--quiet,--regexp,--signal,--user,--verbose,--version,--wait,--younger-than,-I,-V,-e,-g,-i,-l,-n,-o,-q,-r,-s,-u,-v,-w,-y	-
kitten	ask,choose-files,choose-fonts,clipboard,desktop-ui,diff,edit-in-kitty,hints,hyperlinked-grep,icat,mouse-demo,notify,panel,query-terminal,quick-access-terminal,run-shell,show-key,ssh,themes,transfer,unicode-input,update-self	--help,--version,-h	-
kitten ask	-	--choice,--default,--help,--hidden-text-placeholder,--message,--name,--prompt,--title,--type,--unhide-key,--window-title,-c,-d,-h,-m,-n,-p,-t	-
kitten choose-files	-	--clear-cache,--config,--display-title,--file-filter,--help,--mode,--output-format,--override,--suggested-save-file-name,--suggested-save-file-path,--title,--write-output-to,--write-pid-to,-h,-o	path
kitten choose-fonts	-	--config-file-name,--help,--reload-in,-h	path
kitten clipboard	-	--alias,--get-clipboard,--help,--human-name,--mime,--password,--use-primary,--wait-for-completion,-a,-g,-h,-m,-p	path
kitten desktop-ui	enable-portal,run-server,set-accent-color,set-color-scheme,set-contrast,set-setting,show-settings	--help,-h	-
kitten desktop-ui enable-portal	-	--help,-h	-
kitten desktop-ui run-server	-	--config,--help,--override,-c,-h,-o	-
kitten desktop-ui set-accent-color	-	--help,-h	-
kitten desktop-ui set-color-scheme	-	--help,-h	-
kitten desktop-ui set-contrast	-	--help,-h	-
kitten desktop-ui set-setting	-	--data-type,--help,--namespace,-h,-n	-
kitten desktop-ui show-settings	-	--allow-other-backends,--as-json,--help,--in-namespace,-h	-
kitten diff	-	--config,--context,--help,--override,-h,-o	path
kitten edit-in-kitty	-	--color,--cwd,--dont-take-focus,--env,--help,--hold,--hold-after-ssh,--keep-focus,--location,--logo,--logo-alpha,--logo-position,--max-file-size,--next-to,--os-window-class,--os-window-name,--os-window-state,--os-window-title,--spacing,--tab-title,--title,--type,--var,--window-title,-h	path
kitten hints	-	--add-trailing-space,--alphabet,--ascending,--customize-processing,--help,--hints-background-color,--hints-foreground-color,--hints-offset,--hints-text-color,--linenum-action,--minimum-match-length,--multiple,--multiple-joiner,--program,--regex,--type,--url-excluded-characters,--url-prefixes,--window-title,--word-characters,-h	-
kitten hyperlinked-grep	-	-	path
kitten icat	-	--align,--background,--clear,--clear-all,--detect-support,--detection-timeout,--engine,--fit,--hold,--image-id,--loop,--mirror,--no-trailing-newline,--passthrough,--place,--print-window-size,--scale-up,--silent,--stdin,--transfer-mode,--unicode-placeholder,--use-window-size,--z-index,-l,-n,-z	path
kitten mouse-demo	-	--help,-h	-
kitten notify	-	--app-name,--button,--expire-after,--help,--icon,--icon-cache-id,--icon-path,--identifier,--only-print-escape-code,--print-identifier,--sound-name,--type,--urgency,--wait-for-completion,--wait-till-closed,-P,-a,-b,-e,-g,-h,-i,-n,-p,-s,-t,-u,-w	-
kitten panel	-	--columns,--config,--debug-input,--debug-rendering,--detach,--detached-log,--edge,--exclusive-zone,--focus-policy,--grab-keyboard,--help,--hide-on-focus-loss,--instance-group,--layer,--lines,--listen-on,--margin-bottom,--margin-left,--margin-right,--margin-top,--move-to-active-monitor,--output-name,--override,--override-exclusive-zone,--single-instance,--start-as-hidden,--toggle-visibility,--wait-for-single-instance-window-close,-1,-c,-h,-o	path
kitten query-terminal	-	--help,--wait-for,-h	-
kitten quick-access-terminal	-	--config,--debug-input,--debug-rendering,--detach,--detached-log,--help,--instance-group,--override,-c,-h,-o	path
kitten run-shell	-	--cwd,--env,--help,--inject-self-onto-path,--shell,--shell-integration,-h	path
kitten show-key	-	--help,--key-mode,-h,-m	-
kitten ssh	-	--help,-h	path
kitten themes	-	--cache-age,--config-file-name,--dump-theme,--help,--reload-in,-h	-
kitten transfer	-	--compress,--confirm-paths,--direction,--help,--mode,--permissions-bypass,--transmit-deltas,-c,-d,-h,-m,-p,-x	path
kitten unicode-input	-	--emoji-variation,--help,--tab,-h	-
kitten update-self	-	--fetch-version,--help,-h	-
kmonad	-	--dry-run,--help,--log-level,-d,-h,-l	path
kompose	completion,convert,help,version	--error-on-warning,--file,--help,--provider,--suppress-warnings,--verbose,-f,-h,-v	-
kompose completion	-	-	-
kompose convert	-	--build,--build-branch,--build-repo,--chart,--controller,--daemon-set,--deployment,--deployment-config,--emptyvols,--indent,--insecure-repository,--json,--multiple-container-mode,--out,--push-image,--push-image-registry,--pvc-request-size,--replicas,--replication-controller,--service-group-mode,--service-group-name,--stdout,--volumes,--with-kompose-annotation,--yaml,-c,-d,-j,-o,-y	path
kompose help	-	-	-
kompose version	-	-	-
kotlin	-	--expression,--help,-D,-J,-X,-classpath,-compiler-path,-e,-h,-howtorun,-no-reflect,-no-stdlib,-version	path
kotlinc	-	--expression,--help,-J,-P,-Werror,-X,-api-version,-classpath,-d,-e,-h,-include-runtime,-java-parameters,-jdk-home,-jvm-target,-kotlin-home,-language-version,-module-name,-no-jdk,-no-reflect,-no-stdlib,-nowarn,-opt-in,-progressive,-script,-script-templates,-verbose,-version	path
ktlint	-	--android,--apply-to-idea,--apply-to-idea-project,--color,--color-name,--debug,--disabled_rules,--editorconfig,--experimental,--format,--help,--install-git-pre-commit-hook,--install-git-pre-push-hook,--limit,--print-ast,--relative,--reporter,--ruleset,--stdin,--verbose,--version,-F,-R,-V,-a,-h,-v	-
kubeadm	alpha,certificates,certs,completion,config,help,init,join,kubeconfig,reset,token,upgrade,version	--rootfs,--v,--vmodule,-v	-
kubeadm alpha	-	-	-
kubeadm certificates	certificate-key,check-expiration,generate-csr,renew	-	-
kubeadm certificates certificate-key	-	-	-
kubeadm certificates check-expiration	-	--allow-missing-template-keys,--cert-dir,--config,--kubeconfig,--output,--show-managed-fields,-o	-
kubeadm certificates generate-csr	-	--cert-dir,--config,--kubeconfig-dir	-
kubeadm certificates renew	admin.conf,all,apiserver,apiserver-etcd-client,apiserver-kubelet-client,controller-manager.conf,etcd-healthcheck-client,etcd-peer,etcd-server,front-proxy-client,scheduler.conf,super-admin.conf	-	-
kubeadm certificates renew admin.conf	-	--cert-dir,--config,--kubeconfig	-
kubeadm certificates renew all	-	--cert-dir,--config,--kubeconfig	-
kubeadm certificates renew apiserver	-	--cert-dir,--config,--kubeconfig	-
kubeadm certificates renew apiserver-etcd-client	-	--cert-dir,--config,--kubeconfig	-
kubeadm certificates renew apiserver-kubelet-client	-	--cert-dir,--config,--kubeconfig	-
kubeadm certificates renew controller-manager.conf	-	--cert-dir,--config,--kubeconfig	-
kubeadm certificates renew etcd-healthcheck-client	-	--cert-dir,--config,--kubeconfig	-
kubeadm certificates renew etcd-peer	-	--cert-dir,--config,--kubeconfig	-
kubeadm certificates renew etcd-server	-	--cert-dir,--config,--kubeconfig	-
kubeadm certificates renew front-proxy-client	-	--cert-dir,--config,--kubeconfig	-
kubeadm certificates renew scheduler.conf	-	--cert-dir,--config,--kubeconfig	-
kubeadm certificates renew super-admin.conf	-	--cert-dir,--config,--kubeconfig	-
kubeadm certs	certificate-key,check-expiration,generate-csr,renew	-	-
kubeadm certs certificate-key	-	-	-
kubeadm certs check-expiration	-	--allow-missing-template-keys,--cert-dir,--config,--kubeconfig,--output,--show-managed-fields,-o	-
kubeadm certs generate-csr	-	--cert-dir,--config,--kubeconfig-dir	-
kubeadm certs renew	admin.conf,all,apiserver,apiserver-etcd-client,apiserver-kubelet-client,controller-manager.conf,etcd-healthcheck-client,etcd-peer,etcd-server,front-proxy-client,scheduler.conf,super-admin.conf	-	-
kubeadm certs renew admin.conf	-	--cert-dir,--config,--kubeconfig	-
kubeadm certs renew all	-	--cert-dir,--config,--kubeconfig	-
kubeadm certs renew apiserver	-	--cert-dir,--config,--kubeconfig	-
kubeadm certs renew apiserver-etcd-client	-	--cert-dir,--config,--kubeconfig	-
kubeadm certs renew apiserver-kubelet-client	-	--cert-dir,--config,--kubeconfig	-
kubeadm certs renew controller-manager.conf	-	--cert-dir,--config,--kubeconfig	-
kubeadm certs renew etcd-healthcheck-client	-	--cert-dir,--config,--kubeconfig	-
kubeadm certs renew etcd-peer	-	--cert-dir,--config,--kubeconfig	-
kubeadm certs renew etcd-server	-	--cert-dir,--config,--kubeconfig	-
kubeadm certs renew front-proxy-client	-	--cert-dir,--config,--kubeconfig	-
kubeadm certs renew scheduler.conf	-	--cert-dir,--config,--kubeconfig	-
kubeadm certs renew super-admin.conf	-	--cert-dir,--config,--kubeconfig	-
kubeadm completion	-	-	-
kubeadm config	images,migrate,print,validate	--kubeconfig	-
kubeadm config images	list,pull	-	-
kubeadm config images list	-	--allow-missing-template-keys,--config,--feature-gates,--image-repository,--kubernetes-version,--output,--show-managed-fields,-o	-
kubeadm config images pull	-	--config,--cri-socket,--feature-gates,--image-repository,--kubernetes-version	-
kubeadm config migrate	-	--allow-experimental-api,--new-config,--old-config	-
kubeadm config print	init-defaults,join-defaults,reset-defaults,upgrade-defaults	-	-
kubeadm config print init-defaults	-	--component-configs	-
kubeadm config print join-defaults	-	-	-
kubeadm config print reset-defaults	-	-	-
kubeadm config print upgrade-defaults	-	-	-
kubeadm config validate	-	--allow-deprecated-api,--allow-experimental-api,--config	-
kubeadm help	-	-	-
kubeadm init	phase	--apiserver-advertise-address,--apiserver-bind-port,--apiserver-cert-extra-sans,--cert-dir,--certificate-key,--config,--control-plane-endpoint,--cri-socket,--dry-run,--feature-gates,--ignore-preflight-errors,--image-repository,--kubernetes-version,--node-name,--patches,--pod-network-cidr,--service-cidr,--service-dns-domain,--skip-certificate-key-print,--skip-phases,--skip-token-print,--token,--token-ttl,--upload-certs	-
kubeadm init phase	addon,bootstrap-token,bootstraptoken,certs,control-plane,etcd,kubeconfig,kubelet-finalize,kubelet-start,mark-control-plane,preflight,show-join-command,upload-certs,upload-config,uploadconfig,wait-control-plane	-	-
kubeadm init phase addon	all,coredns,kube-proxy	-	-
kubeadm init phase addon all	-	--apiserver-advertise-address,--apiserver-bind-port,--config,--control-plane-endpoint,--dry-run,--feature-gates,--image-repository,--kubeconfig,--kubernetes-version,--pod-network-cidr,--service-cidr,--service-dns-domain	-
kubeadm init phase addon coredns	-	--config,--dry-run,--feature-gates,--image-repository,--kubeconfig,--kubernetes-version,--print-manifest,--service-cidr,--service-dns-domain	-
kubeadm init phase addon kube-proxy	-	--apiserver-advertise-address,--apiserver-bind-port,--config,--control-plane-endpoint,--dry-run,--image-repository,--kubeconfig,--kubernetes-version,--pod-network-cidr,--print-manifest	-
kubeadm init phase bootstrap-token	-	--config,--dry-run,--kubeconfig,--skip-token-print	-
kubeadm init phase bootstraptoken	-	--config,--dry-run,--kubeconfig,--skip-token-print	-
kubeadm init phase certs	all,apiserver,apiserver-etcd-client,apiserver-kubelet-client,ca,etcd-ca,etcd-healthcheck-client,etcd-peer,etcd-server,front-proxy-ca,front-proxy-client,sa	-	-
kubeadm init phase certs all	-	--apiserver-advertise-address,--apiserver-cert-extra-sans,--cert-dir,--config,--control-plane-endpoint,--dry-run,--kubernetes-version,--service-cidr,--service-dns-domain	-
kubeadm init phase certs apiserver	-	--apiserver-advertise-address,--apiserver-cert-extra-sans,--cert-dir,--config,--control-plane-endpoint,--dry-run,--kubernetes-version,--service-cidr,--service-dns-domain	-
kubeadm init phase certs apiserver-etcd-client	-	--cert-dir,--config,--dry-run,--kubernetes-version	-
kubeadm init phase certs apiserver-kubelet-client	-	--cert-dir,--config,--dry-run,--kubernetes-version	-
kubeadm init phase certs ca	-	--cert-dir,--config,--dry-run,--kubernetes-version	-
kubeadm init phase certs etcd-ca	-	--cert-dir,--config,--dry-run,--kubernetes-version	-
kubeadm init phase certs etcd-healthcheck-client	-	--cert-dir,--config,--dry-run,--kubernetes-version	-
kubeadm init phase certs etcd-peer	-	--cert-dir,--config,--dry-run,--kubernetes-version	-
kubeadm init phase certs etcd-server	-	--cert-dir,--config,--dry-run,--kubernetes-version	-
kubeadm init phase certs front-proxy-ca	-	--cert-dir,--config,--dry-run,--kubernetes-version	-
kubeadm init phase certs front-proxy-client	-	--cert-dir,--config,--dry-run,--kubernetes-version	-
kubeadm init phase certs sa	-	--cert-dir,--config,--dry-run,--kubernetes-version	-
kubeadm init phase control-plane	all,apiserver,controller-manager,scheduler	-	-
kubeadm init phase control-plane all	-	--apiserver-advertise-address,--apiserver-bind-port,--apiserver-extra-args,--cert-dir,--config,--control-plane-endpoint,--controller-manager-extra-args,--dry-run,--feature-gates,--image-repository,--kubernetes-version,--patches,--pod-network-cidr,--scheduler-extra-args,--service-cidr	-
kubeadm init phase control-plane apiserver	-	--apiserver-advertise-address,--apiserver-bind-port,--apiserver-extra-args,--cert-dir,--config,--control-plane-endpoint,--dry-run,--feature-gates,--image-repository,--kubernetes-version,--patches,--service-cidr	-
kubeadm init phase control-plane controller-manager	-	--cert-dir,--config,--controller-manager-extra-args,--dry-run,--image-repository,--kubernetes-version,--patches,--pod-network-cidr	-
kubeadm init phase control-plane scheduler	-	--cert-dir,--config,--dry-run,--image-repository,--kubernetes-version,--patches,--scheduler-extra-args	-
kubeadm init phase etcd	local	-	-
kubeadm init phase etcd local	-	--cert-dir,--config,--dry-run,--image-repository,--patches	-
kubeadm init phase kubeconfig	admin,all,controller-manager,kubelet,scheduler,super-admin	-	-
kubeadm init phase kubeconfig admin	-	--apiserver-advertise-address,--apiserver-bind-port,--cert-dir,--config,--control-plane-endpoint,--dry-run,--kubeconfig-dir,--kubernetes-version	-
kubeadm init phase kubeconfig all	-	--apiserver-advertise-address,--apiserver-bind-port,--cert-dir,--config,--control-plane-endpoint,--dry-run,--kubeconfig-dir,--kubernetes-version,--node-name	-
kubeadm init phase kubeconfig controller-manager	-	--apiserver-advertise-address,--apiserver-bind-port,--cert-dir,--config,--control-plane-endpoint,--dry-run,--kubeconfig-dir,--kubernetes-version	-
kubeadm init phase kubeconfig kubelet	-	--apiserver-advertise-address,--apiserver-bind-port,--cert-dir,--config,--control-plane-endpoint,--dry-run,--kubeconfig-dir,--kubernetes-version,--node-name	-
kubeadm init phase kubeconfig scheduler	-	--apiserver-advertise-address,--apiserver-bind-port,--cert-dir,--config,--control-plane-endpoint,--dry-run,--kubeconfig-dir,--kubernetes-version	-
kubeadm init phase kubeconfig super-admin	-	--apiserver-advertise-address,--apiserver-bind-port,--cert-dir,--config,--control-plane-endpoint,--dry-run,--kubeconfig-dir,--kubernetes-version	-
kubeadm init phase kubelet-finalize	all,enable-client-cert-rotation	-	-
kubeadm init phase kubelet-finalize all	-	--cert-dir,--config,--dry-run	-
kubeadm init phase kubelet-finalize enable-client-cert-rotation	-	--cert-dir,--config,--dry-run	-
kubeadm init phase kubelet-start	-	--config,--cri-socket,--dry-run,--image-repository,--node-name,--patches	-
kubeadm init phase mark-control-plane	-	--config,--dry-run,--node-name	-
kubeadm init phase preflight	-	--config,--cri-socket,--dry-run,--ignore-preflight-errors,--image-repository	-
kubeadm init phase show-join-command	-	-	-
kubeadm init phase upload-certs	-	--certificate-key,--config,--dry-run,--kubeconfig,--skip-certificate-key-print,--upload-certs	-
kubeadm init phase upload-config	all,kubeadm,kubelet	-	-
kubeadm init phase upload-config all	-	--config,--cri-socket,--dry-run,--kubeconfig	-
kubeadm init phase upload-config kubeadm	-	--config,--cri-socket,--dry-run,--kubeconfig	-
kubeadm init phase upload-config kubelet	-	--config,--cri-socket,--dry-run,--kubeconfig	-
kubeadm init phase uploadconfig	all,kubeadm,kubelet	-	-
kubeadm init phase uploadconfig all	-	--config,--cri-socket,--dry-run,--kubeconfig	-
kubeadm init phase uploadconfig kubeadm	-	--config,--cri-socket,--dry-run,--kubeconfig	-
kubeadm init phase uploadconfig kubelet	-	--config,--cri-socket,--dry-run,--kubeconfig	-
kubeadm init phase wait-control-plane	-	-	-
kubeadm join	phase	--apiserver-advertise-address,--apiserver-bind-port,--certificate-key,--config,--control-plane,--cri-socket,--discovery-file,--discovery-token,--discovery-token-ca-cert-hash,--discovery-token-unsafe-skip-ca-verification,--dry-run,--ignore-preflight-errors,--node-name,--patches,--skip-phases,--tls-bootstrap-token,--token	-
kubeadm join phase	control-plane-join,control-plane-prepare,etcd-join,kubelet-start,kubelet-wait-bootstrap,preflight,wait-control-plane	-	-
kubeadm join phase control-plane-join	all,mark-control-plane	-	-
kubeadm join phase control-plane-join all	-	--apiserver-advertise-address,--config,--control-plane,--dry-run,--node-name,--patches	-
kubeadm join phase control-plane-join mark-control-plane	-	--config,--control-plane,--dry-run,--node-name	-
kubeadm join phase control-plane-prepare	all,certs,control-plane,download-certs,kubeconfig	-	-
kubeadm join phase control-plane-prepare all	-	--apiserver-advertise-address,--apiserver-bind-port,--certificate-key,--config,--control-plane,--discovery-file,--discovery-token,--discovery-token-ca-cert-hash,--discovery-token-unsafe-skip-ca-verification,--dry-run,--node-name,--patches,--tls-bootstrap-token,--token	-
kubeadm join phase control-plane-prepare certs	-	--apiserver-advertise-address,--config,--control-plane,--discovery-file,--discovery-token,--discovery-token-ca-cert-hash,--discovery-token-unsafe-skip-ca-verification,--dry-run,--node-name,--tls-bootstrap-token,--token	-
kubeadm join phase control-plane-prepare control-plane	-	--apiserver-advertise-address,--apiserver-bind-port,--config,--control-plane,--dry-run,--patches	-
kubeadm join phase control-plane-prepare download-certs	-	--certificate-key,--config,--control-plane,--discovery-file,--discovery-token,--discovery-token-ca-cert-hash,--discovery-token-unsafe-skip-ca-verification,--dry-run,--tls-bootstrap-token,--token	-
kubeadm join phase control-plane-prepare kubeconfig	-	--certificate-key,--config,--control-plane,--discovery-file,--discovery-token,--discovery-token-ca-cert-hash,--discovery-token-unsafe-skip-ca-verification,--dry-run,--tls-bootstrap-token,--token	-
kubeadm join phase etcd-join	-	--apiserver-advertise-address,--config,--control-plane,--dry-run,--node-name,--patches	-
kubeadm join phase kubelet-start	-	--config,--cri-socket,--discovery-file,--discovery-token,--discovery-token-ca-cert-hash,--discovery-token-unsafe-skip-ca-verification,--dry-run,--node-name,--patches,--tls-bootstrap-token,--token	-
kubeadm join phase kubelet-wait-bootstrap	-	--config,--cri-socket,--dry-run	-
kubeadm join phase preflight	-	--apiserver-advertise-address,--apiserver-bind-port,--certificate-key,--config,--control-plane,--cri-socket,--discovery-file,--discovery-token,--discovery-token-ca-cert-hash,--discovery-token-unsafe-skip-ca-verification,--dry-run,--ignore-preflight-errors,--node-name,--tls-bootstrap-token,--token	-
kubeadm join phase wait-control-plane	-	-	-
kubeadm kubeconfig	user	-	-
kubeadm kubeconfig user	-	--client-name,--config,--org,--token,--validity-period	-
kubeadm reset	phase	--cert-dir,--cleanup-tmp-dir,--config,--cri-socket,--dry-run,--force,--ignore-preflight-errors,--kubeconfig,--skip-phases,-f	-
kubeadm reset phase	cleanup-node,cleanupnode,pre-flight,preflight,remove-etcd-member	-	-
kubeadm reset phase cleanup-node	-	--cert-dir,--cleanup-tmp-dir,--cri-socket,--dry-run	-
kubeadm reset phase cleanupnode	-	--cert-dir,--cleanup-tmp-dir,--cri-socket,--dry-run	-
kubeadm reset phase pre-flight	-	--dry-run,--force,--ignore-preflight-errors,-f	-
kubeadm reset phase preflight	-	--dry-run,--force,--ignore-preflight-errors,-f	-
kubeadm reset phase remove-etcd-member	-	--dry-run,--kubeconfig	-
kubeadm token	create,delete,generate,list	--dry-run,--kubeconfig	-
kubeadm token create	-	--certificate-key,--config,--description,--groups,--print-join-command,--ttl,--usages	-
kubeadm token delete	-	-	-
kubeadm token generate	-	-	-
kubeadm token list	-	--allow-missing-template-keys,--output,--show-managed-fields,-o	-
kubeadm upgrade	apply,diff,node,plan	-	-
kubeadm upgrade apply	phase	--allow-experimental-upgrades,--allow-release-candidate-upgrades,--certificate-renewal,--config,--dry-run,--etcd-upgrade,--force,--ignore-preflight-errors,--kubeconfig,--patches,--print-config,--skip-phases,--yes,-f,-y	-
kubeadm upgrade apply phase	addon,bootstrap-token,control-plane,kubelet-config,post-upgrade,preflight,upload-config,uploadconfig	-	-
kubeadm upgrade apply phase addon	all,coredns,kube-proxy	-	-
kubeadm upgrade apply phase addon all	-	--config,--dry-run,--kubeconfig,--patches	-
kubeadm upgrade apply phase addon coredns	-	--config,--dry-run,--kubeconfig,--patches	-
kubeadm upgrade apply phase addon kube-proxy	-	--config,--dry-run,--kubeconfig	-
kubeadm upgrade apply phase bootstrap-token	-	--config,--dry-run,--kubeconfig	-
kubeadm upgrade apply phase control-plane	-	--certificate-renewal,--config,--dry-run,--etcd-upgrade,--kubeconfig,--patches	-
kubeadm upgrade apply phase kubelet-config	-	--config,--dry-run,--kubeconfig,--patches	-
kubeadm upgrade apply phase post-upgrade	-	--config,--dry-run,--kubeconfig	-
kubeadm upgrade apply phase preflight	-	--allow-experimental-upgrades,--allow-release-candidate-upgrades,--config,--dry-run,--force,--ignore-preflight-errors,--kubeconfig,--yes,-f,-y	-
kubeadm upgrade apply phase upload-config	all,kubeadm,kubelet	-	-
kubeadm upgrade apply phase upload-config all	-	--config,--dry-run,--kubeconfig	-
kubeadm upgrade apply phase upload-config kubeadm	-	--config,--dry-run,--kubeconfig	-
kubeadm upgrade apply phase upload-config kubelet	-	--config,--dry-run,--kubeconfig	-
kubeadm upgrade apply phase uploadconfig	all,kubeadm,kubelet	-	-
kubeadm upgrade apply phase uploadconfig all	-	--config,--dry-run,--kubeconfig	-
kubeadm upgrade apply phase uploadconfig kubeadm	-	--config,--dry-run,--kubeconfig	-
kubeadm upgrade apply phase uploadconfig kubelet	-	--config,--dry-run,--kubeconfig	-
kubeadm upgrade diff	-	--config,--context-lines,--kubeconfig,-c	-
kubeadm upgrade node	phase	--certificate-renewal,--config,--dry-run,--etcd-upgrade,--ignore-preflight-errors,--kubeconfig,--patches,--skip-phases	-
kubeadm upgrade node phase	addon,control-plane,kubelet-config,post-upgrade,preflight	-	-
kubeadm upgrade node phase addon	all,coredns,kube-proxy	-	-
kubeadm upgrade node phase addon all	-	--config,--dry-run,--kubeconfig,--patches	-
kubeadm upgrade node phase addon coredns	-	--config,--dry-run,--kubeconfig,--patches	-
kubeadm upgrade node phase addon kube-proxy	-	--config,--dry-run,--kubeconfig	-
kubeadm upgrade node phase control-plane	-	--certificate-renewal,--config,--dry-run,--etcd-upgrade,--kubeconfig,--patches	-
kubeadm upgrade node phase kubelet-config	-	--config,--dry-run,--kubeconfig,--patches	-
kubeadm upgrade node phase post-upgrade	-	--config,--dry-run,--kubeconfig	-
kubeadm upgrade node phase preflight	-	--config,--ignore-preflight-errors	-
kubeadm upgrade plan	-	--allow-experimental-upgrades,--allow-missing-template-keys,--allow-release-candidate-upgrades,--config,--etcd-upgrade,--ignore-preflight-errors,--kubeconfig,--output,--print-config,--show-managed-fields,-o	-
kubeadm version	-	--output,-o	-
kubectl	alpha,annotate,api-resources,api-versions,apply,attach,auth,autoscale,certificate,cluster-info,completion,config,cordon,cp,create,debug,delete,describe,diff,drain,edit,events,exec,explain,expose,get,help,kuberc,kustomize,label,logs,options,patch,plugin,port-forward,proxy,replace,rollout,run,scale,set,taint,top,uncordon,version,wait	--as,--as-group,--as-uid,--as-user-extra,--cache-dir,--certificate-authority,--client-certificate,--client-key,--cluster,--context,--disable-compression,--insecure-skip-tls-verify,--kubeconfig,--kuberc,--log-flush-frequency,--match-server-version,--namespace,--password,--profile,--profile-output,--request-timeout,--server,--tls-server-name,--token,--user,--username,--v,--vmodule,--warnings-as-errors,-n,-s,-v	-
kubectl alpha	-	-	-
kubectl annotate	-	--all,--all-namespaces,--allow-missing-template-keys,--dry-run,--field-manager,--field-selector,--filename,--kustomize,--list,--local,--output,--overwrite,--record,--recursive,--resource-version,--selector,--show-managed-fields,--template,-A,-R,-f,-k,-l,-o	path
kubectl api-resources	-	--api-group,--cached,--categories,--namespaced,--no-headers,--output,--show-managed-fields,--sort-by,--verbs,-o	-
kubectl api-versions	-	-	-
kubectl apply	edit-last-applied,set-last-applied,view-last-applied	--all,--allow-missing-template-keys,--cascade,--dry-run,--field-manager,--filename,--force,--force-conflicts,--grace-period,--kustomize,--openapi-patch,--output,--overwrite,--prune,--prune-allowlist,--record,--recursive,--selector,--server-side,--show-managed-fields,--subresource,--template,--timeout,--validate,--wait,-R,-f,-k,-l,-o	-
kubectl apply edit-last-applied	-	--allow-missing-template-keys,--field-manager,--filename,--kustomize,--output,--record,--recursive,--show-managed-fields,--template,--validate,--windows-line-endings,-R,-f,-k,-o	path
kubectl apply set-last-applied	-	--allow-missing-template-keys,--create-annotation,--dry-run,--filename,--output,--show-managed-fields,--template,-f,-o	-
kubectl apply view-last-applied	-	--all,--filename,--kustomize,--output,--recursive,--selector,-R,-f,-k,-l,-o	path
kubectl attach	-	--container,--detach-keys,--pod-running-timeout,--quiet,--stdin,--tty,-c,-i,-q,-t	path
kubectl auth	can-i,reconcile,whoami	-	-
kubectl auth can-i	-	--all-namespaces,--list,--no-headers,--quiet,--subresource,-A,-q	-
kubectl auth reconcile	-	--allow-missing-template-keys,--dry-run,--filename,--kustomize,--output,--recursive,--remove-extra-permissions,--remove-extra-subjects,--show-managed-fields,--template,-R,-f,-k,-o	-
kubectl auth whoami	-	--allow-missing-template-keys,--output,--show-managed-fields,--template,-o	-
kubectl autoscale	-	--allow-missing-template-keys,--cpu,--cpu-percent,--dry-run,--field-manager,--filename,--kustomize,--max,--memory,--min,--name,--output,--record,--recursive,--save-config,--show-managed-fields,--template,-R,-f,-k,-o	-
kubectl certificate	approve,deny	-	-
kubectl certificate approve	-	--allow-missing-template-keys,--filename,--force,--kustomize,--output,--recursive,--show-managed-fields,--template,-R,-f,-k,-o	-
kubectl certificate deny	-	--allow-missing-template-keys,--filename,--force,--kustomize,--output,--recursive,--show-managed-fields,--template,-R,-f,-k,-o	-
kubectl cluster-info	dump	-	-
kubectl cluster-info dump	-	--all-namespaces,--allow-missing-template-keys,--namespaces,--output,--output-directory,--pod-running-timeout,--show-managed-fields,--template,-A,-o	-
kubectl completion	-	-	-
kubectl config	current-context,delete-cluster,delete-context,delete-user,get-clusters,get-contexts,get-users,rename-context,set,set-cluster,set-context,set-credentials,unset,use,use-context,view	--kubeconfig	-
kubectl config current-context	-	-	-
kubectl config delete-cluster	-	-	path
kubectl config delete-context	-	-	path
kubectl config delete-user	-	-	-
kubectl config get-clusters	-	-	-
kubectl config get-contexts	-	--no-headers,--output,-o	-
kubectl config get-users	-	-	-
kubectl config rename-context	-	-	path
kubectl config set	-	--set-raw-bytes	-
kubectl config set-cluster	-	--certificate-authority,--embed-certs,--insecure-skip-tls-verify,--proxy-url,--server,--tls-server-name	-
kubectl config set-context	-	--cluster,--current,--namespace,--user,-n	path
kubectl config set-credentials	-	--auth-provider,--auth-provider-arg,--client-certificate,--client-key,--embed-certs,--exec-api-version,--exec-arg,--exec-command,--exec-env,--exec-interactive-mode,--exec-provide-cluster-info,--password,--token,--username	-
kubectl config unset	-	-	-
kubectl config use	-	-	path
kubectl config use-context	-	-	path
kubectl config view	-	--allow-missing-template-keys,--flatten,--merge,--minify,--output,--raw,--show-managed-fields,--template,-o	-
kubectl cordon	-	--dry-run,--selector,-l	path
kubectl cp	-	--container,--no-preserve,--retries,-c	path
kubectl create	cj,clusterrole,clusterrolebinding,cm,configmap,cronjob,deploy,deployment,ing,ingress,job,namespace,ns,pc,pdb,poddisruptionbudget,priorityclass,quota,resourcequota,role,rolebinding,sa,secret,service,serviceaccount,svc,token	--allow-missing-template-keys,--dry-run,--edit,--field-manager,--filename,--kustomize,--output,--raw,--record,--recursive,--save-config,--selector,--show-managed-fields,--template,--validate,--windows-line-endings,-R,-f,-k,-l,-o	-
kubectl create cj	-	--allow-missing-template-keys,--dry-run,--field-manager,--image,--output,--restart,--save-config,--schedule,--show-managed-fields,--template,--validate,-o	-
kubectl create clusterrole	-	--aggregation-rule,--allow-missing-template-keys,--dry-run,--field-manager,--non-resource-url,--output,--resource,--resource-name,--save-config,--show-managed-fields,--template,--validate,--verb,-o	-
kubectl create clusterrolebinding	-	--allow-missing-template-keys,--clusterrole,--dry-run,--field-manager,--group,--output,--save-config,--serviceaccount,--show-managed-fields,--template,--user,--validate,-o	-
kubectl create cm	-	--allow-missing-template-keys,--append-hash,--dry-run,--field-manager,--from-env-file,--from-file,--from-literal,--output,--save-config,--show-managed-fields,--template,--validate,-o	-
kubectl create configmap	-	--allow-missing-template-keys,--append-hash,--dry-run,--field-manager,--from-env-file,--from-file,--from-literal,--output,--save-config,--show-managed-fields,--template,--validate,-o	-
kubectl create cronjob	-	--allow-missing-template-keys,--dry-run,--field-manager,--image,--output,--restart,--save-config,--schedule,--show-managed-fields,--template,--validate,-o	-
kubectl create deploy	-	--allow-missing-template-keys,--dry-run,--field-manager,--image,--output,--port,--replicas,--save-config,--show-managed-fields,--template,--validate,-o,-r	-
kubectl create deployment	-	--allow-missing-template-keys,--dry-run,--field-manager,--image,--output,--port,--replicas,--save-config,--show-managed-fields,--template,--validate,-o,-r	-
kubectl create ing	-	--allow-missing-template-keys,--annotation,--class,--default-backend,--dry-run,--field-manager,--output,--rule,--save-config,--show-managed-fields,--template,--validate,-o	-
kubectl create ingress	-	--allow-missing-template-keys,--annotation,--class,--default-backend,--dry-run,--field-manager,--output,--rule,--save-config,--show-managed-fields,--template,--validate,-o	-
kubectl create job	-	--allow-missing-template-keys,--dry-run,--field-manager,--from,--image,--output,--save-config,--show-managed-fields,--template,--validate,-o	-
kubectl create namespace	-	--allow-missing-template-keys,--dry-run,--field-manager,--output,--save-config,--show-managed-fields,--template,--validate,-o	-
kubectl create ns	-	--allow-missing-template-keys,--dry-run,--field-manager,--output,--save-config,--show-managed-fields,--template,--validate,-o	-
kubectl create pc	-	--allow-missing-template-keys,--description,--dry-run,--field-manager,--global-default,--output,--preemption-policy,--save-config,--show-managed-fields,--template,--validate,--value,-o	-
kubectl create pdb	-	--allow-missing-template-keys,--dry-run,--field-manager,--max-unavailable,--min-available,--output,--save-config,--selector,--show-managed-fields,--template,--validate,-o	-
kubectl create poddisruptionbudget	-	--allow-missing-template-keys,--dry-run,--field-manager,--max-unavailable,--min-available,--output,--save-config,--selector,--show-managed-fields,--template,--validate,-o	-
kubectl create priorityclass	-	--allow-missing-template-keys,--description,--dry-run,--field-manager,--global-default,--output,--preemption-policy,--save-config,--show-managed-fields,--template,--validate,--value,-o	-
kubectl create quota	-	--allow-missing-template-keys,--dry-run,--field-manager,--hard,--output,--save-config,--scopes,--show-managed-fields,--template,--validate,-o	-
kubectl create resourcequota	-	--allow-missing-template-keys,--dry-run,--field-manager,--hard,--output,--save-config,--scopes,--show-managed-fields,--template,--validate,-o	-
kubectl create role	-	--allow-missing-template-keys,--dry-run,--field-manager,--output,--resource,--resource-name,--save-config,--show-managed-fields,--template,--validate,--verb,-o	-
kubectl create rolebinding	-	--allow-missing-template-keys,--clusterrole,--dry-run,--field-manager,--group,--output,--role,--save-config,--serviceaccount,--show-managed-fields,--template,--user,--validate,-o	-
kubectl create sa	-	--allow-missing-template-keys,--dry-run,--field-manager,--output,--save-config,--show-managed-fields,--template,--validate,-o	-
kubectl create secret	docker-registry,generic,tls	-	-
kubectl create secret docker-registry	-	--allow-missing-template-keys,--append-hash,--docker-email,--docker-password,--docker-server,--docker-username,--dry-run,--field-manager,--from-file,--output,--save-config,--show-managed-fields,--template,--validate,-o	-
kubectl create secret generic	-	--allow-missing-template-keys,--append-hash,--dry-run,--field-manager,--from-env-file,--from-file,--from-literal,--output,--save-config,--show-managed-fields,--template,--type,--validate,-o	-
kubectl create secret tls	-	--allow-missing-template-keys,--append-hash,--cert,--dry-run,--field-manager,--key,--output,--save-config,--show-managed-fields,--template,--validate,-o	-
kubectl create service	clusterip,externalname,loadbalancer,nodeport	-	-
kubectl create service clusterip	-	--allow-missing-template-keys,--clusterip,--dry-run,--field-manager,--output,--save-config,--show-managed-fields,--tcp,--template,--validate,-o	-
kubectl create service externalname	-	--allow-missing-template-keys,--dry-run,--external-name,--field-manager,--output,--save-config,--show-managed-fields,--tcp,--template,--validate,-o	-
kubectl create service loadbalancer	-	--allow-missing-template-keys,--dry-run,--field-manager,--output,--save-config,--show-managed-fields,--tcp,--template,--validate,-o	-
kubectl create service nodeport	-	--allow-missing-template-keys,--dry-run,--field-manager,--node-port,--output,--save-config,--show-managed-fields,--tcp,--template,--validate,-o	-
kubectl create serviceaccount	-	--allow-missing-template-keys,--dry-run,--field-manager,--output,--save-config,--show-managed-fields,--template,--validate,-o	-
kubectl create svc	clusterip,externalname,loadbalancer,nodeport	-	-
kubectl create svc clusterip	-	--allow-missing-template-keys,--clusterip,--dry-run,--field-manager,--output,--save-config,--show-managed-fields,--tcp,--template,--validate,-o	-
kubectl create svc externalname	-	--allow-missing-template-keys,--dry-run,--external-name,--field-manager,--output,--save-config,--show-managed-fields,--tcp,--template,--validate,-o	-
kubectl create svc loadbalancer	-	--allow-missing-template-keys,--dry-run,--field-manager,--output,--save-config,--show-managed-fields,--tcp,--template,--validate,-o	-
kubectl create svc nodeport	-	--allow-missing-template-keys,--dry-run,--field-manager,--node-port,--output,--save-config,--show-managed-fields,--tcp,--template,--validate,-o	-
kubectl create token	-	--allow-missing-template-keys,--audience,--bound-object-kind,--bound-object-name,--bound-object-uid,--duration,--output,--show-managed-fields,--template,-o	-
kubectl debug	-	--arguments-only,--attach,--container,--copy-to,--custom,--env,--filename,--image,--image-pull-policy,--keep-annotations,--keep-init-containers,--keep-labels,--keep-liveness,--keep-readiness,--keep-startup,--profile,--quiet,--replace,--same-node,--set-image,--share-processes,--stdin,--target,--tty,-c,-f,-i,-q,-t	-
kubectl delete	-	--all,--all-namespaces,--cascade,--dry-run,--field-selector,--filename,--force,--grace-period,--ignore-not-found,--interactive,--kustomize,--now,--output,--raw,--recursive,--selector,--timeout,--wait,-A,-R,-f,-i,-k,-l,-o	path
kubectl describe	-	--all-namespaces,--chunk-size,--filename,--kustomize,--recursive,--selector,--show-events,-A,-R,-f,-k,-l	path
kubectl diff	-	--concurrency,--field-manager,--filename,--force-conflicts,--kustomize,--prune,--prune-allowlist,--recursive,--selector,--server-side,--show-managed-fields,--show-secrets,-R,-f,-k,-l	-
kubectl drain	-	--chunk-size,--delete-emptydir-data,--disable-eviction,--dry-run,--force,--grace-period,--ignore-daemonsets,--pod-selector,--selector,--skip-wait-for-delete-timeout,--timeout,-l	path
kubectl edit	-	--allow-missing-template-keys,--field-manager,--filename,--kustomize,--output,--output-patch,--record,--recursive,--save-config,--show-managed-fields,--subresource,--template,--validate,--windows-line-endings,-R,-f,-k,-o	path
kubectl events	-	--all-namespaces,--allow-missing-template-keys,--chunk-size,--for,--no-headers,--output,--show-managed-fields,--template,--types,--watch,-A,-o,-w	-
kubectl exec	-	--container,--filename,--pod-running-timeout,--quiet,--stdin,--tty,-c,-f,-i,-q,-t	path
kubectl explain	-	--api-version,--output,--recursive,-R,-o	path
kubectl expose	-	--allow-missing-template-keys,--cluster-ip,--dry-run,--external-ip,--field-manager,--filename,--kustomize,--labels,--load-balancer-ip,--name,--output,--override-type,--overrides,--port,--protocol,--record,--recursive,--save-config,--selector,--session-affinity,--show-managed-fields,--target-port,--template,--type,-R,-f,-k,-l,-o	-
kubectl get	-	--all-namespaces,--allow-missing-template-keys,--chunk-size,--field-selector,--filename,--ignore-not-found,--kustomize,--label-columns,--no-headers,--output,--output-watch-events,--raw,--recursive,--selector,--server-print,--show-kind,--show-labels,--show-managed-fields,--sort-by,--subresource,--template,--watch,--watch-only,-A,-L,-R,-f,-k,-l,-o,-w	path
kubectl help	-	-	-
kubectl kuberc	set,view	-	-
kubectl kuberc set	-	--allowlist-entry,--appendarg,--command,--kuberc,--name,--option,--overwrite,--policy,--prependarg,--section	-
kubectl kuberc view	-	--allow-missing-template-keys,--kuberc,--output,--show-managed-fields,--template,-o	-
kubectl kustomize	-	--as-current-user,--enable-alpha-plugins,--enable-helm,--enable-managedby-label,--env,--helm-api-versions,--helm-command,--helm-debug,--helm-kube-version,--load-restrictor,--mount,--network,--network-name,--output,--reorder,-e,-o	path
kubectl label	-	--all,--all-namespaces,--allow-missing-template-keys,--dry-run,--field-manager,--field-selector,--filename,--kustomize,--list,--local,--output,--overwrite,--record,--recursive,--resource-version,--selector,--show-managed-fields,--template,-A,-R,-f,-k,-l,-o	path
kubectl logs	-	--all-containers,--all-pods,--container,--follow,--ignore-errors,--insecure-skip-tls-verify-backend,--limit-bytes,--max-log-requests,--pod-running-timeout,--prefix,--previous,--selector,--since,--since-time,--tail,--timestamps,-c,-f,-l,-p	path
kubectl options	-	-	-
kubectl patch	-	--allow-missing-template-keys,--dry-run,--field-manager,--filename,--kustomize,--local,--output,--patch,--patch-file,--record,--recursive,--show-managed-fields,--subresource,--template,--type,-R,-f,-k,-o,-p	path
kubectl plugin	list	-	-
kubectl plugin list	-	--name-only	-
kubectl port-forward	-	--address,--pod-running-timeout	path
kubectl proxy	-	--accept-hosts,--accept-paths,--address,--api-prefix,--append-server-path,--disable-filter,--keepalive,--port,--reject-methods,--reject-paths,--unix-socket,--www,--www-prefix,-P,-p,-u,-w	-
kubectl replace	-	--allow-missing-template-keys,--cascade,--dry-run,--field-manager,--filename,--force,--grace-period,--kustomize,--output,--raw,--recursive,--save-config,--show-managed-fields,--subresource,--template,--timeout,--validate,--wait,-R,-f,-k,-o	-
kubectl rollout	history,pause,restart,resume,status,undo	-	-
kubectl rollout history	-	--allow-missing-template-keys,--filename,--kustomize,--output,--recursive,--revision,--selector,--show-managed-fields,--template,-R,-f,-k,-l,-o	path
kubectl rollout pause	-	--allow-missing-template-keys,--field-manager,--filename,--kustomize,--output,--recursive,--selector,--show-managed-fields,--template,-R,-f,-k,-l,-o	path
kubectl rollout restart	-	--allow-missing-template-keys,--field-manager,--filename,--kustomize,--output,--recursive,--selector,--show-managed-fields,--template,-R,-f,-k,-l,-o	path
kubectl rollout resume	-	--allow-missing-template-keys,--field-manager,--filename,--kustomize,--output,--recursive,--selector,--show-managed-fields,--template,-R,-f,-k,-l,-o	path
kubectl rollout status	-	--filename,--kustomize,--recursive,--revision,--selector,--timeout,--watch,-R,-f,-k,-l,-w	path
kubectl rollout undo	-	--allow-missing-template-keys,--dry-run,--filename,--kustomize,--output,--recursive,--selector,--show-managed-fields,--template,--to-revision,-R,-f,-k,-l,-o	path
kubectl run	-	--allow-missing-template-keys,--annotations,--attach,--cascade,--command,--detach-keys,--dry-run,--env,--expose,--field-manager,--filename,--force,--grace-period,--image,--image-pull-policy,--kustomize,--labels,--leave-stdin-open,--output,--override-type,--overrides,--pod-running-timeout,--port,--privileged,--quiet,--record,--recursive,--restart,--rm,--save-config,--show-managed-fields,--stdin,--template,--timeout,--tty,--wait,-R,-f,-i,-k,-l,-o,-q,-t	-
kubectl scale	-	--all,--allow-missing-template-keys,--current-replicas,--dry-run,--filename,--kustomize,--output,--record,--recursive,--replicas,--resource-version,--selector,--show-managed-fields,--template,--timeout,-R,-f,-k,-l,-o	-
kubectl set	env,image,resources,sa,selector,serviceaccount,subject	-	-
kubectl set env	-	--all,--allow-missing-template-keys,--containers,--dry-run,--env,--field-manager,--filename,--from,--keys,--kustomize,--list,--local,--output,--overwrite,--prefix,--recursive,--resolve,--selector,--show-managed-fields,--template,-R,-c,-e,-f,-k,-l,-o	path
kubectl set image	-	--all,--allow-missing-template-keys,--dry-run,--field-manager,--filename,--kustomize,--local,--output,--record,--recursive,--selector,--show-managed-fields,--template,-R,-f,-k,-l,-o	-
kubectl set resources	-	--all,--allow-missing-template-keys,--containers,--dry-run,--field-manager,--filename,--kustomize,--limits,--local,--output,--record,--recursive,--requests,--selector,--show-managed-fields,--template,-R,-c,-f,-k,-l,-o	path
kubectl set sa	-	--all,--allow-missing-template-keys,--dry-run,--field-manager,--filename,--kustomize,--local,--output,--record,--recursive,--show-managed-fields,--template,-R,-f,-k,-o	path
kubectl set selector	-	--all,--allow-missing-template-keys,--dry-run,--field-manager,--filename,--local,--output,--record,--recursive,--resource-version,--show-managed-fields,--template,-R,-f,-o	-
kubectl set serviceaccount	-	--all,--allow-missing-template-keys,--dry-run,--field-manager,--filename,--kustomize,--local,--output,--record,--recursive,--show-managed-fields,--template,-R,-f,-k,-o	path
kubectl set subject	-	--all,--allow-missing-template-keys,--dry-run,--field-manager,--filename,--group,--kustomize,--local,--output,--recursive,--selector,--serviceaccount,--show-managed-fields,--template,--user,-R,-f,-k,-l,-o	-
kubectl taint	-	--all,--allow-missing-template-keys,--dry-run,--field-manager,--output,--overwrite,--selector,--show-managed-fields,--template,--validate,-l,-o	-
kubectl top	no,node,nodes,po,pod,pods	-	-
kubectl top no	-	--no-headers,--selector,--show-capacity,--show-swap,--sort-by,--use-protocol-buffers,-l	path
kubectl top node	-	--no-headers,--selector,--show-capacity,--show-swap,--sort-by,--use-protocol-buffers,-l	path
kubectl top nodes	-	--no-headers,--selector,--show-capacity,--show-swap,--sort-by,--use-protocol-buffers,-l	path
kubectl top po	-	--all-namespaces,--containers,--field-selector,--no-headers,--selector,--show-swap,--sort-by,--sum,--use-protocol-buffers,-A,-l	path
kubectl top pod	-	--all-namespaces,--containers,--field-selector,--no-headers,--selector,--show-swap,--sort-by,--sum,--use-protocol-buffers,-A,-l	path
kubectl top pods	-	--all-namespaces,--containers,--field-selector,--no-headers,--selector,--show-swap,--sort-by,--sum,--use-protocol-buffers,-A,-l	path
kubectl uncordon	-	--dry-run,--selector,-l	path
kubectl version	-	--client,--output,-o	-
kubectl wait	-	--all,--all-namespaces,--allow-missing-template-keys,--field-selector,--filename,--for,--local,--output,--recursive,--selector,--show-managed-fields,--template,--timeout,-A,-R,-f,-l,-o	-
kubeseal	-	--add_dir_header,--allow-empty-data,--alsologtostderr,--as,--as-group,--as-uid,--cert,--certificate-authority,--client-certificate,--client-key,--cluster,--context,--controller-name,--controller-namespace,--disable-compression,--fetch-cert,--format,--from-file,--help,--insecure-skip-tls-verify,--kubeconfig,--log_backtrace_at,--log_dir,--log_file,--log_file_max_size,--logtostderr,--merge-into,--name,--namespace,--one_output,--password,--proxy-url,--raw,--re-encrypt,--recovery-private-key,--recovery-unseal,--request-timeout,--scope,--sealed-secret-file,--secret-file,--server,--skip_headers,--skip_log_headers,--stderrthreshold,--tls-server-name,--token,--user,--username,--v,--validate,--version,--vmodule,-f,-n,-o,-v,-w	-
last	-	--dns,--file,--fullnames,--fulltimes,--help,--hostlast,--ip,--limit,--nohostname,--present,--since,--system,--time-format,--until,--version,-F,-R,-V,-a,-d,-f,-h,-i,-n,-p,-s,-t,-w,-x	path
lastb	-	-	path
lastlog	-	--before,--clear,--help,--root,--set,--time,--user,-C,-R,-S,-b,-h,-t,-u	-
lazygit	-	--config,--debug,--filter,--git-dir,--help,--logs,--path,--print-config-dir,--use-config-dir,--use-config-file,--version,--work-tree,-c,-d,-f,-g,-h,-l,-p,-v,-w	-
lf	-	--command,--config,--cpuprofile,--doc,--last-dir-path,--memprofile,--remote,--selection-path,--server,--single,--version	path
light	-	-A,-G,-I,-L,-N,-O,-P,-S,-T,-U,-V,-r,-s,-v	-
lightdm	-	--cache-dir,--config,--debug,--help,--log-dir,--pid-file,--run-dir,--show-config,--test-mode,--version,-c,-d,-h,-v	-
link	-	--help,--version	path
ln	-	--backup,--directory,--force,--help,--interactive,--logical,--no-dereference,--no-target-directory,--physical,--relative,--suffix,--symbolic,--target-directory,--verbose,--version,-F,-L,-P,-S,-T,-b,-d,-f,-i,-n,-r,-s,-t,-v	path
lnav	-	-C,-H,-I,-R,-V,-a,-c,-d,-f,-h,-i,-n,-q,-r,-t,-u,-w	path
lncrawl	-	--add-source-url,--all,--bot,--chapters,--crawler,--filename,--filename-only,--first,--force,--format,--help,--ignore,--last,--list-sources,--login,--multi,--output,--page,--query,--range,--resume,--shard-count,--shard-id,--single,--source,--sources,--suppress,--version,--volumes,-f,-h,-i,-l,-o,-q,-s,-v,-x	-
locale	-	--all-locales,--category-name,--charmaps,--help,--keyword-name,--usage,--verbose,--version,-V,-a,-c,-k,-m,-v	path
localectl	list-keymaps,list-x11-keymap-layouts,list-x11-keymap-models,list-x11-keymap-options,list-x11-keymap-variants,set-keymap,set-locale,set-x11-keymap,status	--help,--host,--machine,--no-ask-password,--no-convert,--no-pager,--version,-H,-M,-h	-
localectl list-keymaps	-	-	-
localectl list-x11-keymap-layouts	-	-	-
localectl list-x11-keymap-models	-	-	-
localectl list-x11-keymap-options	-	-	-
localectl list-x11-keymap-variants	-	-	-
localectl set-keymap	-	-	path
localectl set-locale	-	-	path
localectl set-x11-keymap	-	-	path
localectl status	-	-	-
logname	-	--help,--version	-
ls	-	--all,--almost-all,--author,--block-size,--classify,--color,--context,--dereference,--dereference-command-line,--dereference-command-line-symlink-to-dir,--directory,--dired,--escape,--file-type,--format,--full-time,--group-directories-first,--help,--hide,--hide-control-chars,--human-readable,--hyperlink,--ignore,--ignore-backups,--indicator-style,--inode,--kibibytes,--literal,--no-group,--numeric-uid-gid,--quote-name,--quoting-style,--recursive,--reverse,--show-control-chars,--si,--size,--sort,--tabsize,--time,--time-style,--version,--width,-1,-A,-B,-C,-D,-F,-G,-H,-I,-L,-N,-Q,-R,-S,-T,-U,-X,-Z,-a,-b,-c,-d,-f,-g,-h,-i,-k,-l,-m,-n,-o,-q,-r,-s,-t,-u,-v,-w,-x	path
lsb_release	-	--all,--codename,--description,--help,--id,--release,--short,--version,-a,-c,-d,-h,-i,-r,-s,-v	-
lsblk	-	--all,--ascii,--bytes,--ct,--ct-filter,--dedup,--discard,--exclude,--filter,--fs,--help,--highlight,--hyperlink,--include,--inverse,--json,--list,--list-columns,--merge,--nodeps,--noempty,--noheadings,--nvme,--output,--output-all,--pairs,--paths,--perms,--properties-by,--raw,--scsi,--shell,--sort,--sysroot,--topology,--tree,--version,--virtio,--width,--zoned,-A,-D,-E,-H,-I,-J,-M,-N,-O,-P,-Q,-S,-T,-V,-a,-b,-d,-e,-f,-h,-i,-l,-m,-n,-o,-p,-r,-s,-t,-v,-w,-x,-y,-z	-
lsclocks	-	--cpu-clock,--dynamic-clock,--help,--json,--no-discover-dynamic,--noheadings,--output,--output-all,--raw,--time,--version,-J,-V,-c,-d,-h,-n,-o,-r,-t	-
lscpu	-	--all,--bytes,--caches,--extended,--help,--hex,--hierarchic,--json,--offline,--online,--output-all,--parse,--physical,--raw,--sysroot,--version,-B,-C,-J,-V,-a,-b,-c,-e,-h,-p,-r,-s,-x,-y	-
lsfd	-	--counter,--debug-filter,--dump-counters,--filter,--help,--hyperlink,--inet,--json,--list-columns,--noheadings,--notruncate,--output,--pid,--raw,--summary,--threads,--version,-C,-H,-J,-Q,-V,-h,-i,-l,-n,-o,-p,-r,-u	-
lsirq	-	--cpu-list,--help,--json,--noheadings,--output,--pairs,--softirq,--sort,--threshold,--version,-C,-J,-P,-S,-V,-h,-n,-o,-s,-t	-
lslocks	-	--bytes,--help,--json,--list-columns,--noheadings,--noinaccessible,--notruncate,--output,--output-all,--pid,--raw,--version,-H,-J,-V,-b,-h,-i,-n,-o,-p,-r,-u	-
lslogins	-	--acc-expiration,--btmp-file,--colon-separate,--context,--export,--failed,--groups,--help,--last,--lastlog,--logins,--newline,--noheadings,--notruncate,--output,--output-all,--print0,--pwd,--raw,--supp-groups,--system-accs,--time-format,--user-accs,--version,--wtmp-file,-G,-L,-V,-Z,-a,-c,-e,-f,-g,-h,-l,-n,-o,-p,-r,-s,-u,-z	-
lsmem	-	--all,--bytes,--help,--json,--noheadings,--output,--output-all,--pairs,--raw,--split,--summary,--sysroot,--version,-J,-P,-S,-V,-a,-b,-h,-n,-o,-r,-s	-
lsns	-	--filter,--help,--json,--list,--list-columns,--noheadings,--notruncate,--nowrap,--output,--output-all,--persistent,--raw,--task,--tree,--type,--version,-H,-J,-P,-Q,-T,-V,-W,-h,-l,-n,-o,-p,-r,-t,-u	-
lsusb	-	--help,--tree,--verbose,--version,-D,-V,-d,-h,-s,-t,-v	-
lua	-	-E,-W,-e,-i,-l,-v	path
lzcat	-	-	path
lzma	-	-	path
magick	-	-	-
make	-	--always-make,--assume-new,--assume-old,--check-symlink-times,--debug,--directory,--dry-run,--environment-overrides,--eval,--file,--help,--ignore-errors,--include-dir,--jobs,--just-print,--keep-going,--load-average,--makefile,--max-load,--new-file,--no-builtin-rules,--no-builtin-variables,--no-keep-going,--no-print-directory,--no-silent,--old-file,--output-sync,--print-data-base,--print-directory,--question,--quiet,--recon,--silent,--stop,--touch,--trace,--version,--warn-undefined-variables,--what-if,-B,-C,-E,-I,-L,-O,-R,-S,-W,-d,-e,-f,-h,-i,-j,-k,-l,-n,-o,-p,-q,-r,-s,-t,-v,-w	path
makepkg	-	--allsource,--asdeps,--check,--clean,--cleanbuild,--config,--dir,--force,--geninteg,--help,--holdver,--ignorearch,--install,--key,--log,--needed,--noarchive,--nobuild,--nocheck,--nocolor,--noconfirm,--nodeps,--noextract,--noprepare,--noprogressbar,--nosign,--packagelist,--printsrcinfo,--repackage,--rmdeps,--sign,--skipchecksums,--skipinteg,--skippgpcheck,--source,--syncdeps,--verifysource,--version,-A,-C,-D,-L,-R,-S,-V,-c,-d,-e,-f,-g,-h,-i,-m,-o,-p,-r,-s	-
man	-	--all,--apropos,--ascii,--catman,--config-file,--debug,--default,--ditroff,--encoding,--extension,--global-apropos,--gxditview,--help,--html,--ignore-case,--local-file,--locale,--location,--location-cat,--manpath,--match-case,--names-only,--nh,--nj,--no-hyphenation,--no-justification,--no-subpages,--pager,--path,--preprocessor,--prompt,--recode,--regex,--sections,--systems,--troff,--troff-device,--update,--usage,--version,--warnings,--whatis,--where,--where-cat,--wildcard,-7,-C,-D,-E,-H,-I,-K,-L,-M,-P,-R,-S,-T,-V,-W,-X,-Z,-a,-c,-d,-e,-f,-i,-k,-l,-m,-p,-r,-s,-t,-u,-w	path
marp	-	--allow-local-files,--author,--config,--config-file,--description,--engine,--help,--html,--image,--image-scale,--images,--input-dir,--jpeg-quality,--keywords,--no-config,--no-config-file,--notes,--og-image,--output,--pdf,--pdf-notes,--pdf-outlines,--pptx,--preview,--server,--template,--theme,--theme-set,--title,--url,--version,--watch,-I,-c,-h,-o,-p,-s,-v,-w	path
maturin	build,develop,generate-ci,generate-stubs,help,init,list-python,new,publish,sdist,upload	--help,--verbose,--version,-V,-h,-v	-
maturin build	-	--all-features,--auditwheel,--bindings,--color,--compatibility,--compression-enable-large-file-support,--compression-level,--compression-method,--config,--features,--find-interpreter,--frozen,--future-incompat-report,--generate-stubs,--ignore-rust-version,--include-debuginfo,--interpreter,--jobs,--locked,--manifest-path,--no-default-features,--offline,--out,--pgo,--profile,--quiet,--release,--sbom-include,--sdist,--strip,--target,--target-dir,--timings,--verbose,--zig,-F,-Z,-b,-f,-i,-j,-m,-o,-q,-r,-v	-
maturin develop	-	--all-features,--bindings,--color,--compression-enable-large-file-support,--compression-level,--compression-method,--config,--extras,--features,--frozen,--future-incompat-report,--generate-stubs,--group,--ignore-rust-version,--jobs,--locked,--manifest-path,--no-default-features,--offline,--pip-path,--profile,--quiet,--release,--skip-install,--strip,--target,--target-dir,--timings,--uv,--verbose,-E,-F,-G,-Z,-b,-j,-m,-q,-r,-v	-
maturin generate-ci	-	--manifest-path,--output,--platform,--pytest,--skip-attestation,--verbose,--zig,-m,-o,-v	-
maturin generate-stubs	-	--all-features,--bindings,--color,--config,--features,--find-interpreter,--frozen,--future-incompat-report,--ignore-rust-version,--interpreter,--jobs,--locked,--manifest-path,--no-default-features,--offline,--out,--profile,--quiet,--target,--target-dir,--timings,--verbose,-F,-Z,-b,-f,-i,-j,-m,-o,-q,-v	-
maturin help	-	-	-
maturin init	-	--bindings,--mixed,--name,--src,--verbose,-b,-v	path
maturin list-python	-	--target,--verbose,-v	-
maturin new	-	--bindings,--mixed,--name,--src,--verbose,-b,-v	path
maturin publish	-	--all-features,--auditwheel,--bindings,--color,--compatibility,--compression-enable-large-file-support,--compression-level,--compression-method,--config,--debug,--features,--find-interpreter,--frozen,--future-incompat-report,--generate-stubs,--ignore-rust-version,--include-debuginfo,--interpreter,--jobs,--locked,--manifest-path,--no-default-features,--no-sdist,--no-strip,--non-interactive,--offline,--out,--password,--pgo,--profile,--quiet,--repository,--repository-url,--sbom-include,--skip-existing,--target,--target-dir,--timings,--username,--verbose,--zig,-F,-Z,-b,-f,-i,-j,-m,-o,-p,-q,-r,-u,-v	-
maturin sdist	-	--manifest-path,--out,--verbose,-m,-o,-v	-
maturin upload	-	--non-interactive,--password,--repository,--repository-url,--skip-existing,--username,--verbose,-p,-r,-u,-v	path
mcomix	-	--double-page,--fullscreen,--help,--library,--manga,--slideshow,--version,--zoom-best,--zoom-height,--zoom-width,-W,-b,-d,-f,-h,-l,-m,-s,-v,-w	path
md5sum	-	--binary,--check,--help,--ignore-missing,--quiet,--status,--strict,--tag,--text,--version,--warn,--zero,-b,-c,-t,-w,-z	path
mdbook	build,clean,completions,help,init,serve,test,watch	--help,--version,-V,-h	-
mdbook build	-	--dest-dir,--help,--open,--version,-V,-d,-h,-o	path
mdbook clean	-	--dest-dir,--help,--version,-V,-d,-h	path
mdbook completions	-	--help,--version,-V,-h	-
mdbook help	build,clean,completions,help,init,serve,test,watch	-	-
mdbook help build	-	-	-
mdbook help clean	-	-	-
mdbook help completions	-	-	-
mdbook help help	-	-	-
mdbook help init	-	-	-
mdbook help serve	-	-	-
mdbook help test	-	-	-
mdbook help watch	-	-	-
mdbook init	-	--force,--help,--ignore,--theme,--title,--version,-V,-h	path
mdbook serve	-	--dest-dir,--help,--hostname,--open,--port,--version,--watcher,-V,-d,-h,-n,-o,-p	path
mdbook test	-	--chapter,--help,--library-path,--version,-L,-V,-c,-h	path
mdbook watch	-	--dest-dir,--help,--open,--version,--watcher,-V,-d,-h,-o	path
meld	-	--auto-compare,--auto-merge,--comparison-file,--diff,--help,--label,--newtab,--output,--unified,--version,-a,-h,-l,-n,-o,-u	path
melt	completion,help,restore	--help,--language,-h,-l	path
melt completion	bash,fish,powershell,zsh	-	-
melt completion bash	-	--no-descriptions	-
melt completion fish	-	--no-descriptions	-
melt completion powershell	-	--no-descriptions	-
melt completion zsh	-	--no-descriptions	-
melt help	-	-	-
melt restore	-	--help,--seed,-h,-s	path
micro	-	-autoindent,-autosave,-autosu,-backup,-backupdir,-basename,-clean,-clipboard,-colorcolumn,-colorscheme,-config-dir,-cursorline,-debug,-diffgutter,-divchars,-divreverse,-encoding,-eofnewline,-fastdirty,-fileformat,-filetype,-ignorecase,-incsearch,-indentchar,-infobar,-keepautoindent,-keymenu,-matchbrace,-mkparents,-mouse,-options,-parsecursor,-paste,-permbackup,-plugin,-pluginchannels,-pluginrepos,-readonly,-relativeruler,-rmtrailingws,-ruler,-savecursor,-savehistory,-saveundo,-scrollbar,-scrollmargin,-scrollspeed,-smartpaste,-softwrap,-splitbottom,-splitright,-statusformatl,-statusformatr,-statusline,-sucmd,-syntax,-tabmovement,-tabsize,-tabstospaces,-useprimary,-version,-wordwrap,-xterm	path
minikube	addons,cache,completion,config,cp,dashboard,delete,docker-env,help,image,ip,kubectl,license,logs,mount,node,options,pause,podman-env,profile,service,ssh,ssh-host,ssh-key,start,status,stop,tunnel,unpause,update-check,update-context,version	--add_dir_header,--alsologtostderr,--bootstrapper,--help,--log_backtrace_at,--log_dir,--log_file,--log_file_max_size,--logtostderr,--one_output,--profile,--rootless,--skip-audit,--skip_headers,--skip_log_headers,--stderrthreshold,--user,--v,--vmodule,-b,-h,-p,-v	-
minikube addons	configure,disable,enable,images,list,open	-	-
minikube addons configure	-	--config-file,-f	path
minikube addons disable	-	-	path
minikube addons enable	-	--force,--images,--refresh,--registries	path
minikube addons images	-	--output,-o	path
minikube addons list	-	--docs,--output,-d,-o	-
minikube addons open	-	--format,--https,--interval,--url,--wait	path
minikube cache	add,delete,list,reload	-	-
minikube cache add	-	--all	path
minikube cache delete	-	-	path
minikube cache list	-	--format	-
minikube cache reload	-	-	-
minikube completion	bash,fish,powershell,zsh	-	-
minikube completion bash	-	-	-
minikube completion fish	-	-	-
minikube completion powershell	-	-	-
minikube completion zsh	-	-	-
minikube config	defaults,get,set,unset,view	-	-
minikube config defaults	-	--output,-o	-
minikube config get	-	-	-
minikube config set	-	-	-
minikube config unset	-	-	-
minikube config view	-	--format	-
minikube cp	-	-	path
minikube dashboard	-	--port,--url	-
minikube delete	-	--all,--output,--purge,-o	-
minikube docker-env	-	--no-proxy,--output,--shell,--ssh-add,--ssh-host,--unset,-o,-u	-
minikube help	-	-	-
minikube image	build,list,load,ls,pull,push,remove,rm,save,tag,unload	-	-
minikube image build	-	--all,--build-env,--build-opt,--file,--node,--push,--tag,-f,-n,-t	path
minikube image list	-	--format	-
minikube image load	-	--daemon,--overwrite,--pull,--remote	path
minikube image ls	-	--format	-
minikube image pull	-	-	-
minikube image push	-	-	-
minikube image remove	-	-	path
minikube image rm	-	-	path
minikube image save	-	--daemon,--remote	-
minikube image tag	-	-	-
minikube image unload	-	-	path
minikube ip	-	--node,-n	-
minikube kubectl	-	--ssh	-
minikube license	-	--dir,-d	-
minikube logs	-	--audit,--file,--follow,--last-start-only,--length,--node,--problems,-f,-n	-
minikube mount	-	--9p-version,--gid,--ip,--kill,--msize,--options,--port,--type,--uid	path
minikube node	add,delete,list,start,stop	-	-
minikube node add	-	--control-plane,--delete-on-failure,--worker	-
minikube node delete	-	-	-
minikube node list	-	-	-
minikube node start	-	--delete-on-failure	-
minikube node stop	-	-	-
minikube options	-	-	-
minikube pause	-	--all-namespaces,--namespaces,--output,-A,-n,-o	-
minikube podman-env	-	--shell,--unset,-u	-
minikube profile	list	-	-
minikube profile list	-	--detailed,--light,--output,-d,-l,-o	-
minikube service	list	--all,--format,--https,--interval,--namespace,--url,--wait,-n	-
minikube service list	-	--namespace,--output,-n,-o	-
minikube ssh	-	--native-ssh,--node,-n	-
minikube ssh-host	-	--append-known,--node,-n	-
minikube ssh-key	-	--node,-n	-
minikube start	-	--addons,--apiserver-ips,--apiserver-name,--apiserver-names,--apiserver-port,--auto-pause-interval,--auto-update-drivers,--base-image,--binary-mirror,--cache-images,--cert-expiration,--cni,--container-runtime,--cpus,--cri-socket,--delete-on-failure,--disable-coredns-log,--disable-driver-mounts,--disable-metrics,--disable-optimizations,--disk-size,--dns-domain,--dns-proxy,--docker-env,--docker-opt,--download-only,--driver,--dry-run,--embed-certs,--enable-default-cni,--extra-config,--extra-disks,--feature-gates,--force,--force-systemd,--gpus,--ha,--host-dns-resolver,--host-only-cidr,--host-only-nic-type,--hyperkit-vpnkit-sock,--hyperkit-vsock-ports,--hyperv-external-adapter,--hyperv-use-external-switch,--hyperv-virtual-switch,--image-mirror-country,--image-repository,--insecure-registry,--install-addons,--interactive,--iso-url,--keep-context,--kubernetes-version,--kvm-gpu,--kvm-hidden,--kvm-network,--kvm-numa-count,--kvm-qemu-uri,--listen-address,--memory,--mount,--mount-9p-version,--mount-gid,--mount-ip,--mount-msize,--mount-options,--mount-port,--mount-string,--mount-type,--mount-uid,--namespace,--nat-nic-type,--native-ssh,--network,--network-plugin,--nfs-share,--nfs-shares-root,--no-kubernetes,--no-vtx-check,--nodes,--output,--ports,--preload,--preload-source,--qemu-firmware-path,--registry-mirror,--rosetta,--service-cluster-ip-range,--socket-vmnet-client-path,--socket-vmnet-path,--ssh-ip-address,--ssh-key,--ssh-port,--ssh-user,--static-ip,--subnet,--trace,--uuid,--vm,--vm-driver,--wait,--wait-timeout,-c,-d,-g,-m,-n,-o	-
minikube status	-	--format,--layout,--node,--output,--watch,-f,-l,-n,-o,-w	-
minikube stop	-	--all,--cancel-scheduled,--keep-context-active,--output,--schedule,-o	-
minikube tunnel	-	--bind-address,--cleanup,-c	-
minikube unpause	-	--all-namespaces,--namespaces,--output,-A,-n,-o	-
minikube update-check	-	-	-
minikube update-context	-	-	-
minikube version	-	--components,--output,--short,-o	-
mitmproxy	-	--allow-hosts,--anticache,--anticomp,--cert-passphrase,--certs,--client-replay,--commands,--console-layout,--console-layout-headers,--help,--http2,--ignore-hosts,--intercept,--key-size,--listen-host,--listen-port,--map-local,--map-remote,--mode,--modify-body,--modify-headers,--no-anticache,--no-anticomp,--no-console-layout-headers,--no-http2,--no-rawtcp,--no-server,--no-server-replay-kill-extra,--no-server-replay-nopop,--no-server-replay-refresh,--no-showhost,--no-ssl-insecure,--options,--proxyauth,--quiet,--rawtcp,--rfile,--save-stream-file,--scripts,--server,--server-replay,--server-replay-kill-extra,--server-replay-nopop,--server-replay-refresh,--set,--showhost,--ssl-insecure,--stickyauth,--stickycookie,--tcp-hosts,--upstream-auth,--verbose,--version,--view-filter,-B,-C,-H,-M,-S,-h,-k,-m,-n,-p,-q,-r,-s,-v,-w	-
mix	help	--help,--version,-h,-v	path
mix help	-	-	path
mkcert	-	-CAROOT,-cert-file,-client,-csr,-ecdsa,-install,-key-file,-p12-file,-pkcs12,-uninstall	-
mkdir	-	--context,--help,--mode,--parents,--verbose,--version,-Z,-m,-p,-v	path
mkfifo	-	--context,--help,--mode,--version,-Z,-m	path
mkfs	-	--help,--type,--verbose,--version,-V,-h,-t	path
mknod	-	--context,--help,--mode,--version,-Z,-m	-
mkswap	-	--check,--force,--help,--label,--lock,--pagesize,--swapversion,--uuid,--verbose,--version,-L,-U,-V,-c,-f,-h,-p,-v	-
mktemp	-	--directory,--dry-run,--help,--quiet,--suffix,--tmpdir,--version,-d,-p,-q,-t,-u	-
modinfo	-	--author,--basedir,--description,--field,--filename,--help,--license,--null,--parameters,--set-version,--version,-0,-F,-V,-a,-b,-d,-h,-k,-l,-n,-p	path
modprobe	-	--all,--config,--dirname,--dry-run,--dump-modversions,--first-time,--force,--force-modversion,--force-vermagic,--help,--ignore-install,--ignore-remove,--quiet,--remove,--remove-dependencies,--resolve-alias,--set-version,--show,--show-config,--show-depends,--show-exports,--show-modversions,--showconfig,--syslog,--use-blacklist,--verbose,--version,-C,-D,-R,-S,-V,-a,-b,-c,-d,-f,-h,-i,-n,-q,-r,-s,-v	path
mogrify	-	-	-
molecule	check,cleanup,converge,create,dependency,destroy,drivers,idempotence,init,list,login,matrix,prepare,reset,side-effect,syntax,test,verify	--base-config,--debug,--env-file,--help,--no-debug,--verbose,-c,-e,-v	-
molecule check	-	--help,--no-parallel,--parallel,--scenario-name,-s	-
molecule cleanup	-	--help,--scenario-name,-s	-
molecule converge	-	--help,--scenario-name,-s	-
molecule create	-	--driver-name,--help,--scenario-name,-d,-s	-
molecule dependency	-	--help,--scenario-name,-s	-
molecule destroy	-	--all,--driver-name,--help,--no-all,--no-parallel,--parallel,--scenario-name,-d,-s	-
molecule drivers	-	--format,--help,-f	-
molecule idempotence	-	--help,--scenario-name,-s	-
molecule init	role,scenario	--help	-
molecule init role	-	--dependency-name,--driver-name,--help,--provisioner-name,--verifier-name,-d	-
molecule init scenario	-	--dependency-name,--driver-name,--help,--provisioner-name,--role-name,--verifier-name,-d,-r	-
molecule list	-	--format,--help,--scenario-name,-f,-s	-
molecule login	-	--help,--host,--scenario-name,-h,-s	-
molecule matrix	-	--help,--scenario-name,-s	-
molecule prepare	-	--driver-name,--force,--help,--no-force,--scenario-name,-d,-f,-s	-
molecule reset	-	--help,--scenario-name,-s	-
molecule side-effect	-	--help,--scenario-name,-s	-
molecule syntax	-	--help,--scenario-name,-s	-
molecule test	-	--all,--destroy,--driver-name,--help,--no-all,--no-parallel,--parallel,--platform-name,--scenario-name,-d,-p,-s	-
molecule verify	-	--help,--scenario-name,-s	-
montage	-	-	-
more	-	--clean-print,--exit-on-eof,--help,--lines,--logical,--no-pause,--plain,--print-over,--silent,--squeeze,--version,-V,-c,-d,-e,-f,-h,-l,-n,-p,-s,-u	path
mosh	-	--bind-server,--client,--experimental-remote-ip,--family,--help,--local,--no-init,--no-ssh-pty,--port,--predict,--server,--ssh,--version,-4,-6,-a,-n,-p	path
mount	-	--all,--bind,--fake,--fork,--fstab,--help,--internal-only,--label,--make-private,--make-rprivate,--make-rshared,--make-rslave,--make-runbindable,--make-shared,--make-slave,--make-unbindable,--move,--namespace,--no-canonicalize,--no-mtab,--options,--options-mode,--options-source,--options-source-force,--rbind,--read-only,--rw,--show-labels,--source,--target,--target-prefix,--test-opts,--types,--uuid,--verbose,--version,-B,-F,-L,-M,-N,-O,-R,-T,-U,-V,-a,-c,-f,-h,-i,-l,-n,-o,-r,-t,-v,-w	path
mousepad	-	--column,--disable-server,--display,--encoding,--help,--help-all,--help-gapplication,--help-gtk,--line,--list-encodings,--opening-mode,--preferences,--quit,--version,-c,-e,-h,-l,-o,-q,-v	path
mpv	-	--ab-loop-a,--ab-loop-b,--ab-loop-count,--access-references,--ad,--ad-lavc-ac3drc,--ad-lavc-downmix,--ad-lavc-o,--ad-lavc-o-add,--ad-lavc-o-append,--ad-lavc-o-clr,--ad-lavc-o-del,--ad-lavc-o-remove,--ad-lavc-o-set,--ad-lavc-threads,--ad-queue-enable,--ad-queue-max-bytes,--ad-queue-max-samples,--ad-queue-max-secs,--af,--af-add,--af-append,--af-clr,--af-help,--af-pre,--af-remove,--af-set,--af-toggle,--aid,--alang,--alang-add,--alang-append,--alang-clr,--alang-del,--alang-pre,--alang-remove,--alang-set,--alang-toggle,--allow-delayed-peak-detect,--alsa-buffer-time,--alsa-ignore-chmap,--alsa-mixer-device,--alsa-mixer-index,--alsa-mixer-name,--alsa-non-interleaved,--alsa-periods,--alsa-resample,--ao,--ao-add,--ao-append,--ao-clr,--ao-help,--ao-null-broken-delay,--ao-null-broken-eof,--ao-null-buffer,--ao-null-channel-layouts,--ao-null-format,--ao-null-latency,--ao-null-outburst,--ao-null-speed,--ao-null-untimed,--ao-pcm-append,--ao-pcm-file,--ao-pcm-waveheader,--ao-pre,--ao-remove,--ao-set,--ao-toggle,--archive-exts,--archive-exts-add,--archive-exts-append,--archive-exts-clr,--archive-exts-del,--archive-exts-pre,--archive-exts-remove,--archive-exts-set,--archive-exts-toggle,--audio,--audio-backward-batch,--audio-backward-overlap,--audio-buffer,--audio-channels,--audio-client-name,--audio-delay,--audio-demuxer,--audio-device,--audio-display,--audio-exclusive,--audio-exts,--audio-exts-add,--audio-exts-append,--audio-exts-clr,--audio-exts-del,--audio-exts-pre,--audio-exts-remove,--audio-exts-set,--audio-exts-toggle,--audio-fallback-to-null,--audio-file,--audio-file-auto,--audio-file-auto-exts,--audio-file-paths,--audio-file-paths-add,--audio-file-paths-append,--audio-file-paths-clr,--audio-file-paths-del,--audio-file-paths-pre,--audio-file-paths-remove,--audio-file-paths-set,--audio-file-paths-toggle,--audio-files,--audio-files-add,--audio-files-append,--audio-files-clr,--audio-files-del,--audio-files-pre,--audio-files-remove,--audio-files-set,--audio-files-toggle,--audio-format,--audio-normalize-downmix,--audio-pitch-correction,--audio-resample-cutoff,--audio-resample-filter-size,--audio-resample-linear,--audio-resample-max-output-size,--audio-resample-phase-shift,--audio-reversal-buffer,--audio-samplerate,--audio-set-media-role,--audio-spdif,--audio-stream-silence,--audio-swresample-o,--audio-swresample-o-add,--audio-swresample-o-append,--audio-swresample-o-clr,--audio-swresample-o-del,--audio-swresample-o-remove,--audio-swresample-o-set,--audio-wait-open,--auto-window-resize,--autocreate-playlist,--autofit,--autofit-larger,--autofit-smaller,--autoload-files,--autosync,--backdrop-type,--background,--background-blur-radius,--background-color,--background-tile-color-0,--background-tile-color-1,--background-tile-size,--blend-subtitles,--bluray-angle,--bluray-device,--border,--border-background,--brightness,--cache,--cache-on-disk,--cache-pause,--cache-pause-initial,--cache-pause-wait,--cache-secs,--cdda-cdtext,--cdda-device,--cdda-overlap,--cdda-paranoia,--cdda-sector-size,--cdda-skip,--cdda-speed,--cdda-toc-offset,--chapter-merge-threshold,--chapter-seek-threshold,--chapters-file,--clipboard-backends,--clipboard-backends-add,--clipboard-backends-append,--clipboard-backends-clr,--clipboard-backends-help,--clipboard-backends-pre,--clipboard-backends-remove,--clipboard-backends-set,--clipboard-backends-toggle,--clipboard-monitor,--clipboard-xwayland,--config,--config-dir,--container-fps-override,--contrast,--cookies,--cookies-file,--corner-rounding,--correct-downscaling,--correct-pts,--cover-art-auto,--cover-art-auto-exts,--cover-art-file,--cover-art-files,--cover-art-files-add,--cover-art-files-append,--cover-art-files-clr,--cover-art-files-del,--cover-art-files-pre,--cover-art-files-remove,--cover-art-files-set,--cover-art-files-toggle,--cover-art-whitelist,--cover-art-whitelist-add,--cover-art-whitelist-append,--cover-art-whitelist-clr,--cover-art-whitelist-del,--cover-art-whitelist-pre,--cover-art-whitelist-remove,--cover-art-whitelist-set,--cover-art-whitelist-toggle,--cscale,--cscale-antiring,--cscale-blur,--cscale-clamp,--cscale-param1,--cscale-param2,--cscale-radius,--cscale-taper,--cscale-window,--cscale-wparam,--cscale-wtaper,--cuda-decode-device,--cursor-autohide,--cursor-autohide-fs-only,--d3d11-adapter,--d3d11-composition-size,--d3d11-exclusive-fs,--d3d11-feature-level,--d3d11-flip,--d3d11-output-csp,--d3d11-output-format,--d3d11-output-mode,--d3d11-sync-interval,--d3d11-warp,--d3d11va-zero-copy,--deband,--deband-grain,--deband-iterations,--deband-range,--deband-threshold,--deinterlace,--deinterlace-field-parity,--demuxer,--demuxer-backward-playback-step,--demuxer-cache-dir,--demuxer-cache-unlink-files,--demuxer-cache-wait,--demuxer-donate-buffer,--demuxer-hysteresis-secs,--demuxer-lavf-allow-mimetype,--demuxer-lavf-analyzeduration,--demuxer-lavf-buffersize,--demuxer-lavf-format,--demuxer-lavf-hacks,--demuxer-lavf-linearize-timestamps,--demuxer-lavf-o,--demuxer-lavf-o-add,--demuxer-lavf-o-append,--demuxer-lavf-o-clr,--demuxer-lavf-o-del,--demuxer-lavf-o-remove,--demuxer-lavf-o-set,--demuxer-lavf-probe-info,--demuxer-lavf-probescore,--demuxer-lavf-probesize,--demuxer-lavf-propagate-opts,--demuxer-max-back-bytes,--demuxer-max-bytes,--demuxer-mkv-crop-compat,--demuxer-mkv-probe-start-time,--demuxer-mkv-probe-video-duration,--demuxer-mkv-subtitle-preroll,--demuxer-mkv-subtitle-preroll-secs,--demuxer-mkv-subtitle-preroll-secs-index,--demuxer-rawaudio-channels,--demuxer-rawaudio-format,--demuxer-rawaudio-rate,--demuxer-rawvideo-codec,--demuxer-rawvideo-format,--demuxer-rawvideo-fps,--demuxer-rawvideo-h,--demuxer-rawvideo-mp-format,--demuxer-rawvideo-size,--demuxer-rawvideo-w,--demuxer-readahead-secs,--demuxer-seekable-cache,--demuxer-termination-timeout,--demuxer-thread,--directory-filter-types,--directory-filter-types-add,--directory-filter-types-append,--directory-filter-types-clr,--directory-filter-types-del,--directory-filter-types-pre,--directory-filter-types-remove,--directory-filter-types-set,--directory-filter-types-toggle,--directory-mode,--display-fps-override,--display-tags,--display-tags-add,--display-tags-append,--display-tags-clr,--display-tags-del,--display-tags-pre,--display-tags-remove,--display-tags-set,--display-tags-toggle,--dither,--dither-depth,--dither-size-fruit,--drag-and-drop,--drm-connector,--drm-device,--drm-draw-plane,--drm-draw-surface-size,--drm-drmprime-video-plane,--drm-format,--drm-mode,--drm-vrr-enabled,--dscale,--dscale-antiring,--dscale-blur,--dscale-clamp,--dscale-param1,--dscale-param2,--dscale-radius,--dscale-taper,--dscale-window,--dscale-wparam,--dscale-wtaper,--dump-stats,--dvbin-card,--dvbin-channel-switch-offset,--dvbin-file,--dvbin-full-transponder,--dvbin-prog,--dvbin-timeout,--dvd-angle,--dvd-device,--dvd-speed,--edition,--egl-config-id,--egl-output-format,--embeddedfonts,--end,--error-diffusion,--external-file,--external-files,--external-files-add,--external-files-append,--external-files-clr,--external-files-del,--external-files-pre,--external-files-remove,--external-files-set,--external-files-toggle,--fbo-format,--focus-on,--force-media-title,--force-render,--force-rgba-osd-rendering,--force-seekable,--force-window,--force-window-position,--framedrop,--frames,--fs,--fs-screen,--fs-screen-name,--fullscreen,--gamma,--gamma-factor,--gamut-mapping-mode,--gapless-audio,--geometry,--glsl-shader,--glsl-shader-opts,--glsl-shader-opts-add,--glsl-shader-opts-append,--glsl-shader-opts-clr,--glsl-shader-opts-del,--glsl-shader-opts-remove,--glsl-shader-opts-set,--glsl-shaders,--glsl-shaders-add,--glsl-shaders-append,--glsl-shaders-clr,--glsl-shaders-del,--glsl-shaders-pre,--glsl-shaders-remove,--glsl-shaders-set,--glsl-shaders-toggle,--gpu-api,--gpu-api-add,--gpu-api-append,--gpu-api-clr,--gpu-api-help,--gpu-api-pre,--gpu-api-remove,--gpu-api-set,--gpu-api-toggle,--gpu-context,--gpu-context-add,--gpu-context-append,--gpu-context-clr,--gpu-context-help,--gpu-context-pre,--gpu-context-remove,--gpu-context-set,--gpu-context-toggle,--gpu-debug,--gpu-dumb-mode,--gpu-hwdec-interop,--gpu-shader-cache,--gpu-shader-cache-dir,--gpu-sw,--gpu-tex-pad-x,--gpu-tex-pad-y,--h,--hdr-compute-peak,--hdr-contrast-recovery,--hdr-contrast-smoothness,--hdr-peak-decay-rate,--hdr-peak-percentile,--hdr-reference-white,--hdr-scene-threshold-high,--hdr-scene-threshold-low,--help,--hidpi-window-scale,--hls-bitrate,--hr-seek,--hr-seek-demuxer-offset,--hr-seek-framedrop,--http-header-fields,--http-header-fields-add,--http-header-fields-append,--http-header-fields-clr,--http-header-fields-del,--http-header-fields-pre,--http-header-fields-remove,--http-header-fields-set,--http-header-fields-toggle,--http-proxy,--hue,--hwdec,--hwdec-add,--hwdec-append,--hwdec-clr,--hwdec-codecs,--hwdec-del,--hwdec-extra-frames,--hwdec-image-format,--hwdec-pre,--hwdec-remove,--hwdec-set,--hwdec-software-fallback,--hwdec-threads,--hwdec-toggle,--icc-3dlut-size,--icc-cache,--icc-cache-dir,--icc-force-contrast,--icc-intent,--icc-profile,--icc-profile-auto,--icc-use-luma,--idle,--ignore-path-in-watch-later-config,--image-display-duration,--image-exts,--image-exts-add,--image-exts-append,--image-exts-clr,--image-exts-del,--image-exts-pre,--image-exts-remove,--image-exts-set,--image-exts-toggle,--image-lut,--image-lut-type,--image-subs-hdr-peak,--image-subs-video-resolution,--include,--index,--initial-audio-sync,--input-ar-delay,--input-ar-rate,--input-builtin-bindings,--input-builtin-dragging,--input-cmdlist,--input-commands,--input-commands-add,--input-commands-append,--input-commands-clr,--input-commands-del,--input-commands-pre,--input-commands-remove,--input-commands-set,--input-commands-toggle,--input-conf,--input-cursor,--input-cursor-passthrough,--input-default-bindings,--input-doubleclick-time,--input-dragging-deadzone,--input-ime,--input-ipc-client,--input-ipc-server,--input-key-fifo-size,--input-keylist,--input-media-keys,--input-preprocess-wheel,--input-right-alt-gr,--input-tablet-emulate-mouse,--input-terminal,--input-test,--input-touch-emulate-mouse,--input-vo-keyboard,--interpolation,--interpolation-preserve,--interpolation-threshold,--inverse-tone-mapping,--jack-autostart,--jack-connect,--jack-name,--jack-port,--jack-std-channel-layout,--js-memory-report,--keep-open,--keep-open-pause,--keepaspect,--keepaspect-window,--lavfi-complex,--length,--libplacebo-opts,--libplacebo-opts-add,--libplacebo-opts-append,--libplacebo-opts-clr,--libplacebo-opts-del,--libplacebo-opts-remove,--libplacebo-opts-set,--linear-downscaling,--linear-upscaling,--list-options,--list-properties,--list-protocols,--load-auto-profiles,--load-commands,--load-console,--load-context-menu,--load-positioning,--load-scripts,--load-select,--load-stats-overlay,--load-unsafe-playlists,--log-file,--loop,--loop-file,--loop-playlist,--lut,--lut-type,--mc,--media-controls,--merge-files,--metadata-codepage,--mf-fps,--mf-type,--monitoraspect,--monitorpixelaspect,--msg-color,--msg-level,--msg-module,--msg-time,--mute,--native-fs,--native-keyrepeat,--native-touch,--network-timeout,--no-audio,--no-config,--no-video,--o,--oac,--oacopts,--oacopts-add,--oacopts-append,--oacopts-clr,--oacopts-del,--oacopts-remove,--oacopts-set,--ocopy-metadata,--of,--ofopts,--ofopts-add,--ofopts-append,--ofopts-clr,--ofopts-del,--ofopts-remove,--ofopts-set,--on-all-workspaces,--ontop,--ontop-level,--openal-direct-channels,--openal-num-buffers,--openal-num-samples,--opengl-check-pattern-a,--opengl-check-pattern-b,--opengl-dwmflush,--opengl-early-flush,--opengl-es,--opengl-glfinish,--opengl-pbo,--opengl-rectangle-textures,--opengl-swapinterval,--opengl-waitvsync,--orawts,--ordered-chapters,--ordered-chapters-files,--oremove-metadata,--oremove-metadata-add,--oremove-metadata-append,--oremove-metadata-clr,--oremove-metadata-del,--oremove-metadata-pre,--oremove-metadata-remove,--oremove-metadata-set,--oremove-metadata-toggle,--osc,--osd-align-x,--osd-align-y,--osd-back-color,--osd-bar,--osd-bar-align-x,--osd-bar-align-y,--osd-bar-border-size,--osd-bar-h,--osd-bar-marker-min-size,--osd-bar-marker-scale,--osd-bar-marker-style,--osd-bar-outline-size,--osd-bar-w,--osd-bitmap-max-size,--osd-blur,--osd-bold,--osd-border-color,--osd-border-size,--osd-border-style,--osd-color,--osd-duration,--osd-font,--osd-font-provider,--osd-font-size,--osd-fonts-dir,--osd-fractions,--osd-glyph-limit,--osd-italic,--osd-justify,--osd-level,--osd-margin-x,--osd-margin-y,--osd-msg1,--osd-msg2,--osd-msg3,--osd-on-seek,--osd-outline-color,--osd-outline-size,--osd-playing-msg,--osd-playing-msg-duration,--osd-playlist-entry,--osd-prune-delay,--osd-scale,--osd-scale-by-window,--osd-selected-color,--osd-selected-outline-color,--osd-shadow-color,--osd-shadow-offset,--osd-shaper,--osd-spacing,--osd-status-msg,--oset-metadata,--oset-metadata-add,--oset-metadata-append,--oset-metadata-clr,--oset-metadata-del,--oset-metadata-remove,--oset-metadata-set,--ovc,--ovcopts,--ovcopts-add,--ovcopts-append,--ovcopts-clr,--ovcopts-del,--ovcopts-remove,--ovcopts-set,--panscan,--pause,--pipewire-buffer,--pipewire-remote,--pipewire-volume-mode,--pitch,--play-direction,--player-operation-mode,--playlist,--playlist-exts,--playlist-exts-add,--playlist-exts-append,--playlist-exts-clr,--playlist-exts-del,--playlist-exts-pre,--playlist-exts-remove,--playlist-exts-set,--playlist-exts-toggle,--playlist-start,--prefetch-playlist,--priority,--profile,--profile-add,--profile-append,--profile-clr,--profile-del,--profile-pre,--profile-remove,--profile-set,--profile-toggle,--pulse-allow-suspended,--pulse-buffer,--pulse-host,--pulse-latency-hacks,--quiet,--rar-list-all-volumes,--really-quiet,--rebase-start-time,--referrer,--register,--register-rpath,--replaygain,--replaygain-clip,--replaygain-fallback,--replaygain-preamp,--reset-on-next-file,--reset-on-next-file-add,--reset-on-next-file-append,--reset-on-next-file-clr,--reset-on-next-file-del,--reset-on-next-file-pre,--reset-on-next-file-remove,--reset-on-next-file-set,--reset-on-next-file-toggle,--resume-playback,--resume-playback-check-mtime,--rtsp-transport,--saturation,--save-position-on-quit,--save-watch-history,--scale,--scale-antiring,--scale-blur,--scale-clamp,--scale-param1,--scale-param2,--scale-radius,--scale-taper,--scale-window,--scale-wparam,--scale-wtaper,--scaler-resizes-only,--screen,--screen-name,--screenshot-avif-encoder,--screenshot-avif-opts,--screenshot-avif-opts-add,--screenshot-avif-opts-append,--screenshot-avif-opts-clr,--screenshot-avif-opts-del,--screenshot-avif-opts-remove,--screenshot-avif-opts-set,--screenshot-avif-pixfmt,--screenshot-dir,--screenshot-directory,--screenshot-format,--screenshot-high-bit-depth,--screenshot-jpeg-quality,--screenshot-jpeg-source-chroma,--screenshot-jxl-distance,--screenshot-jxl-effort,--screenshot-png-compression,--screenshot-png-filter,--screenshot-sw,--screenshot-tag-colorspace,--screenshot-template,--screenshot-webp-compression,--screenshot-webp-lossless,--screenshot-webp-quality,--script,--script-opt,--script-opts,--script-opts-add,--script-opts-append,--script-opts-clr,--script-opts-del,--script-opts-remove,--script-opts-set,--scripts,--scripts-add,--scripts-append,--scripts-clr,--scripts-del,--scripts-pre,--scripts-remove,--scripts-set,--scripts-toggle,--sdr-adjust-gamma,--secondary-sid,--secondary-sub-ass-override,--secondary-sub-delay,--secondary-sub-pos,--secondary-sub-visibility,--sharpen,--show-in-taskbar,--show-profile,--shuffle,--sid,--sigmoid-center,--sigmoid-slope,--sigmoid-upscaling,--slang,--slang-add,--slang-append,--slang-clr,--slang-del,--slang-pre,--slang-remove,--slang-set,--slang-toggle,--snap-window,--speed,--spirv-compiler,--sstep,--start,--stop-playback-on-init-failure,--stop-screensaver,--stream-buffer-size,--stream-dump,--stream-lavf-o,--stream-lavf-o-add,--stream-lavf-o-append,--stream-lavf-o-clr,--stream-lavf-o-del,--stream-lavf-o-remove,--stream-lavf-o-set,--stream-record,--stretch-dvd-subs,--stretch-image-subs-to-screen,--sub,--sub-align-x,--sub-align-y,--sub-ass,--sub-ass-force-margins,--sub-ass-justify,--sub-ass-override,--sub-ass-prune-delay,--sub-ass-scale-with-window,--sub-ass-style-overrides,--sub-ass-style-overrides-add,--sub-ass-style-overrides-append,--sub-ass-style-overrides-clr,--sub-ass-style-overrides-del,--sub-ass-style-overrides-pre,--sub-ass-style-overrides-remove,--sub-ass-style-overrides-set,--sub-ass-style-overrides-toggle,--sub-ass-styles,--sub-ass-use-video-data,--sub-ass-video-aspect-override,--sub-ass-vsfilter-color-compat,--sub-auto,--sub-auto-exts,--sub-auto-exts-add,--sub-auto-exts-append,--sub-auto-exts-clr,--sub-auto-exts-del,--sub-auto-exts-pre,--sub-auto-exts-remove,--sub-auto-exts-set,--sub-auto-exts-toggle,--sub-back-color,--sub-bitmap-max-size,--sub-blur,--sub-bold,--sub-border-color,--sub-border-size,--sub-border-style,--sub-clear-on-seek,--sub-codepage,--sub-color,--sub-create-cc-track,--sub-delay,--sub-demuxer,--sub-file,--sub-file-paths,--sub-file-paths-add,--sub-file-paths-append,--sub-file-paths-clr,--sub-file-paths-del,--sub-file-paths-pre,--sub-file-paths-remove,--sub-file-paths-set,--sub-file-paths-toggle,--sub-files,--sub-files-add,--sub-files-append,--sub-files-clr,--sub-files-del,--sub-files-pre,--sub-files-remove,--sub-files-set,--sub-files-toggle,--sub-filter-jsre,--sub-filter-jsre-add,--sub-filter-jsre-append,--sub-filter-jsre-clr,--sub-filter-jsre-del,--sub-filter-jsre-pre,--sub-filter-jsre-remove,--sub-filter-jsre-set,--sub-filter-jsre-toggle,--sub-filter-regex,--sub-filter-regex-add,--sub-filter-regex-append,--sub-filter-regex-clr,--sub-filter-regex-del,--sub-filter-regex-enable,--sub-filter-regex-plain,--sub-filter-regex-pre,--sub-filter-regex-remove,--sub-filter-regex-set,--sub-filter-regex-toggle,--sub-filter-regex-warn,--sub-filter-sdh,--sub-filter-sdh-enclosures,--sub-filter-sdh-enclosures-add,--sub-filter-sdh-enclosures-append,--sub-filter-sdh-enclosures-clr,--sub-filter-sdh-enclosures-del,--sub-filter-sdh-enclosures-pre,--sub-filter-sdh-enclosures-remove,--sub-filter-sdh-enclosures-set,--sub-filter-sdh-enclosures-toggle,--sub-filter-sdh-harder,--sub-fix-timing,--sub-fix-timing-keep,--sub-fix-timing-threshold,--sub-font,--sub-font-provider,--sub-font-size,--sub-fonts-dir,--sub-forced-events-only,--sub-fps,--sub-gauss,--sub-glyph-limit,--sub-gray,--sub-hdr-peak,--sub-hinting,--sub-italic,--sub-justify,--sub-lavc-o,--sub-lavc-o-add,--sub-lavc-o-append,--sub-lavc-o-clr,--sub-lavc-o-del,--sub-lavc-o-remove,--sub-lavc-o-set,--sub-line-spacing,--sub-margin-x,--sub-margin-y,--sub-outline-color,--sub-outline-size,--sub-past-video-end,--sub-pos,--sub-scale,--sub-scale-by-window,--sub-scale-signs,--sub-scale-with-window,--sub-shadow-color,--sub-shadow-offset,--sub-shaper,--sub-spacing,--sub-speed,--sub-stretch-durations,--sub-use-margins,--sub-visibility,--sub-vsfilter-bidi-compat,--subs-fallback,--subs-fallback-forced,--subs-match-os-language,--subs-with-matching-audio,--swapchain-depth,--sws-allow-zimg,--sws-bitexact,--sws-cgb,--sws-chs,--sws-cs,--sws-cvs,--sws-fast,--sws-lgb,--sws-ls,--sws-scaler,--target-colorspace-hint,--target-colorspace-hint-mode,--target-colorspace-hint-strict,--target-contrast,--target-gamut,--target-lut,--target-peak,--target-prim,--target-trc,--taskbar-progress,--teletext-page,--temporal-dither,--temporal-dither-period,--term-osd,--term-osd-bar,--term-osd-bar-chars,--term-playing-msg,--term-status-msg,--term-title,--terminal,--title,--title-bar,--tls-ca-file,--tls-cert-file,--tls-key-file,--tls-verify,--tone-mapping,--tone-mapping-max-boost,--tone-mapping-param,--tone-mapping-visualize,--track-auto-selection,--treat-srgb-as-power22,--tscale,--tscale-antiring,--tscale-blur,--tscale-clamp,--tscale-param1,--tscale-param2,--tscale-radius,--tscale-taper,--tscale-window,--tscale-wparam,--tscale-wtaper,--unregister,--untimed,--use-embedded-icc-profile,--use-filedir-conf,--user-agent,--v,--vaapi-device,--vd,--vd-apply-cropping,--vd-lavc-assume-old-x264,--vd-lavc-bitexact,--vd-lavc-check-hw-profile,--vd-lavc-dr,--vd-lavc-fast,--vd-lavc-film-grain,--vd-lavc-framedrop,--vd-lavc-o,--vd-lavc-o-add,--vd-lavc-o-append,--vd-lavc-o-clr,--vd-lavc-o-del,--vd-lavc-o-remove,--vd-lavc-o-set,--vd-lavc-show-all,--vd-lavc-skipframe,--vd-lavc-skipidct,--vd-lavc-skiploopfilter,--vd-lavc-threads,--vd-queue-enable,--vd-queue-max-bytes,--vd-queue-max-samples,--vd-queue-max-secs,--version,--vf,--vf-add,--vf-append,--vf-clr,--vf-help,--vf-pre,--vf-remove,--vf-set,--vf-toggle,--vid,--video,--video-align-x,--video-align-y,--video-aspect-method,--video-aspect-override,--video-backward-batch,--video-backward-overlap,--video-crop,--video-exts,--video-exts-add,--video-exts-append,--video-exts-clr,--video-exts-del,--video-exts-pre,--video-exts-remove,--video-exts-set,--video-exts-toggle,--video-latency-hacks,--video-margin-ratio-bottom,--video-margin-ratio-left,--video-margin-ratio-right,--video-margin-ratio-top,--video-osd,--video-output-levels,--video-pan-x,--video-pan-y,--video-recenter,--video-reversal-buffer,--video-rotate,--video-scale-x,--video-scale-y,--video-sync,--video-sync-max-audio-change,--video-sync-max-factor,--video-sync-max-video-change,--video-timing-offset,--video-unscaled,--video-zoom,--vlang,--vlang-add,--vlang-append,--vlang-clr,--vlang-del,--vlang-pre,--vlang-remove,--vlang-set,--vlang-toggle,--vo,--vo-add,--vo-append,--vo-clr,--vo-direct3d-disable-texture-align,--vo-direct3d-exact-backbuffer,--vo-direct3d-force-power-of-2,--vo-direct3d-swap-discard,--vo-direct3d-texture-memory,--vo-help,--vo-image-avif-encoder,--vo-image-avif-opts,--vo-image-avif-opts-add,--vo-image-avif-opts-append,--vo-image-avif-opts-clr,--vo-image-avif-opts-del,--vo-image-avif-opts-remove,--vo-image-avif-opts-set,--vo-image-avif-pixfmt,--vo-image-format,--vo-image-high-bit-depth,--vo-image-jpeg-quality,--vo-image-jpeg-source-chroma,--vo-image-jxl-distance,--vo-image-jxl-effort,--vo-image-outdir,--vo-image-png-compression,--vo-image-png-filter,--vo-image-tag-colorspace,--vo-image-webp-compression,--vo-image-webp-lossless,--vo-image-webp-quality,--vo-kitty-alt-screen,--vo-kitty-auto-multiplexer-passthrough,--vo-kitty-cols,--vo-kitty-config-clear,--vo-kitty-height,--vo-kitty-left,--vo-kitty-rows,--vo-kitty-top,--vo-kitty-use-shm,--vo-kitty-width,--vo-mmcss-profile,--vo-null-fps,--vo-pre,--vo-remove,--vo-set,--vo-sixel-alt-screen,--vo-sixel-buffered,--vo-sixel-cols,--vo-sixel-config-clear,--vo-sixel-dither,--vo-sixel-fixedpalette,--vo-sixel-height,--vo-sixel-left,--vo-sixel-pad-x,--vo-sixel-pad-y,--vo-sixel-reqcolors,--vo-sixel-rows,--vo-sixel-threshold,--vo-sixel-top,--vo-sixel-width,--vo-tct-256,--vo-tct-algo,--vo-tct-buffering,--vo-tct-height,--vo-tct-width,--vo-toggle,--vo-vaapi-scaled-osd,--vo-vaapi-scaling,--vo-vdpau-chroma-deint,--vo-vdpau-colorkey,--vo-vdpau-composite-detect,--vo-vdpau-denoise,--vo-vdpau-force-yuv,--vo-vdpau-fps,--vo-vdpau-hqscaling,--vo-vdpau-output-surfaces,--vo-vdpau-pullup,--vo-vdpau-queuetime-fs,--vo-vdpau-queuetime-windowed,--vo-vdpau-sharpen,--volume,--volume-gain,--volume-gain-max,--volume-gain-min,--volume-max,--vulkan-async-compute,--vulkan-async-transfer,--vulkan-device,--vulkan-display-display,--vulkan-display-mode,--vulkan-display-plane,--vulkan-queue-count,--vulkan-swap-mode,--wasapi-exclusive-buffer,--watch-history-path,--watch-later-dir,--watch-later-directory,--watch-later-options,--watch-later-options-add,--watch-later-options-append,--watch-later-options-clr,--watch-later-options-del,--watch-later-options-pre,--watch-later-options-remove,--watch-later-options-set,--watch-later-options-toggle,--wayland-app-id,--wayland-configure-bounds,--wayland-content-type,--wayland-edge-pixels-pointer,--wayland-edge-pixels-touch,--wayland-internal-vsync,--wayland-present,--wid,--window-affinity,--window-corners,--window-dragging,--window-maximized,--window-minimized,--window-scale,--write-filename-in-watch-later-config,--x11-bypass-compositor,--x11-name,--x11-netwm,--x11-present,--x11-wid-title,--xv-adaptor,--xv-buffers,--xv-ck,--xv-ck-method,--xv-colorkey,--xv-port,--ytdl,--ytdl-format,--ytdl-raw-options,--ytdl-raw-options-add,--ytdl-raw-options-append,--ytdl-raw-options-clr,--ytdl-raw-options-del,--ytdl-raw-options-remove,--ytdl-raw-options-set,--zimg-dither,--zimg-fast,--zimg-scaler,--zimg-scaler-chroma,--zimg-scaler-chroma-param-a,--zimg-scaler-chroma-param-b,--zimg-scaler-param-a,--zimg-scaler-param-b,--zimg-threads,-V,-v	path
mv	-	--backup,--context,--force,--help,--interactive,--no-clobber,--no-target-directory,--strip-trailing-slashes,--suffix,--target-directory,--update,--verbose,--version,-S,-T,-Z,-b,-f,-i,-n,-t,-u,-v	path
mvn	-	--activate-profiles,--also-make,--also-make-dependents,--batch-mode,--builder,--color,--debug,--define,--encrypt-master-password,--encrypt-password,--errors,--fail-at-end,--fail-fast,--fail-never,--file,--global-settings,--global-toolchains,--help,--lax-checksums,--legacy-local-repository,--log-file,--no-snapshot-updates,--no-transfer-progress,--non-recursive,--offline,--projects,--quiet,--resume-from,--settings,--show-version,--strict-checksums,--threads,--toolchains,--update-snapshots,--version,-B,-C,-D,-N,-P,-T,-U,-V,-X,-am,-amd,-b,-c,-e,-emp,-ep,-f,-fae,-ff,-fn,-gs,-gt,-h,-l,-llr,-nsu,-ntp,-o,-pl,-q,-rf,-s,-t,-v	-
n-m3u8dl-re	-	--ad-keyword,--allow-hls-multi-ext-map,--append-url-params,--auto-select,--auto-subtitle-fix,--base-url,--binary-merge,--check-segments-count,--concurrent-download,--custom-hls-iv,--custom-hls-key,--custom-hls-method,--custom-proxy,--custom-range,--decryption-binary-path,--decryption-engine,--del-after-done,--disable-update-check,--download-retry-count,--drop-audio,--drop-subtitle,--drop-video,--ffmpeg-binary-path,--force-ansi-console,--header,--help,--http-request-timeout,--key,--key-text-file,--live-fix-vtt-by-audio,--live-keep-segments,--live-perform-as-vod,--live-pipe-mux,--live-real-time-merge,--live-record-limit,--live-take-count,--live-wait-time,--log-level,--max-speed,--morehelp,--mp4-real-time-decryption,--mux-after-done,--mux-import,--no-ansi-color,--no-date-info,--no-log,--save-dir,--save-name,--select-audio,--select-subtitle,--select-video,--skip-download,--skip-merge,--sub-format,--sub-only,--task-start-at,--thread-count,--tmp-dir,--ui-language,--urlprocessor-args,--use-ffmpeg-concat-demuxer,--use-system-proxy,--version,--write-meta-json,-H,-M,-R,-da,-ds,-dv,-h,-mt,-sa,-ss,-sv	path
nano	-	--afterends,--atblanks,--autoindent,--backup,--backupdir,--boldtext,--bookstyle,--breaklonglines,--colonparsing,--constantshow,--cutfromcursor,--emptyline,--fill,--guidestripe,--help,--historylog,--ignorercfiles,--indicator,--jumpyscrolling,--linenumbers,--listsyntaxes,--locking,--magic,--minibar,--modernbindings,--mouse,--multibuffer,--noconvert,--nohelp,--nonewlines,--noread,--nowrap,--operatingdir,--positionlog,--preserve,--quickblank,--quotestr,--rawsequences,--rcfile,--rebinddelete,--restricted,--saveonexit,--showcursor,--smarthome,--softwrap,--solosidescroll,--speller,--stateflags,--syntax,--tabsize,--tabstospaces,--trimblanks,--unix,--version,--view,--wordbounds,--wordchars,--zap,--zero,-0,-1,-A,-B,-C,-D,-E,-F,-G,-H,-I,-J,-K,-L,-M,-N,-O,-P,-Q,-R,-S,-T,-U,-V,-W,-X,-Y,-Z,-a,-b,-c,-d,-e,-f,-g,-h,-i,-j,-k,-l,-m,-n,-o,-p,-q,-r,-s,-t,-u,-v,-w,-x,-y,-z	path
nc	-	-	path
ncdu	-	--color,--confirm-quit,--exclude,--exclude-caches,--exclude-from,--exclude-kernfs,--follow-symlinks,--help,--si,--version,-0,-1,-2,-L,-V,-X,-e,-f,-h,-o,-q,-r,-v,-x	path
neomutt	-	-A,-B,-D,-E,-F,-G,-H,-R,-Z,-a,-b,-c,-d,-e,-f,-g,-h,-i,-l,-m,-n,-p,-s,-v,-y,-z	-
netcat	-	--close,--dont-resolve,--exec,--gateway,--help,--hexdump,--interval,--listen,--local-port,--output,--pointer,--randomize,--source,--tcp,--telnet,--tunnel,--udp,--verbose,--version,--wait,--zero,-G,-L,-T,-V,-c,-e,-g,-h,-i,-l,-n,-o,-p,-r,-s,-t,-u,-v,-w,-x,-z	-
newman	run	--help,--version,-h,-v	-
newman run	-	--bail,--color,--cookie-jar,--delay-request,--disable-unicode,--env-var,--environment,--export-collection,--export-cookie-jar,--export-environment,--export-globals,--folder,--global-var,--globals,--help,--ignore-redirects,--insecure,--iteration-count,--iteration-data,--no-insecure-file-read,--postman-api-key,--reporters,--silent,--ssl-client-cert,--ssl-client-cert-list,--ssl-client-key,--ssl-client-passphrase,--ssl-extra-ca-certs,--suppress-exit-code,--timeout,--timeout-request,--timeout-script,--verbose,--working-dir,-d,-e,-g,-h,-k,-n,-r,-x	path
newrelic	agent,apiAccess,apm,completion,config,decode,diagnose,documentation,edge,entity,events,help,install,nerdgraph,nerdstorage,nrql,profile,profiles,reporting,synthetics,utils,version,workload	--accountId,--debug,--format,--help,--plain,--profile,--trace,-a,-h	-
newrelic agent	config	-	-
newrelic agent config	migrateV3toV4,obfuscate	-	-
newrelic agent config migrateV3toV4	-	--overwrite,--pathConfiguration,--pathDefinition,--pathOutput,-c,-d,-o	-
newrelic agent config obfuscate	-	--key,--value,-k,-v	-
newrelic apiAccess	apiAccessCreateKeys,apiAccessDeleteKeys,apiAccessGetKey,apiAccessUpdateKeys	-	-
newrelic apiAccess apiAccessCreateKeys	-	--keys	-
newrelic apiAccess apiAccessDeleteKeys	-	--keys	-
newrelic apiAccess apiAccessGetKey	-	--id,--keyType	-
newrelic apiAccess apiAccessUpdateKeys	-	--keys	-
newrelic apm	application,deployment	--applicationId	-
newrelic apm application	get,search	--guid,-g	-
newrelic apm application get	-	-	-
newrelic apm application search	-	--name,-n	-
newrelic apm deployment	create,delete,list	-	-
newrelic apm deployment create	-	--change-log,--description,--revision,--user,-r	-
newrelic apm deployment delete	-	--deploymentID,-d	-
newrelic apm deployment list	-	-	-
newrelic completion	-	--shell	-
newrelic config	delete,get,list,ls,reset,rm,set	-	-
newrelic config delete	-	--key,-k	-
newrelic config get	-	--key,-k	-
newrelic config list	-	-	-
newrelic config ls	-	-	-
newrelic config reset	-	--key,-k	-
newrelic config rm	-	--key,-k	-
newrelic config set	-	--key,--value,-k,-v	-
newrelic decode	entity,url	-	-
newrelic decode entity	-	--key,-k	-
newrelic decode url	-	--param,--search,-p,-s	-
newrelic diagnose	lint,run,update,validate	-	-
newrelic diagnose lint	-	--config-file	-
newrelic diagnose run	-	--attachment-key,--list-suites,--suites,--verbose	-
newrelic diagnose update	-	-	-
newrelic diagnose validate	-	-	-
newrelic documentation	-	--format,--outputDir,-o	-
newrelic edge	trace-observer	-	-
newrelic edge trace-observer	create,delete,list	-	-
newrelic edge trace-observer create	-	--name,--providerRegion,-n,-r	-
newrelic edge trace-observer delete	-	--id,-i	-
newrelic edge trace-observer list	-	-	-
newrelic entity	deployment,search,tags	-	-
newrelic entity deployment	create	-	-
newrelic entity deployment create	-	--changelog,--commit,--deepLink,--deploymentType,--description,--groupId,--guid,--timestamp,--user,--version,-g,-t,-u,-v	-
newrelic entity search	-	--alert-severity,--domain,--fields-filter,--name,--reporting,--tag,--type,-d,-f,-n,-r,-s,-t	-
newrelic entity tags	create,delete,delete-values,get,replace	-	-
newrelic entity tags create	-	--guid,--tag,-g,-t	-
newrelic entity tags delete	-	--guid,--tag,-g,-t	-
newrelic entity tags delete-values	-	--guid,--value,-g,-v	-
newrelic entity tags get	-	--guid,-g	-
newrelic entity tags replace	-	--guid,--tag,-g,-t	-
newrelic events	post	-	-
newrelic events post	-	--event,-e	-
newrelic help	-	-	-
newrelic install	-	--assumeYes,--localRecipes,--recipe,--recipePath,--tag,--testMode,-c,-n,-t,-y	-
newrelic nerdgraph	query	-	-
newrelic nerdgraph query	-	--queryFile,--variables,--variablesFile	-
newrelic nerdstorage	collection,document	-	-
newrelic nerdstorage collection	delete,get	-	-
newrelic nerdstorage collection delete	-	--collection,--entityGuid,--packageId,--scope,-c,-e,-s	-
newrelic nerdstorage collection get	-	--collection,--entityGuid,--packageId,--scope,-c,-e,-p,-s	-
newrelic nerdstorage document	delete,get,write	-	-
newrelic nerdstorage document delete	-	--collection,--documentId,--entityGuid,--packageId,--scope,-c,-d,-e,-p,-s	-
newrelic nerdstorage document get	-	--collection,--documentId,--entityGuid,--packageId,--scope,-c,-d,-e,-p,-s	-
newrelic nerdstorage document write	-	--collection,--document,--documentId,--entityGuid,--packageId,--scope,-c,-d,-e,-o,-p,-s	-
newrelic nrql	history,query	-	-
newrelic nrql history	-	--limit,-l	-
newrelic nrql query	-	--query,-q	-
newrelic profile	add,configure,default,delete,list,ls,remove,rm	-	-
newrelic profile add	-	--acceptDefaults,--accountId,--apiKey,--licenseKey,--region,-r,-y	-
newrelic profile configure	-	--acceptDefaults,--accountId,--apiKey,--licenseKey,--region,-r,-y	-
newrelic profile default	-	-	-
newrelic profile delete	-	-	-
newrelic profile list	-	--show-keys,-s	-
newrelic profile ls	-	--show-keys,-s	-
newrelic profile remove	-	-	-
newrelic profile rm	-	-	-
newrelic profiles	add,configure,default,delete,list,ls,remove,rm	-	-
newrelic profiles add	-	--acceptDefaults,--accountId,--apiKey,--licenseKey,--region,-r,-y	-
newrelic profiles configure	-	--acceptDefaults,--accountId,--apiKey,--licenseKey,--region,-r,-y	-
newrelic profiles default	-	-	-
newrelic profiles delete	-	-	-
newrelic profiles list	-	--show-keys,-s	-
newrelic profiles ls	-	--show-keys,-s	-
newrelic profiles remove	-	-	-
newrelic profiles rm	-	-	-
newrelic reporting	junit	-	-
newrelic reporting junit	-	--dryRun,--output,--path,-o,-p	-
newrelic synthetics	monitor	-	-
newrelic synthetics monitor	get,list,search	-	-
newrelic synthetics monitor get	-	--monitorId	-
newrelic synthetics monitor list	-	--statusFilter,-s	-
newrelic synthetics monitor search	-	--name,-n	-
newrelic utils	jq,semver,terraform,yq	-	-
newrelic utils jq	-	-	-
newrelic utils semver	check	-	-
newrelic utils semver check	-	--constraint,--version,-c,-v	-
newrelic utils terraform	dashboard	-	-
newrelic utils terraform dashboard	-	--file,--label,--out,--shiftWidth,-f,-l,-o,-w	-
newrelic utils yq	-	-	-
newrelic version	-	-	-
newrelic workload	create,delete,duplicate,get,list,update	-	-
newrelic workload create	-	--entityGuid,--entitySearchQuery,--name,--scopeAccountIds,-e,-n,-q,-s	-
newrelic workload delete	-	--guid,-g	-
newrelic workload duplicate	-	--guid,--name,-g,-n	-
newrelic workload get	-	--guid,-g	-
newrelic workload list	-	-	-
newrelic workload update	-	--entityGuid,--entitySearchQuery,--guid,--name,--scopeAccountIds,-e,-g,-n,-q,-s	-
nfpm	completion,help,i,init,jsonschema,p,package,pkg,schema	--help,--version,-h,-v	-
nfpm completion	bash,fish,powershell,zsh	-	-
nfpm completion bash	-	--no-descriptions	-
nfpm completion fish	-	--no-descriptions	-
nfpm completion powershell	-	--no-descriptions	-
nfpm completion zsh	-	--no-descriptions	-
nfpm help	-	-	-
nfpm i	-	--config,-f	-
nfpm init	-	--config,-f	-
nfpm jsonschema	-	--output,-o	-
nfpm p	-	--config,--packager,--target,-f,-p,-t	-
nfpm package	-	--config,--packager,--target,-f,-p,-t	-
nfpm pkg	-	--config,--packager,--target,-f,-p,-t	-
nfpm schema	-	--output,-o	-
ng	add,analytics,build,config,deploy,doc,e2e,extract-i18n,generate,help,lint,new,run,serve,test,update,version	--help,-h	-
ng add	-	--defaults,--interactive,--registry,--skip-confirmation,--verbose	-
ng analytics	-	-	-
ng build	-	--allowed-common-js-dependencies,--aot,--base-href,--build-optimizer,--common-chunk,--configuration,--cross-origin,--delete-output-path,--extract-licenses,--i18n-missing-translation,--index,--inline-style-language,--localize,--main,--named-chunks,--ngsw-config-path,--optimization,--output-hashing,--output-path,--poll,--polyfills,--preserve-symlinks,--progress,--resources-output-path,--service-worker,--source-map,--stats-json,--subresource-integrity,--ts-config,--vendor-chunk,--verbose,--watch,--web-worker-ts-config,-c	path
ng config	-	--global,-g	-
ng deploy	-	--configuration,-c	path
ng doc	-	--search,--version,-s	-
ng e2e	-	--configuration,-c	path
ng extract-i18n	-	--browser-target,--configuration,--format,--out-file,--output-path,--progress,-c	path
ng generate	app-shell,application,class,component,directive,enum,guard,interceptor,interface,library,module,pipe,resolver,service,service-worker,web-worker	--defaults,--dry-run,--force,--interactive	-
ng generate app-shell	-	--app-dir,--app-id,--main,--project,--root-module-class-name,--root-module-file-name,--route	-
ng generate application	-	--inline-style,--inline-template,--minimal,--prefix,--routing,--skip-install,--skip-package-json,--skip-tests,--strict,--style,--view-encapsulation,-S,-p,-s,-t	-
ng generate class	-	--project,--skip-tests,--type	-
ng generate component	-	--change-detection,--display-block,--export,--flat,--inline-style,--inline-template,--module,--prefix,--project,--selector,--skip-import,--skip-selector,--skip-tests,--style,--type,--view-encapsulation,-b,-c,-m,-p,-s,-t,-v	-
ng generate directive	-	--export,--flat,--module,--prefix,--project,--selector,--skip-import,--skip-tests,-m,-p	-
ng generate enum	-	--project,--type	-
ng generate guard	-	--flat,--implements,--project,--skip-tests	-
ng generate interceptor	-	--flat,--project,--skip-tests	-
ng generate interface	-	--prefix,--project	-
ng generate library	-	--entry-file,--prefix,--skip-install,--skip-package-json,--skip-ts-config,-p	-
ng generate module	-	--flat,--module,--project,--route,--routing,--routing-scope,-m	-
ng generate pipe	-	--export,--flat,--module,--project,--skip-import,--skip-tests,-m	-
ng generate resolver	-	--flat,--project,--skip-tests	-
ng generate service	-	--flat,--project,--skip-tests	-
ng generate service-worker	-	--project,--target	-
ng generate web-worker	-	--project,--snippet	-
ng help	-	-	-
ng lint	-	--configuration,-c	path
ng new	-	--collection,--commit,--create-application,--defaults,--directory,--dry-run,--force,--inline-style,--inline-template,--interactive,--minimal,--new-project-root,--package-manager,--prefix,--routing,--skip-git,--skip-install,--skip-tests,--strict,--style,--view-encapsulation,-S,-c,-d,-f,-g,-p,-s,-t	-
ng run	-	--configuration,-c	path
ng serve	-	--allowed-hosts,--browser-target,--configuration,--disable-host-check,--hmr,--host,--live-reload,--open,--poll,--port,--proxy-config,--public-host,--serve-path,--ssl,--ssl-cert,--ssl-key,--verbose,--watch,-c,-o	path
ng test	-	--browsers,--code-coverage,--code-coverage-exclude,--configuration,--include,--inline-style-language,--karma-config,--main,--poll,--polyfills,--preserve-symlinks,--progress,--reporters,--source-map,--ts-config,--watch,--web-worker-ts-config,-c	path
ng update	-	--allow-dirty,--create-commits,--force,--from,--migrate-only,--next,--packages,--to,--verbose,-C	-
ng version	-	-	-
nh	clean,darwin,home,os,search	--elevation-strategy,--verbose,-e,-v	-
nh clean	all,profile,user	-	-
nh clean all	-	--ask,--dry,--keep,--keep-since,--max,--no-gc,--no-gcroots,--optimise,-K,-a,-k,-n	-
nh clean profile	-	--ask,--dry,--keep,--keep-since,--max,--no-gc,--no-gcroots,--optimise,-K,-a,-k,-n	path
nh clean user	-	--ask,--dry,--keep,--keep-since,--max,--no-gc,--no-gcroots,--optimise,-K,-a,-k,-n	-
nh darwin	build,repl,switch	-	-
nh darwin build	-	--accept-flake-config,--ask,--build-host,--builders,--bypass-root-check,--commit-lock-file,--cores,--diff,--dry,--fallback,--hostname,--impure,--include,--json,--keep-failed,--keep-going,--log-format,--max-jobs,--no-build-output,--no-net,--no-nom,--no-registries,--no-update-lock-file,--no-use-registries,--no-write-lock-file,--offline,--out-link,--print-build-logs,--recreate-lock-file,--refresh,--repair,--show-activation-logs,--show-trace,--update,--update-input,--use-substitutes,-H,-I,-K,-L,-Q,-R,-U,-a,-d,-j,-k,-n,-o,-t,-u	-
nh darwin repl	-	--hostname,-H	-
nh darwin switch	-	--accept-flake-config,--ask,--build-host,--builders,--bypass-root-check,--commit-lock-file,--cores,--diff,--dry,--fallback,--hostname,--impure,--include,--json,--keep-failed,--keep-going,--log-format,--max-jobs,--no-build-output,--no-net,--no-nom,--no-registries,--no-update-lock-file,--no-use-registries,--no-write-lock-file,--offline,--out-link,--print-build-logs,--recreate-lock-file,--refresh,--repair,--show-activation-logs,--show-trace,--update,--update-input,--use-substitutes,-H,-I,-K,-L,-Q,-R,-U,-a,-d,-j,-k,-n,-o,-t,-u	-
nh home	build,repl,switch	-	-
nh home build	-	--accept-flake-config,--ask,--backup-extension,--build-host,--builders,--commit-lock-file,--configuration,--cores,--diff,--dry,--fallback,--impure,--include,--json,--keep-failed,--keep-going,--log-format,--max-jobs,--no-build-output,--no-net,--no-nom,--no-registries,--no-specialisation,--no-update-lock-file,--no-use-registries,--no-write-lock-file,--offline,--out-link,--print-build-logs,--recreate-lock-file,--refresh,--repair,--show-activation-logs,--show-trace,--specialisation,--update,--update-input,--use-substitutes,-I,-K,-L,-Q,-S,-U,-a,-b,-c,-d,-j,-k,-n,-o,-s,-t,-u	-
nh home repl	-	--configuration,-c	-
nh home switch	-	--accept-flake-config,--ask,--backup-extension,--build-host,--builders,--commit-lock-file,--configuration,--cores,--diff,--dry,--fallback,--impure,--include,--json,--keep-failed,--keep-going,--log-format,--max-jobs,--no-build-output,--no-net,--no-nom,--no-registries,--no-specialisation,--no-update-lock-file,--no-use-registries,--no-write-lock-file,--offline,--out-link,--print-build-logs,--recreate-lock-file,--refresh,--repair,--show-activation-logs,--show-trace,--specialisation,--update,--update-input,--use-substitutes,-I,-K,-L,-Q,-S,-U,-a,-b,-c,-d,-j,-k,-n,-o,-s,-t,-u	-
nh os	boot,build,build-image,build-vm,info,repl,rollback,switch,test	-	-
nh os boot	-	--accept-flake-config,--ask,--build-host,--builders,--bypass-root-check,--commit-lock-file,--cores,--diff,--dry,--fallback,--hostname,--impure,--include,--install-bootloader,--json,--keep-failed,--keep-going,--log-format,--max-jobs,--no-build-output,--no-net,--no-nom,--no-registries,--no-specialisation,--no-update-lock-file,--no-use-registries,--no-validate,--no-write-lock-file,--offline,--out-link,--print-build-logs,--recreate-lock-file,--refresh,--repair,--show-activation-logs,--show-trace,--specialisation,--target-host,--update,--update-input,--use-substitutes,-H,-I,-K,-L,-Q,-R,-S,-U,-a,-d,-j,-k,-n,-o,-s,-t,-u	-
nh os build	-	--accept-flake-config,--ask,--build-host,--builders,--bypass-root-check,--commit-lock-file,--cores,--diff,--dry,--fallback,--hostname,--impure,--include,--install-bootloader,--json,--keep-failed,--keep-going,--log-format,--max-jobs,--no-build-output,--no-net,--no-nom,--no-registries,--no-specialisation,--no-update-lock-file,--no-use-registries,--no-validate,--no-write-lock-file,--offline,--out-link,--print-build-logs,--recreate-lock-file,--refresh,--repair,--show-trace,--specialisation,--target-host,--update,--update-input,--use-substitutes,-H,-I,-K,-L,-Q,-R,-S,-U,-a,-d,-j,-k,-n,-o,-s,-t,-u	-
nh os build-image	-	--accept-flake-config,--ask,--build-host,--builders,--bypass-root-check,--commit-lock-file,--cores,--diff,--dry,--fallback,--hostname,--image-variant,--impure,--include,--install-bootloader,--json,--keep-failed,--keep-going,--log-format,--max-jobs,--no-build-output,--no-net,--no-nom,--no-registries,--no-specialisation,--no-update-lock-file,--no-use-registries,--no-validate,--no-write-lock-file,--offline,--out-link,--print-build-logs,--recreate-lock-file,--refresh,--repair,--show-trace,--specialisation,--target-host,--update,--update-input,--use-substitutes,-H,-I,-K,-L,-Q,-R,-S,-U,-a,-d,-j,-k,-n,-o,-s,-t,-u	-
nh os build-vm	-	--accept-flake-config,--ask,--build-host,--builders,--bypass-root-check,--commit-lock-file,--cores,--diff,--dry,--fallback,--hostname,--impure,--include,--install-bootloader,--json,--keep-failed,--keep-going,--log-format,--max-jobs,--no-build-output,--no-net,--no-nom,--no-registries,--no-specialisation,--no-update-lock-file,--no-use-registries,--no-validate,--no-write-lock-file,--offline,--out-link,--print-build-logs,--recreate-lock-file,--refresh,--repair,--run,--show-trace,--specialisation,--target-host,--update,--update-input,--use-substitutes,--with-bootloader,-B,-H,-I,-K,-L,-Q,-R,-S,-U,-a,-d,-j,-k,-n,-o,-r,-s,-t,-u	-
nh os info	-	--fields,--profile,-P	-
nh os repl	-	--hostname,-H	-
nh os rollback	-	--ask,--bypass-root-check,--diff,--dry,--no-specialisation,--specialisation,--to,-R,-S,-a,-d,-n,-s,-t	-
nh os switch	-	--accept-flake-config,--ask,--build-host,--builders,--bypass-root-check,--commit-lock-file,--cores,--diff,--dry,--fallback,--hostname,--impure,--include,--install-bootloader,--json,--keep-failed,--keep-going,--log-format,--max-jobs,--no-build-output,--no-net,--no-nom,--no-registries,--no-specialisation,--no-update-lock-file,--no-use-registries,--no-validate,--no-write-lock-file,--offline,--out-link,--print-build-logs,--recreate-lock-file,--refresh,--repair,--show-activation-logs,--show-trace,--specialisation,--target-host,--update,--update-input,--use-substitutes,-H,-I,-K,-L,-Q,-R,-S,-U,-a,-d,-j,-k,-n,-o,-s,-t,-u	-
nh os test	-	--accept-flake-config,--ask,--build-host,--builders,--bypass-root-check,--commit-lock-file,--cores,--diff,--dry,--fallback,--hostname,--impure,--include,--install-bootloader,--json,--keep-failed,--keep-going,--log-format,--max-jobs,--no-build-output,--no-net,--no-nom,--no-registries,--no-specialisation,--no-update-lock-file,--no-use-registries,--no-validate,--no-write-lock-file,--offline,--out-link,--print-build-logs,--recreate-lock-file,--refresh,--repair,--show-activation-logs,--show-trace,--specialisation,--target-host,--update,--update-input,--use-substitutes,-H,-I,-K,-L,-Q,-R,-S,-U,-a,-d,-j,-k,-n,-o,-s,-t,-u	-
nh search	-	--channel,--json,--limit,--platforms,-P,-c,-j,-l	-
nice	-	--adjustment,--help,--version,-n	-
nilaway	-	-V,-c,-cpuprofile,-debug,-exclude-errors-in-files,-exclude-file-docstrings,-exclude-pkgs,-fix,-flags,-include-errors-in-files,-include-pkgs,-json,-memprofile,-pretty-print,-test,-trace	path
nix	build,bundle,copy,daemon,derivation,develop,doctor,edit,eval,flake,fmt,hash,help,key,log,nar,path-info,print-dev-env,profile,realisation,registry,repl,run,search,shell,show-config,store,upgrade-nix,why-depends	--accept-flake-config,--access-tokens,--allow-dirty,--allow-import-from-derivation,--allow-new-privileges,--allow-symlinked-store,--allow-unsafe-native-code-during-evaluation,--allowed-impure-host-deps,--allowed-uris,--allowed-users,--auto-optimise-store,--bash-prompt,--bash-prompt-prefix,--bash-prompt-suffix,--build-hook,--build-poll-interval,--build-users-group,--builders,--builders-use-substitutes,--commit-lockfile-summary,--compress-build-log,--connect-timeout,--cores,--debug,--diff-hook,--download-attempts,--download-speed,--enforce-determinism,--eval-cache,--experimental-features,--extra-access-tokens,--extra-allowed-impure-host-deps,--extra-allowed-uris,--extra-allowed-users,--extra-experimental-features,--extra-extra-platforms,--extra-hashed-mirrors,--extra-ignored-acls,--extra-nix-path,--extra-platforms,--extra-plugin-files,--extra-sandbox-paths,--extra-secret-key-files,--extra-substituters,--extra-system-features,--extra-trusted-public-keys,--extra-trusted-substituters,--extra-trusted-users,--fallback,--filter-syscalls,--flake-registry,--fsync-metadata,--gc-reserved-space,--hashed-mirrors,--help,--http-connections,--http2,--ignore-try,--ignored-acls,--impersonate-linux-26,--keep-build-log,--keep-derivations,--keep-env-derivations,--keep-failed,--keep-going,--keep-outputs,--log-format,--log-lines,--max-build-log-size,--max-free,--max-jobs,--max-silent-time,--min-free,--min-free-check-interval,--nar-buffer-size,--narinfo-cache-negative-ttl,--narinfo-cache-positive-ttl,--netrc-file,--nix-path,--no-accept-flake-config,--no-allow-dirty,--no-allow-import-from-derivation,--no-allow-new-privileges,--no-allow-symlinked-store,--no-allow-unsafe-native-code-during-evaluation,--no-auto-optimise-store,--no-builders-use-substitutes,--no-compress-build-log,--no-enforce-determinism,--no-eval-cache,--no-fallback,--no-filter-syscalls,--no-fsync-metadata,--no-http2,--no-ignore-try,--no-impersonate-linux-26,--no-keep-build-log,--no-keep-derivations,--no-keep-env-derivations,--no-keep-failed,--no-keep-going,--no-keep-outputs,--no-preallocate-contents,--no-print-missing,--no-pure-eval,--no-require-sigs,--no-restrict-eval,--no-run-diff-hook,--no-sandbox,--no-sandbox-fallback,--no-show-trace,--no-substitute,--no-sync-before-registering,--no-trace-function-calls,--no-trace-verbose,--no-use-case-hack,--no-use-registries,--no-use-sqlite-wal,--no-warn-dirty,--offline,--option,--plugin-files,--post-build-hook,--pre-build-hook,--preallocate-contents,--print-build-logs,--print-missing,--pure-eval,--quiet,--refresh,--relaxed-sandbox,--repeat,--require-sigs,--restrict-eval,--run-diff-hook,--sandbox,--sandbox-build-dir,--sandbox-dev-shm-size,--sandbox-fallback,--sandbox-paths,--secret-key-files,--show-trace,--stalled-download-timeout,--store,--substitute,--substituters,--sync-before-registering,--system,--system-features,--tarball-ttl,--timeout,--trace-function-calls,--trace-verbose,--trusted-public-keys,--trusted-substituters,--trusted-users,--use-case-hack,--use-registries,--use-sqlite-wal,--user-agent-suffix,--verbose,--version,--warn-dirty,-L,-v	-
nix build	-	--arg,--argstr,--commit-lock-file,--debug,--debugger,--dry-run,--eval-store,--expr,--file,--impure,--include,--inputs-from,--json,--log-format,--no-link,--no-registries,--no-update-lock-file,--no-write-lock-file,--out-link,--output-lock-file,--override-flake,--override-input,--print-build-logs,--print-out-paths,--profile,--quiet,--rebuild,--recreate-lock-file,--reference-lock-file,--stdin,--update-input,--verbose,-I,-L,-f,-o,-v	path
nix bundle	-	--arg,--argstr,--bundler,--commit-lock-file,--debug,--debugger,--eval-store,--impure,--include,--inputs-from,--log-format,--no-registries,--no-update-lock-file,--no-write-lock-file,--out-link,--output-lock-file,--override-flake,--override-input,--print-build-logs,--quiet,--recreate-lock-file,--reference-lock-file,--update-input,--verbose,-I,-L,-o,-v	-
nix copy	-	--arg,--argstr,--commit-lock-file,--debug,--debugger,--eval-store,--from,--impure,--include,--inputs-from,--log-format,--no-check-sigs,--no-registries,--no-update-lock-file,--no-write-lock-file,--output-lock-file,--override-flake,--override-input,--print-build-logs,--quiet,--recreate-lock-file,--reference-lock-file,--stdin,--substitute-on-destination,--to,--update-input,--verbose,-I,-L,-s,-v	-
nix daemon	-	--arg,--argstr,--debug,--debugger,--default-trust,--eval-store,--force-trusted,--force-untrusted,--impure,--include,--log-format,--override-flake,--print-build-logs,--quiet,--stdio,--verbose,-I,-L,-v	-
nix derivation	add,show	-	-
nix derivation add	-	--debug,--dry-run,--log-format,--print-build-logs,--quiet,--verbose,-L,-v	-
nix derivation show	-	--arg,--argstr,--commit-lock-file,--debug,--debugger,--dry-run,--eval-store,--impure,--include,--inputs-from,--log-format,--no-registries,--no-update-lock-file,--no-write-lock-file,--output-lock-file,--override-flake,--override-input,--print-build-logs,--quiet,--recreate-lock-file,--reference-lock-file,--stdin,--update-input,--verbose,-I,-L,-v	-
nix develop	-	--arg,--argstr,--build,--check,--command,--commit-lock-file,--configure,--debug,--debugger,--eval-store,--expr,--file,--ignore-environment,--impure,--include,--inputs-from,--install,--installcheck,--keep,--log-format,--no-registries,--no-update-lock-file,--no-write-lock-file,--output-lock-file,--override-flake,--override-input,--phase,--print-build-logs,--profile,--quiet,--recreate-lock-file,--redirect,--reference-lock-file,--unpack,--unset,--update-input,--verbose,-I,-L,-c,-f,-i,-k,-u,-v	path
nix doctor	-	-	-
nix edit	-	--arg,--argstr,--commit-lock-file,--debug,--debugger,--eval-store,--impure,--include,--inputs-from,--log-format,--no-registries,--no-update-lock-file,--no-write-lock-file,--output-lock-file,--override-flake,--override-input,--print-build-logs,--quiet,--recreate-lock-file,--reference-lock-file,--update-input,--verbose,-I,-L,-v	-
nix eval	-	--apply,--arg,--argstr,--commit-lock-file,--debug,--debugger,--eval-store,--impure,--include,--inputs-from,--json,--log-format,--no-registries,--no-update-lock-file,--no-write-lock-file,--output-lock-file,--override-flake,--override-input,--print-build-logs,--quiet,--raw,--read-only,--recreate-lock-file,--reference-lock-file,--update-input,--verbose,--write-to,-I,-L,-v	path
nix flake	archive,check,clone,info,init,lock,metadata,new,prefetch,show,update	-	-
nix flake archive	-	--arg,--argstr,--commit-lock-file,--debug,--debugger,--dry-run,--eval-store,--impure,--include,--inputs-from,--json,--log-format,--no-registries,--no-update-lock-file,--no-write-lock-file,--output-lock-file,--override-flake,--override-input,--print-build-logs,--quiet,--recreate-lock-file,--reference-lock-file,--to,--update-input,--verbose,-I,-L,-v	-
nix flake check	-	--all-systems,--arg,--argstr,--commit-lock-file,--debug,--debugger,--eval-store,--impure,--include,--inputs-from,--log-format,--no-build,--no-registries,--no-update-lock-file,--no-write-lock-file,--output-lock-file,--override-flake,--override-input,--print-build-logs,--quiet,--recreate-lock-file,--reference-lock-file,--update-input,--verbose,-I,-L,-v	path
nix flake clone	-	--arg,--argstr,--commit-lock-file,--debug,--debugger,--dest,--eval-store,--impure,--include,--inputs-from,--log-format,--no-registries,--no-update-lock-file,--no-write-lock-file,--output-lock-file,--override-flake,--override-input,--print-build-logs,--quiet,--recreate-lock-file,--reference-lock-file,--update-input,--verbose,-I,-L,-f,-v	path
nix flake info	-	--arg,--argstr,--commit-lock-file,--debug,--debugger,--eval-store,--impure,--include,--inputs-from,--json,--log-format,--no-registries,--no-update-lock-file,--no-write-lock-file,--output-lock-file,--override-flake,--override-input,--print-build-logs,--quiet,--recreate-lock-file,--reference-lock-file,--update-input,--verbose,-I,-L,-v	path
nix flake init	-	--arg,--argstr,--debug,--debugger,--eval-store,--impure,--include,--log-format,--override-flake,--print-build-logs,--quiet,--template,--verbose,-I,-L,-t,-v	-
nix flake lock	-	--arg,--argstr,--commit-lock-file,--debug,--debugger,--eval-store,--impure,--include,--inputs-from,--log-format,--no-registries,--no-update-lock-file,--output-lock-file,--override-flake,--override-input,--print-build-logs,--quiet,--recreate-lock-file,--reference-lock-file,--update-input,--verbose,-I,-L,-v	path
nix flake metadata	-	--arg,--argstr,--commit-lock-file,--debug,--debugger,--eval-store,--impure,--include,--inputs-from,--json,--log-format,--no-registries,--no-update-lock-file,--no-write-lock-file,--output-lock-file,--override-flake,--override-input,--print-build-logs,--quiet,--recreate-lock-file,--reference-lock-file,--update-input,--verbose,-I,-L,-v	path
nix flake new	-	--arg,--argstr,--debug,--debugger,--eval-store,--impure,--include,--log-format,--override-flake,--print-build-logs,--quiet,--template,--verbose,-I,-L,-t,-v	path
nix flake prefetch	-	--arg,--argstr,--commit-lock-file,--debug,--debugger,--eval-store,--impure,--include,--inputs-from,--json,--log-format,--no-registries,--no-update-lock-file,--no-write-lock-file,--output-lock-file,--override-flake,--override-input,--print-build-logs,--quiet,--recreate-lock-file,--reference-lock-file,--update-input,--verbose,-I,-L,-v	path
nix flake show	-	--all-systems,--arg,--argstr,--commit-lock-file,--debug,--debugger,--eval-store,--impure,--include,--inputs-from,--json,--legacy,--log-format,--no-registries,--no-update-lock-file,--no-write-lock-file,--output-lock-file,--override-flake,--override-input,--print-build-logs,--quiet,--recreate-lock-file,--reference-lock-file,--update-input,--verbose,-I,-L,-v	path
nix flake update	-	--arg,--argstr,--commit-lock-file,--debug,--debugger,--eval-store,--impure,--include,--inputs-from,--log-format,--no-registries,--output-lock-file,--override-flake,--override-input,--print-build-logs,--quiet,--reference-lock-file,--verbose,-I,-L,-v	path
nix fmt	-	--arg,--argstr,--commit-lock-file,--debug,--debugger,--eval-store,--impure,--include,--inputs-from,--log-format,--no-registries,--no-update-lock-file,--no-write-lock-file,--output-lock-file,--override-flake,--override-input,--print-build-logs,--quiet,--recreate-lock-file,--reference-lock-file,--update-input,--verbose,-I,-L,-v	path
nix hash	file,path,to-base16,to-base32,to-base64,to-sri	-	-
nix hash file	-	--base16,--base32,--base64,--debug,--log-format,--print-build-logs,--quiet,--sri,--type,--verbose,-L,-v	path
nix hash path	-	--base16,--base32,--base64,--debug,--log-format,--print-build-logs,--quiet,--sri,--type,--verbose,-L,-v	path
nix hash to-base16	-	--debug,--log-format,--print-build-logs,--quiet,--type,--verbose,-L,-v	path
nix hash to-base32	-	--debug,--log-format,--print-build-logs,--quiet,--type,--verbose,-L,-v	path
nix hash to-base64	-	--debug,--log-format,--print-build-logs,--quiet,--type,--verbose,-L,-v	path
nix hash to-sri	-	--debug,--log-format,--print-build-logs,--quiet,--type,--verbose,-L,-v	path
nix help	-	-	-
nix key	convert-secret-to-public,generate-secret	-	-
nix key convert-secret-to-public	-	-	-
nix key generate-secret	-	--debug,--key-name,--log-format,--print-build-logs,--quiet,--verbose,-L,-v	-
nix log	-	--arg,--argstr,--commit-lock-file,--debug,--debugger,--eval-store,--impure,--include,--inputs-from,--log-format,--no-registries,--no-update-lock-file,--no-write-lock-file,--output-lock-file,--override-flake,--override-input,--print-build-logs,--quiet,--recreate-lock-file,--reference-lock-file,--update-input,--verbose,-I,-L,-v	-
nix nar	cat,dump-path,ls	-	-
nix nar cat	-	-	path
nix nar dump-path	-	-	path
nix nar ls	-	--debug,--directory,--json,--log-format,--long,--print-build-logs,--quiet,--recursive,--verbose,-L,-R,-d,-l,-v	path
nix path-info	-	--arg,--argstr,--closure-size,--commit-lock-file,--debug,--debugger,--eval-store,--human-readable,--impure,--include,--inputs-from,--json,--log-format,--no-registries,--no-update-lock-file,--no-write-lock-file,--output-lock-file,--override-flake,--override-input,--print-build-logs,--quiet,--recreate-lock-file,--reference-lock-file,--sigs,--size,--update-input,--verbose,-I,-L,-S,-h,-s,-v	-
nix print-dev-env	-	--arg,--argstr,--commit-lock-file,--debug,--debugger,--eval-store,--impure,--include,--inputs-from,--json,--log-format,--no-registries,--no-update-lock-file,--no-write-lock-file,--output-lock-file,--override-flake,--override-input,--print-build-logs,--profile,--quiet,--recreate-lock-file,--redirect,--reference-lock-file,--update-input,--verbose,-I,-L,-v	-
nix profile	diff-closures,history,install,list,remove,rollback,upgrade,wipe-history	-	-
nix profile diff-closures	-	--debug,--log-format,--print-build-logs,--profile,--quiet,--verbose,-L,-v	-
nix profile history	-	--arg,--argstr,--debug,--debugger,--eval-store,--impure,--include,--log-format,--override-flake,--print-build-logs,--profile,--quiet,--verbose,-I,-L,-v	-
nix profile install	-	--arg,--argstr,--commit-lock-file,--debug,--debugger,--eval-store,--impure,--include,--inputs-from,--log-format,--no-registries,--no-update-lock-file,--no-write-lock-file,--output-lock-file,--override-flake,--override-input,--print-build-logs,--priority,--profile,--quiet,--recreate-lock-file,--reference-lock-file,--stdin,--update-input,--verbose,-I,-L,-v	-
nix profile list	-	--arg,--argstr,--debug,--debugger,--eval-store,--impure,--include,--log-format,--override-flake,--print-build-logs,--profile,--quiet,--verbose,-I,-L,-v	-
nix profile remove	-	--arg,--argstr,--debug,--debugger,--eval-store,--impure,--include,--log-format,--override-flake,--print-build-logs,--profile,--quiet,--verbose,-I,-L,-v	-
nix profile rollback	-	--dry-run,--profile,--to	-
nix profile upgrade	-	--arg,--argstr,--commit-lock-file,--debug,--debugger,--eval-store,--impure,--include,--inputs-from,--log-format,--no-registries,--no-update-lock-file,--no-write-lock-file,--output-lock-file,--override-flake,--override-input,--print-build-logs,--profile,--quiet,--recreate-lock-file,--reference-lock-file,--update-input,--verbose,-I,-L,-v	-
nix profile wipe-history	-	--dry-run,--older-than,--profile	-
nix realisation	info	-	-
nix realisation info	-	--arg,--argstr,--commit-lock-file,--debug,--debugger,--eval-store,--impure,--include,--inputs-from,--json,--log-format,--no-registries,--no-update-lock-file,--no-write-lock-file,--output-lock-file,--override-flake,--override-input,--print-build-logs,--quiet,--recreate-lock-file,--reference-lock-file,--update-input,--verbose,-I,-L,-v	-
nix registry	add,list,pin,remove	-	-
nix registry add	-	--arg,--argstr,--debug,--debugger,--eval-store,--impure,--include,--log-format,--override-flake,--print-build-logs,--quiet,--registry,--verbose,-I,-L,-v	-
nix registry list	-	-	-
nix registry pin	-	--arg,--argstr,--debug,--debugger,--eval-store,--impure,--include,--log-format,--override-flake,--print-build-logs,--quiet,--registry,--verbose,-I,-L,-v	path
nix registry remove	-	--debug,--log-format,--print-build-logs,--quiet,--registry,--verbose,-L,-v	path
nix repl	-	--arg,--argstr,--commit-lock-file,--debug,--debugger,--eval-store,--expr,--file,--impure,--include,--inputs-from,--log-format,--no-registries,--no-update-lock-file,--no-write-lock-file,--output-lock-file,--override-flake,--override-input,--print-build-logs,--quiet,--recreate-lock-file,--reference-lock-file,--stdin,--update-input,--verbose,-I,-L,-f,-v	-
nix run	-	--arg,--argstr,--commit-lock-file,--debug,--debugger,--eval-store,--impure,--include,--inputs-from,--log-format,--no-registries,--no-update-lock-file,--no-write-lock-file,--output-lock-file,--override-flake,--override-input,--print-build-logs,--quiet,--recreate-lock-file,--reference-lock-file,--update-input,--verbose,-I,-L,-v	-
nix search	-	--arg,--argstr,--commit-lock-file,--debug,--debugger,--eval-store,--exclude,--impure,--include,--inputs-from,--json,--log-format,--no-registries,--no-update-lock-file,--no-write-lock-file,--output-lock-file,--override-flake,--override-input,--print-build-logs,--quiet,--recreate-lock-file,--reference-lock-file,--update-input,--verbose,-I,-L,-e,-v	-
nix shell	-	--arg,--argstr,--command,--commit-lock-file,--debug,--debugger,--eval-store,--ignore-environment,--impure,--include,--inputs-from,--keep,--log-format,--no-registries,--no-update-lock-file,--no-write-lock-file,--output-lock-file,--override-flake,--override-input,--print-build-logs,--quiet,--recreate-lock-file,--reference-lock-file,--stdin,--unset,--update-input,--verbose,-I,-L,-c,-i,-k,-u,-v	-
nix show-config	-	--debug,--json,--log-format,--print-build-logs,--quiet,--verbose,-L,-v	-
nix store	add-file,add-path,cat,copy-log,copy-sigs,delete,diff-closures,dump-path,gc,ls,make-content-addressed,optimise,path-from-hash-part,ping,prefetch-file,repair,sign,verify	-	-
nix store add-file	-	--debug,--dry-run,--log-format,--name,--print-build-logs,--quiet,--verbose,-L,-n,-v	path
nix store add-path	-	--debug,--dry-run,--log-format,--name,--print-build-logs,--quiet,--verbose,-L,-n,-v	-
nix store cat	-	-	-
nix store copy-log	-	--arg,--argstr,--commit-lock-file,--debug,--debugger,--eval-store,--from,--impure,--include,--inputs-from,--log-format,--no-registries,--no-update-lock-file,--no-write-lock-file,--output-lock-file,--override-flake,--override-input,--print-build-logs,--quiet,--recreate-lock-file,--reference-lock-file,--stdin,--to,--update-input,--verbose,-I,-L,-v	-
nix store copy-sigs	-	--arg,--argstr,--commit-lock-file,--debug,--debugger,--eval-store,--impure,--include,--inputs-from,--log-format,--no-registries,--no-update-lock-file,--no-write-lock-file,--output-lock-file,--override-flake,--override-input,--print-build-logs,--quiet,--recreate-lock-file,--reference-lock-file,--stdin,--substituter,--update-input,--verbose,-I,-L,-s,-v	-
nix store delete	-	--arg,--argstr,--commit-lock-file,--debug,--debugger,--eval-store,--ignore-liveness,--impure,--include,--inputs-from,--log-format,--no-registries,--no-update-lock-file,--no-write-lock-file,--output-lock-file,--override-flake,--override-input,--print-build-logs,--quiet,--recreate-lock-file,--reference-lock-file,--stdin,--update-input,--verbose,-I,-L,-v	-
nix store diff-closures	-	--arg,--argstr,--commit-lock-file,--debug,--debugger,--eval-store,--impure,--include,--inputs-from,--log-format,--no-registries,--no-update-lock-file,--no-write-lock-file,--output-lock-file,--override-flake,--override-input,--print-build-logs,--quiet,--recreate-lock-file,--reference-lock-file,--update-input,--verbose,-I,-L,-v	-
nix store dump-path	-	--arg,--argstr,--commit-lock-file,--debug,--debugger,--eval-store,--impure,--include,--inputs-from,--log-format,--no-registries,--no-update-lock-file,--no-write-lock-file,--output-lock-file,--override-flake,--override-input,--print-build-logs,--quiet,--recreate-lock-file,--reference-lock-file,--stdin,--update-input,--verbose,-I,-L,-v	-
nix store gc	-	--debug,--dry-run,--log-format,--max,--print-build-logs,--quiet,--verbose,-L,-v	-
nix store ls	-	--debug,--directory,--json,--log-format,--long,--print-build-logs,--quiet,--recursive,--verbose,-L,-R,-d,-l,-v	path
nix store make-content-addressed	-	--arg,--argstr,--commit-lock-file,--debug,--debugger,--eval-store,--from,--impure,--include,--inputs-from,--json,--log-format,--no-registries,--no-update-lock-file,--no-write-lock-file,--output-lock-file,--override-flake,--override-input,--print-build-logs,--quiet,--recreate-lock-file,--reference-lock-file,--stdin,--to,--update-input,--verbose,-I,-L,-v	-
nix store optimise	-	-	-
nix store path-from-hash-part	-	-	-
nix store ping	-	--debug,--json,--log-format,--print-build-logs,--quiet,--verbose,-L,-v	-
nix store prefetch-file	-	--debug,--executable,--expected-hash,--hash-type,--json,--log-format,--name,--print-build-logs,--quiet,--verbose,-L,-v	-
nix store repair	-	--arg,--argstr,--commit-lock-file,--debug,--debugger,--eval-store,--impure,--include,--inputs-from,--log-format,--no-registries,--no-update-lock-file,--no-write-lock-file,--output-lock-file,--override-flake,--override-input,--print-build-logs,--quiet,--recreate-lock-file,--reference-lock-file,--stdin,--update-input,--verbose,-I,-L,-v	-
nix store sign	-	--arg,--argstr,--commit-lock-file,--debug,--debugger,--eval-store,--impure,--include,--inputs-from,--key-file,--log-format,--no-registries,--no-update-lock-file,--no-write-lock-file,--output-lock-file,--override-flake,--override-input,--print-build-logs,--quiet,--recreate-lock-file,--reference-lock-file,--stdin,--update-input,--verbose,-I,-L,-k,-v	-
nix store verify	-	--arg,--argstr,--commit-lock-file,--debug,--debugger,--eval-store,--impure,--include,--inputs-from,--log-format,--no-contents,--no-registries,--no-trust,--no-update-lock-file,--no-write-lock-file,--output-lock-file,--override-flake,--override-input,--print-build-logs,--quiet,--recreate-lock-file,--reference-lock-file,--sigs-needed,--stdin,--substituter,--update-input,--verbose,-I,-L,-n,-s,-v	-
nix upgrade-nix	-	--debug,--dry-run,--log-format,--nix-store-paths-url,--print-build-logs,--profile,--quiet,--verbose,-L,-p,-v	-
nix why-depends	-	--all,--arg,--argstr,--commit-lock-file,--debug,--debugger,--eval-store,--impure,--include,--inputs-from,--log-format,--no-registries,--no-update-lock-file,--no-write-lock-file,--output-lock-file,--override-flake,--override-input,--precise,--print-build-logs,--quiet,--recreate-lock-file,--reference-lock-file,--update-input,--verbose,-I,-L,-a,-v	-
nix-build	-	--arg,--argstr,--attr,--dry-run,--help,--include,--no-out-link,--out-link,-A,-I,-o	path
nix-channel	-	--add,--help,--list,--remove,--rollback,--update	-
nix-instantiate	-	--add-root,--arg,--argstr,--attr,--dry-run,--eval,--expr,--find-file,--help,--include,--json,--parse,--read-write-mode,--strict,--xml,-A,-E,-I	path
nix-shell	-	--arg,--argstr,--command,--exclude,--expr,--help,--include,--keep,--packages,--pure,--run,-E,-I,-p	path
nixos-rebuild	boot,build,build-vm,build-vm-with-bootloader,dry-activate,dry-build,edit,list-generations,repl,switch	--accept-flake-config,--ask-sudo-password,--build-host,--builders,--diff,--fallback,--flake,--help,--impure,--install-bootloader,--keep-failed,--keep-going,--log-format,--max-jobs,--no-build-nix,--no-build-output,--no-flake,--no-net,--no-reexec,--offline,--option,--print-build-logs,--profile-name,--quiet,--refresh,--rollback,--show-trace,--specialisation,--sudo,--target-host,--upgrade,--upgrade-all,--use-substitutes,--verbose,-L,-Q,-S,-c,-p,-v	-
nixos-rebuild boot	-	-	-
nixos-rebuild build	-	-	-
nixos-rebuild build-vm	-	-	-
nixos-rebuild build-vm-with-bootloader	-	-	-
nixos-rebuild dry-activate	-	-	-
nixos-rebuild dry-build	-	-	-
nixos-rebuild edit	-	-	-
nixos-rebuild list-generations	-	--json	-
nixos-rebuild repl	-	-	-
nixos-rebuild switch	-	-	-
nl	-	--body-numbering,--footer-numbering,--header-numbering,--help,--join-blank-lines,--line-increment,--no-renumber,--number-format,--number-separator,--number-width,--section-delimiter,--starting-line-number,--version,-b,-d,-f,-h,-i,-l,-n,-p,-s,-v,-w	path
nmcli	agent,connection,device,general,monitor,networking,radio	--ask,--colors,--escape,--fields,--get-values,--help,--mode,--overview,--pretty,--show-secrets,--terse,--version,--wait,-a,-c,-e,-f,-g,-h,-m,-o,-p,-s,-t,-v,-w	-
nmcli agent	-	-	-
nmcli connection	add,clone,delete,down,edit,export,import,load,modify,monitor,reload,show,up	-	-
nmcli connection add	-	-	-
nmcli connection clone	-	--temporary	path
nmcli connection delete	-	-	path
nmcli connection down	-	-	path
nmcli connection edit	-	-	path
nmcli connection export	-	-	path
nmcli connection import	-	--temporary	path
nmcli connection load	-	-	path
nmcli connection modify	-	--temporary	path
nmcli connection monitor	-	-	path
nmcli connection reload	-	-	-
nmcli connection show	-	--active,--order	path
nmcli connection up	-	-	path
nmcli device	connect,delete,disconnect,modify,monitor,reapply,set,show,status,wifi	-	-
nmcli device connect	-	-	path
nmcli device delete	-	-	path
nmcli device disconnect	-	-	path
nmcli device modify	-	-	path
nmcli device monitor	-	-	path
nmcli device reapply	-	-	path
nmcli device set	-	-	path
nmcli device show	-	-	path
nmcli device status	-	-	-
nmcli device wifi	connect,hotspot,list,rescan	-	-
nmcli device wifi connect	-	-	path
nmcli device wifi hotspot	-	-	-
nmcli device wifi list	-	--rescan	-
nmcli device wifi rescan	-	-	-
nmcli general	hostname,logging,permissions,status	-	-
nmcli general hostname	-	-	path
nmcli general logging	-	-	-
nmcli general permissions	-	-	-
nmcli general status	-	-	-
nmcli monitor	-	-	-
nmcli networking	-	-	-
nmcli radio	-	-	-
node	-	--abort-on-uncaught-exception,--allow-addons,--allow-child-process,--allow-fs-read,--allow-fs-write,--allow-wasi,--allow-worker,--build-snapshot,--check,--completion-bash,--conditions,--cpu-prof,--cpu-prof-dir,--cpu-prof-interval,--cpu-prof-name,--debug-port,--diagnostic-dir,--disable-proto,--disable-sigusr1,--disable-warning,--disallow-code-generation-from-strings,--dns-result-order,--enable-etw-stack-walking,--enable-fips,--enable-network-family-autoselection,--enable-source-maps,--entry-url,--env-file,--env-file-if-exists,--eval,--experimental-addon-modules,--experimental-config-file,--experimental-default-config-file,--experimental-eventsource,--experimental-import-meta-resolve,--experimental-inspector-network-resource,--experimental-network-inspection,--experimental-print-required-tla,--experimental-sea-config,--experimental-test-coverage,--experimental-test-isolation,--experimental-test-module-mocks,--experimental-transform-types,--experimental-vm-modules,--experimental-webstorage,--experimental-worker-inspection,--expose-gc,--force-context-aware,--force-fips,--force-node-api-uncaught-exceptions-policy,--frozen-intrinsics,--heap-prof,--heap-prof-dir,--heap-prof-interval,--heap-prof-name,--heapsnapshot-near-heap-limit,--heapsnapshot-signal,--help,--icu-data-dir,--import,--input-type,--insecure-http-parser,--inspect,--inspect-port,--inspect-publish-uid,--inspect-wait,--interactive,--interpreted-frames-native-stack,--jitless,--loader,--localstorage-file,--max-http-header-size,--max-old-space-size-percentage,--network-family-autoselection-attempt-timeout,--no-addons,--no-async-context-frame,--no-deprecation,--no-experimental-detect-module,--no-experimental-global-navigator,--no-experimental-repl-await,--no-experimental-require-module,--no-experimental-sqlite,--no-experimental-strip-types,--no-extra-info-on-fatal-exception,--no-force-async-hooks-checks,--no-global-search-paths,--no-network-family-autoselection,--no-warnings,--node-memory-debug,--openssl-config,--openssl-legacy-provider,--openssl-shared-config,--pending-deprecation,--permission,--preserve-symlinks,--preserve-symlinks-main,--print,--prof,--prof-process,--redirect-warnings,--report-compact,--report-dir,--report-directory,--report-exclude-env,--report-exclude-network,--report-filename,--report-on-fatalerror,--report-on-signal,--report-signal,--report-uncaught-exception,--require,--run,--secure-heap,--secure-heap-min,--snapshot-blob,--test,--test-concurrency,--test-coverage-branches,--test-coverage-exclude,--test-coverage-functions,--test-coverage-include,--test-coverage-lines,--test-force-exit,--test-global-setup,--test-isolation,--test-name-pattern,--test-only,--test-reporter,--test-reporter-destination,--test-rerun-failures,--test-shard,--test-skip-pattern,--test-timeout,--test-update-snapshots,--throw-deprecation,--title,--tls-cipher-list,--tls-keylog,--trace-deprecation,--trace-env,--trace-env-js-stack,--trace-env-native-stack,--trace-event-categories,--trace-event-file-pattern,--trace-exit,--trace-promises,--trace-require-module,--trace-sigint,--trace-sync-io,--trace-tls,--trace-uncaught,--trace-warnings,--track-heap-objects,--unhandled-rejections,--use-bundled-ca,--use-env-proxy,--use-largepages,--use-openssl-ca,--use-system-ca,--v8-options,--v8-pool-size,--version,--watch,--watch-kill-signal,--watch-path,--watch-preserve-output,--zero-fill-buffers,-C,-c,-e,-h,-i,-p,-r,-v	path
nohup	-	--help,--version	-
npm	access,adduser,audit,bin,bugs,cache,ci,completion,config,dedupe,deprecate,diff,dist-tag,docs,doctor,edit,exec,explain,explore,find-dupes,fund,get,help,hook,init,install,install-ci-test,install-test,link,ll,login,org,outdated,owner,pack,ping,prefix,profile,prune,publish,rebuild,repo,restart,root,run,run-script,search,set,set-script,shrinkwrap,star,stars,start,stop,team,test,token,uninstall,unpublish,unstar,update,version,view,whoami	--registry	-
npm access	2fa-not-required,2fa-required,edit,grant,ls-collaborators,ls-packages,public,restricted,revoke	-	-
npm access 2fa-not-required	-	-	path
npm access 2fa-required	-	-	path
npm access edit	-	-	path
npm access grant	-	-	-
npm access ls-collaborators	-	-	path
npm access ls-packages	-	-	-
npm access public	-	-	path
npm access restricted	-	-	path
npm access revoke	-	-	-
npm adduser	-	--scope	-
npm audit	-	--audit-level,--dry-run,--force,--json,--omit,--package-lock-only,--workspace,--workspaces,-f,-w	-
npm bin	-	--global,-g	-
npm bugs	-	--browser	path
npm cache	add,clean,verify	-	-
npm cache add	-	-	path
npm cache clean	-	-	-
npm cache verify	-	-	-
npm ci	-	--ignore-scripts,--script-shell	-
npm completion	-	-	-
npm config	delete,edit,get,list,set	--global,-g	-
npm config delete	-	-	path
npm config edit	-	--editor	-
npm config get	-	-	path
npm config list	-	--json	-
npm config set	-	-	path
npm dedupe	-	--audit,--bin-links,--dry-run,--fund,--global-style,--ignore-scripts,--legacy-bundling,--omit,--package-lock,--strict-peer-deps,--workspace,--workspaces,-w	-
npm deprecate	-	--otp	path
npm diff	-	--diff,--diff-dest-prefix,--diff-ignore-all-space,--diff-name-only,--diff-no-prefix,--diff-src-prefix,--diff-text,--diff-unified,--global,--tag,-g	-
npm dist-tag	add,ls,rm	--workspace,--workspaces,-w	-
npm dist-tag add	-	-	path
npm dist-tag ls	-	-	path
npm dist-tag rm	-	-	path
npm docs	-	--browser,--workspace,--workspaces,-w	path
npm doctor	-	-	-
npm edit	-	--editor	path
npm exec	-	--call,--package,--workspace,--workspaces,-w	-
npm explain	-	--json,--workspace,--workspaces,-w	path
npm explore	-	--shell	path
npm find-dupes	-	--bin-links,--fund,--global-style,--ignore-scripts,--legacy-bundling,--omit,--package-lock,--strict-peer-deps,--workspace,--workspaces,-w	-
npm fund	-	--browser,--json,--unicode,--which,--workspace,--workspaces,-w	path
npm get	-	-	path
npm help	-	--viewer	-
npm hook	add,ls,rm,update	--otp	-
npm hook add	-	--type	path
npm hook ls	-	-	path
npm hook rm	-	-	-
npm hook update	-	-	-
npm init	-	--force,--if-present,--scope,--workspace,--workspaces,--yes,-f,-w,-y	-
npm install	-	--audit,--bin-links,--dry-run,--fund,--global,--global-style,--ignore-scripts,--legacy-bundling,--no-save,--omit,--package-lock,--save,--save-dev,--save-exact,--save-optional,--save-peer,--save-prod,--strict-peer-deps,--workspace,--workspaces,-E,-S,-g,-w	path
npm install-ci-test	-	--ignore-scripts,--script-shell	-
npm install-test	-	--audit,--bin-links,--dry-run,--fund,--global,--global-style,--ignore-scripts,--legacy-bundling,--no-save,--omit,--package-lock,--save,--save-dev,--save-exact,--save-optional,--save-peer,--save-prod,--strict-peer-deps,--workspace,--workspaces,-E,-S,-g,-w	path
npm link	-	--audit,--bin-links,--dry-run,--fund,--global,--global-style,--ignore-scripts,--legacy-bundling,--no-save,--omit,--package-lock,--save,--save-dev,--save-exact,--save-optional,--save-peer,--save-prod,--strict-peer-deps,--workspace,--workspaces,-E,-S,-g,-w	path
npm ll	-	--all,--depth,--global,--json,--link,--long,--omit,--package-lock-only,--parseable,--unicode,--workspace,--workspaces,-a,-g,-l,-p,-w	path
npm login	-	--scope	-
npm org	ls,rm,set	--json,--otp,--parseable,-p	-
npm org ls	-	-	-
npm org rm	-	-	-
npm org set	-	-	-
npm outdated	-	--all,--global,--json,--long,--parseable,--workspace,--workspaces,-a,-g,-l,-p,-w	path
npm owner	add,ls,rm	--otp	-
npm owner add	-	-	-
npm owner ls	-	-	path
npm owner rm	-	-	-
npm pack	-	--dry-run,--json,--workspace,--workspaces,-w	path
npm ping	-	-	-
npm prefix	-	--global,-g	-
npm profile	disable-2fa,enable-2fa,get,set	--json,--otp,--parseable,-p	-
npm profile disable-2fa	-	-	-
npm profile enable-2fa	-	-	-
npm profile get	-	-	-
npm profile set	-	-	-
npm prune	-	--dry-run,--json,--omit,--workspace,--workspaces,-w	path
npm publish	-	--access,--dry-run,--otp,--tag,--workspace,--workspaces,-w	path
npm rebuild	-	--bin-links,--global,--ignore-scripts,--workspace,--workspaces,-g,-w	path
npm repo	-	--browser,--workspace,--workspaces,-w	path
npm restart	-	--ignore-scripts,--script-shell	-
npm root	-	--global,-g	-
npm run	-	--if-present,--ignore-scripts,--script-shell,--workspace,--workspaces,-w	path
npm run-script	-	--if-present,--ignore-scripts,--script-shell,--workspace,--workspaces,-w	path
npm search	-	--color,--json,--long,--no-description,--offline,--parseable,--prefer-offline,--prefer-online,--searchexclude,--searchopts,-l,-p	-
npm set	-	-	path
npm set-script	-	--workspace,--workspaces,-w	path
npm shrinkwrap	-	-	-
npm star	-	--unicode	path
npm stars	-	-	-
npm start	-	--ignore-scripts,--script-shell	-
npm stop	-	--ignore-scripts,--script-shell	-
npm team	add,create,destroy,ls,rm	--json,--otp,--parseable,-p	-
npm team add	-	-	-
npm team create	-	-	-
npm team destroy	-	-	-
npm team ls	-	-	-
npm team rm	-	-	-
npm test	-	--ignore-scripts,--script-shell	-
npm token	create,list,revoke	--otp	-
npm token create	-	--cidr,--read-only	-
npm token list	-	-	-
npm token revoke	-	-	-
npm uninstall	-	--no-save,--save,--save-dev,--save-optional,--save-peer,--save-prod,--workspace,--workspaces,-S,-w	path
npm unpublish	-	--dry-run,--force,--workspace,--workspaces,-f,-w	path
npm unstar	-	--otp,--unicode	path
npm update	-	--audit,--bin-links,--dry-run,--fund,--global,--global-style,--ignore-scripts,--legacy-bundling,--omit,--package-lock,--strict-peer-deps,--workspace,--workspaces,-g,-w	path
npm version	-	--allow-same-version,--commit-hooks,--git-tag-version,--json,--prerelease-id,--sign-git-tag,--workspace,--workspaces,-w	-
npm view	-	--json,--workspace,--workspaces,-w	path
npm whoami	-	-	-
nproc	-	--all,--help,--ignore,--version	-
ntpd	-	-4,-6,-A,-D,-G,-I,-L,-N,-P,-U,-a,-b,-c,-d,-f,-g,-i,-k,-l,-n,-p,-q,-r,-s,-t,-u,-w,-x	-
nu	-	--commands,--config,--env-config,--execute,--help,--ide-ast,--ide-check,--ide-complete,--ide-goto-def,--ide-hover,--include-path,--interactive,--log-level,--log-target,--login,--no-config-file,--no-std-lib,--plugin-config,--stdin,--table-mode,--testbin,--threads,--version,-I,-c,-e,-h,-i,-l,-m,-n,-t,-v	path
numfmt	-	--debug,--delimiter,--field,--format,--from,--from-unit,--grouping,--header,--help,--invalid,--padding,--round,--suffix,--to,--to-unit,--version,--zero-terminated,-d,-z	-
nvim	-	--api-info,--cmd,--embed,--headless,--help,--listen,--noplugin,--startuptime,--version,-M,-O,-R,-S,-V,-Z,-b,-d,-h,-i,-m,-n,-o,-p,-r,-s,-u,-v	path
od	-	--address-radix,--endian,--format,--help,--output-duplicates,--read-bytes,--skip-bytes,--traditional,--version,-A,-N,-j,-t,-v	path
ollama	cp,create,help,list,ls,pull,push,rm,run,serve,show,start	--version,-v	-
ollama cp	-	-	-
ollama create	-	--file,-f	-
ollama help	-	-	-
ollama list	-	-	-
ollama ls	-	-	-
ollama pull	-	--insecure	-
ollama push	-	--insecure	-
ollama rm	-	-	-
ollama run	-	--format,--insecure,--nowordwrap,--verbose	path
ollama serve	-	-	-
ollama show	-	--license,--modelfile,--parameters,--system,--template	path
ollama start	-	-	-
openscad	-	--D,--P,--autocenter,--camera,--check-parameter-ranges,--check-parameters,--colorscheme,--csglimit,--d,--debug,--hardwarnings,--help,--imgsize,--info,--m,--o,--p,--preview,--projection,--quiet,--render,--version,--view,--viewall,-D,-P,-d,-h,-m,-o,-p,-q,-v	path
openssl	aes-128-cbc,aes-128-ecb,aes-192-cbc,aes-192-ecb,aes-256-cbc,aes-256-ecb,aria-128-cbc,aria-128-cf8,aria-128-cfb,aria-128-cfb1,aria-128-ctr,aria-128-ecb,aria-128-ofb,aria-192-cbc,aria-192-cfb,aria-192-cfb1,aria-192-cfb8,aria-192-ctr,aria-192-ecb,aria-192-ofb,aria-256-cbc,aria-256-cfb,aria-256-cfb1,aria-256-cfb8,aria-256-ctr,aria-256-ecb,aria-256-ofb,asn1parse,base64,bf,bf-cbc,bf-cfb,bf-ecb,bf-ofb,blake2b512,blake2s256,ca,camellia-128-cbc,camellia-128-ecb,camellia-192-cbc,camellia-192-ecb,camellia-256-cbc,camellia-256-ecb,cast,cast-cbc,cast5-cbc,cast5-cfb,cast5-ecb,cast5-ofb,ciphers,cmp,cms,configutl,crl,crl2pkcs7,des,des-cbc,des-cfb,des-ecb,des-ede,des-ede-cbc,des-ede-cfb,des-ede-ofb,des-ede3,des-ede3-cbc,des-ede3-cfb,des-ede3-ofb,des-ofb,des3,desx,dgst,dhparam,dsa,dsaparam,ec,ecparam,enc,errstr,fipsinstall,gendsa,genpkey,genrsa,help,idea,idea-cbc,idea-cfb,idea-ecb,idea-ofb,info,kdf,list,mac,md4,md5,mdc2,nseq,ocsp,passwd,pkcs12,pkcs7,pkcs8,pkey,pkeyparam,pkeyutl,prime,rand,rc2,rc2-40-cbc,rc2-64-cbc,rc2-cbc,rc2-cfb,rc2-ecb,rc2-ofb,rc4,rc4-40,rehash,req,rmd160,rsa,rsautl,s_client,s_server,s_time,seed,seed-cbc,seed-cfb,seed-ecb,seed-ofb,sess_id,sha1,sha224,sha256,sha3-224,sha3-256,sha3-384,sha3-512,sha384,sha512,sha512-224,sha512-256,shake128,shake256,skeyutl,sm3,sm4-cbc,sm4-cfb,sm4-ctr,sm4-ecb,sm4-ofb,smime,speed,spkac,srp,storeutl,ts,verify,version,x509	-help	-
openssl aes-128-cbc	-	-	-
openssl aes-128-ecb	-	-	-
openssl aes-192-cbc	-	-	-
openssl aes-192-ecb	-	-	-
openssl aes-256-cbc	-	-	-
openssl aes-256-ecb	-	-	-
openssl aria-128-cbc	-	-	-
openssl aria-128-cf8	-	-	-
openssl aria-128-cfb	-	-	-
openssl aria-128-cfb1	-	-	-
openssl aria-128-ctr	-	-	-
openssl aria-128-ecb	-	-	-
openssl aria-128-ofb	-	-	-
openssl aria-192-cbc	-	-	-
openssl aria-192-cfb	-	-	-
openssl aria-192-cfb1	-	-	-
openssl aria-192-cfb8	-	-	-
openssl aria-192-ctr	-	-	-
openssl aria-192-ecb	-	-	-
openssl aria-192-ofb	-	-	-
openssl aria-256-cbc	-	-	-
openssl aria-256-cfb	-	-	-
openssl aria-256-cfb1	-	-	-
openssl aria-256-cfb8	-	-	-
openssl aria-256-ctr	-	-	-
openssl aria-256-ecb	-	-	-
openssl aria-256-ofb	-	-	-
openssl asn1parse	-	-dlimit,-dump,-genconf,-genstr,-i,-in,-inform,-item,-length,-noout,-offset,-oid,-out,-strictpem,-strparse	-
openssl base64	-	-	-
openssl bf	-	-	-
openssl bf-cbc	-	-	-
openssl bf-cfb	-	-	-
openssl bf-ecb	-	-	-
openssl bf-ofb	-	-	-
openssl blake2b512	-	-	path
openssl blake2s256	-	-	path
openssl ca	-	-batch,-cert,-certform,-config,-create_serial,-crl_CA_compromise,-crl_compromise,-crl_hold,-crl_lastupdate,-crl_nextupdate,-crl_reason,-crldays,-crlexts,-crlhours,-crlsec,-dateopt,-days,-enddate,-extensions,-extfile,-gencrl,-in,-infiles,-inform,-key,-keyfile,-keyform,-md,-msie_hack,-multivalue-rdn,-name,-noemailDN,-not_after,-not_before,-notext,-out,-outdir,-passin,-policy,-preserveDN,-propquery,-provider,-provider-path,-provparam,-quiet,-rand,-rand_serial,-revoke,-section,-selfsign,-sigopt,-spkac,-ss_cert,-startdate,-status,-subj,-updatedb,-utf8,-valid,-verbose,-vfyopt,-writerand	-
openssl camellia-128-cbc	-	-	-
openssl camellia-128-ecb	-	-	-
openssl camellia-192-cbc	-	-	-
openssl camellia-192-ecb	-	-	-
openssl camellia-256-cbc	-	-	-
openssl camellia-256-ecb	-	-	-
openssl cast	-	-	-
openssl cast-cbc	-	-	-
openssl cast5-cbc	-	-	-
openssl cast5-cfb	-	-	-
openssl cast5-ecb	-	-	-
openssl cast5-ofb	-	-	-
openssl ciphers	-	-V,-ciphersuites,-convert,-propquery,-provider,-provider-path,-provparam,-psk,-s,-srp,-stdname,-tls1,-tls1_1,-tls1_2,-tls1_3,-v	-
openssl cmp	-	-accept_raverified,-accept_unprot_err,-accept_unprotected,-allow_proxy_certs,-attime,-auth_level,-batch,-cacertsout,-centralkeygen,-cert,-certform,-certout,-chainout,-check_after,-check_ss_sig,-cmd,-config,-crl_check,-crl_check_all,-crlcert,-crlform,-crlout,-csr,-days,-digest,-disable_confirm,-expect_sender,-explicit_policy,-extended_crl,-extracerts,-extracertsout,-failure,-failurebits,-geninfo,-grant_implicitconf,-ignore_critical,-ignore_keyusage,-implicit_confirm,-infotype,-inhibit_any,-inhibit_map,-issuer,-issuer_checks,-keep_alive,-key,-keyform,-keypass,-keyspec,-mac,-max_msgs,-msg_timeout,-newkey,-newkeyout,-newkeypass,-newwithnew,-newwithold,-no_alt_chains,-no_cache_extracerts,-no_check_time,-no_proxy,-oldcert,-oldcrl,-oldwithnew,-oldwithold,-otherpass,-out_trusted,-own_trusted,-partial_chain,-path,-pkistatus,-policies,-policy,-policy_check,-policy_oids,-policy_oids_critical,-policy_print,-poll_count,-popo,-port,-profile,-propquery,-provider,-provider-path,-provparam,-proxy,-purpose,-rand,-recipient,-ref,-ref_cert,-repeat,-reqexts,-reqin,-reqin_new_tid,-reqout,-reqout_only,-revreason,-rsp_capubs,-rsp_cert,-rsp_crl,-rsp_extracerts,-rsp_key,-rsp_keypass,-rsp_newwithnew,-rsp_newwithold,-rsp_oldwithnew,-rspin,-rspout,-san_nodefault,-sans,-secret,-section,-send_error,-send_unprot_err,-send_unprotected,-serial,-server,-srv_cert,-srv_key,-srv_keypass,-srv_ref,-srv_secret,-srv_trusted,-srv_untrusted,-srvcert,-srvcertout,-statusstring,-subject,-suiteB_128,-suiteB_128_only,-suiteB_192,-ta_in_ip_extracerts,-template,-tls_cert,-tls_extra,-tls_host,-tls_key,-tls_keypass,-tls_trusted,-tls_used,-total_timeout,-trusted,-trusted_first,-unprotected_errors,-unprotected_requests,-untrusted,-use_deltas,-use_mock_srv,-verbosity,-verify_depth,-verify_email,-verify_hostname,-verify_ip,-verify_name,-writerand,-x509_strict	-
openssl cms	-	-CAfile,-CApath,-CAstore,-EncryptedData_decrypt,-EncryptedData_encrypt,-aes128-wrap,-aes192-wrap,-aes256-wrap,-allow_proxy_certs,-asciicrlf,-attime,-auth_level,-binary,-cades,-cert,-certfile,-certsout,-check_ss_sig,-cmsout,-compress,-config,-content,-crl_check,-crl_check_all,-crlfeol,-data_create,-data_out,-debug_decrypt,-decrypt,-des3-wrap,-digest,-digest_create,-digest_verify,-econtent_type,-encrypt,-explicit_policy,-extended_crl,-from,-ignore_critical,-in,-indef,-inform,-inhibit_any,-inhibit_map,-inkey,-issuer_checks,-kekcipher,-keyform,-keyid,-keyopt,-md,-nameopt,-no-CAfile,-no-CApath,-no-CAstore,-no_alt_chains,-no_attr_verify,-no_check_time,-no_content_verify,-no_signing_time,-noattr,-nocerts,-nodetach,-noindef,-nointern,-noout,-nosigs,-nosmimecap,-noverify,-originator,-out,-outform,-partial_chain,-passin,-policy,-policy_check,-policy_print,-print,-propquery,-provider,-provider-path,-provparam,-purpose,-pwri_password,-rand,-rctform,-receipt_request_all,-receipt_request_first,-receipt_request_from,-receipt_request_print,-receipt_request_to,-recip,-recip_kdf,-recip_ukm,-resign,-secretkey,-secretkeyid,-sign,-sign_receipt,-signer,-stream,-subject,-suiteB_128,-suiteB_128_only,-suiteB_192,-text,-to,-trusted_first,-uncompress,-use_deltas,-verify,-verify_depth,-verify_email,-verify_hostname,-verify_ip,-verify_name,-verify_receipt,-verify_retcode,-wrap,-writerand,-x509_strict	-
openssl configutl	-	-config,-noheader,-out	-
openssl crl	-	-CAfile,-CApath,-CAstore,-badsig,-crlnumber,-dateopt,-fingerprint,-gendelta,-hash,-hash_old,-in,-inform,-issuer,-key,-keyform,-lastupdate,-nameopt,-nextupdate,-no-CAfile,-no-CApath,-no-CAstore,-noout,-out,-outform,-propquery,-provider,-provider-path,-provparam,-text,-verify	-
openssl crl2pkcs7	-	-certfile,-in,-inform,-nocrl,-out,-outform,-propquery,-provider,-provider-path,-provparam	-
openssl des	-	-	-
openssl des-cbc	-	-	-
openssl des-cfb	-	-	-
openssl des-ecb	-	-	-
openssl des-ede	-	-	-
openssl des-ede-cbc	-	-	-
openssl des-ede-cfb	-	-	-
openssl des-ede-ofb	-	-	-
openssl des-ede3	-	-	-
openssl des-ede3-cbc	-	-	-
openssl des-ede3-cfb	-	-	-
openssl des-ede3-ofb	-	-	-
openssl des-ofb	-	-	-
openssl des3	-	-	-
openssl desx	-	-	-
openssl dgst	-	-binary,-c,-d,-debug,-fips-fingerprint,-hex,-hmac,-hmac-env,-hmac-stdin,-keyform,-list,-mac,-macopt,-out,-passin,-propquery,-provider,-provider-path,-provparam,-prverify,-r,-rand,-sign,-signature,-sigopt,-verify,-writerand,-xoflen	path
openssl dhparam	-	-2,-3,-5,-check,-dsaparam,-in,-inform,-noout,-out,-outform,-propquery,-provider,-provider-path,-provparam,-quiet,-rand,-text,-verbose,-writerand	-
openssl dsa	-	-in,-inform,-modulus,-noout,-out,-outform,-passin,-passout,-propquery,-provider,-provider-path,-provparam,-pubin,-pubout,-pvk-none,-pvk-strong,-pvk-weak,-text	-
openssl dsaparam	-	-genkey,-in,-inform,-noout,-out,-outform,-propquery,-provider,-provider-path,-provparam,-quiet,-rand,-text,-verbose,-writerand	-
openssl ec	-	-check,-conv_form,-in,-inform,-no_public,-noout,-out,-outform,-param_enc,-param_out,-passin,-passout,-propquery,-provider,-provider-path,-provparam,-pubin,-pubout,-text	-
openssl ecparam	-	-check,-check_named,-conv_form,-genkey,-in,-inform,-list_curves,-name,-no_seed,-noout,-out,-outform,-param_enc,-propquery,-provider,-provider-path,-provparam,-rand,-text,-writerand	-
openssl enc	-	-A,-K,-P,-S,-a,-base64,-bufsize,-ciphers,-d,-debug,-e,-in,-iter,-iv,-k,-kfile,-list,-md,-none,-nopad,-nosalt,-out,-p,-pass,-pbkdf2,-propquery,-provider,-provider-path,-provparam,-rand,-salt,-saltlen,-skeymgmt,-skeyopt,-skeyuri,-storepass,-v,-writerand,-z	-
openssl errstr	-	-	-
openssl fipsinstall	-	-config,-corrupt_desc,-corrupt_type,-dsa_sign_disabled,-ecdh_cofactor_check,-ems_check,-hkdf_digest_check,-hkdf_key_check,-hmac_key_check,-in,-kbkdf_key_check,-kmac_key_check,-mac_name,-macopt,-module,-no_conditional_errors,-no_drbg_truncated_digests,-no_pbkdf2_lower_bound_check,-no_security_checks,-no_short_mac,-noout,-out,-pedantic,-provider_name,-quiet,-rsa_pkcs15_padding_disabled,-rsa_pss_saltlen_check,-rsa_sign_x931_disabled,-section_name,-self_test_oninstall,-self_test_onload,-signature_digest_check,-sshkdf_digest_check,-sshkdf_key_check,-sskdf_digest_check,-sskdf_key_check,-tdes_encrypt_disabled,-tls13_kdf_digest_check,-tls13_kdf_key_check,-tls1_prf_digest_check,-tls1_prf_key_check,-verify,-x942kdf_key_check,-x963kdf_digest_check,-x963kdf_key_check	-
openssl gendsa	-	-out,-passout,-propquery,-provider,-provider-path,-provparam,-quiet,-rand,-verbose,-writerand	path
openssl genpkey	-	-algorithm,-config,-encopt,-genparam,-out,-outform,-outpubkey,-paramfile,-pass,-pkeyopt,-propquery,-provider,-provider-path,-provparam,-quiet,-rand,-text,-verbose,-writerand	-
openssl genrsa	-	-3,-F4,-f4,-out,-passout,-primes,-propquery,-provider,-provider-path,-provparam,-quiet,-rand,-traditional,-verbose,-writerand	-
openssl help	-	-	-
openssl idea	-	-	-
openssl idea-cbc	-	-	-
openssl idea-cfb	-	-	-
openssl idea-ecb	-	-	-
openssl idea-ofb	-	-	-
openssl info	-	-configdir,-cpusettings,-dirnamesep,-dsoext,-listsep,-modulesdir,-seeds,-windowscontext	-
openssl kdf	-	-binary,-cipher,-digest,-kdfopt,-keylen,-mac,-out,-propquery,-provider,-provider-path,-provparam	path
openssl list	-	-1,-all-algorithms,-all-tls-groups,-asymcipher-algorithms,-cipher-algorithms,-cipher-commands,-commands,-decoders,-digest-algorithms,-digest-commands,-disabled,-encoders,-kdf-algorithms,-kem-algorithms,-key-exchange-algorithms,-key-managers,-mac-algorithms,-objects,-options,-propquery,-provider,-provider-path,-providers,-provparam,-public-key-algorithms,-public-key-methods,-random-generators,-random-instances,-select,-signature-algorithms,-skey-managers,-standard-commands,-store-loaders,-tls-groups,-tls-signature-algorithms,-tls1_2,-tls1_3,-verbose	-
openssl mac	-	-binary,-cipher,-digest,-in,-macopt,-out,-propquery,-provider,-provider-path,-provparam	path
openssl md4	-	-	path
openssl md5	-	-	path
openssl mdc2	-	-	path
openssl nseq	-	-in,-out,-propquery,-provider,-provider-path,-provparam,-toseq	-
openssl ocsp	-	-CA,-CAfile,-CApath,-CAstore,-VAfile,-allow_proxy_certs,-attime,-auth_level,-badsig,-cert,-check_ss_sig,-crl_check,-crl_check_all,-explicit_policy,-extended_crl,-header,-host,-ignore_critical,-ignore_err,-index,-inhibit_any,-inhibit_map,-issuer,-issuer_checks,-multi,-ndays,-nmin,-no-CAfile,-no-CApath,-no-CAstore,-no_alt_chains,-no_cert_checks,-no_cert_verify,-no_certs,-no_chain,-no_check_time,-no_explicit,-no_intern,-no_nonce,-no_proxy,-no_signature_verify,-nonce,-noverify,-nrequest,-out,-partial_chain,-passin,-path,-policy,-policy_check,-policy_print,-port,-propquery,-provider,-provider-path,-provparam,-proxy,-purpose,-rcid,-req_text,-reqin,-reqout,-resp_key_id,-resp_no_certs,-resp_text,-respin,-respout,-rkey,-rmd,-rother,-rsigner,-rsigopt,-serial,-sign_other,-signer,-signkey,-status_age,-suiteB_128,-suiteB_128_only,-suiteB_192,-text,-timeout,-trust_other,-trusted_first,-url,-use_deltas,-validity_period,-verify_depth,-verify_email,-verify_hostname,-verify_ip,-verify_name,-verify_other,-x509_strict	-
openssl passwd	-	-1,-5,-6,-aixmd5,-apr1,-in,-noverify,-propquery,-provider,-provider-path,-provparam,-quiet,-rand,-reverse,-salt,-stdin,-table,-writerand	-
openssl pkcs12	-	-CAfile,-CApath,-CAstore,-CSP,-LMK,-cacerts,-caname,-certfile,-certpbe,-chain,-clcerts,-descert,-export,-in,-info,-inkey,-iter,-jdktrust,-keyex,-keypbe,-keysig,-legacy,-macalg,-maciter,-macsaltlen,-name,-no-CAfile,-no-CApath,-no-CAstore,-nocerts,-nodes,-noenc,-noiter,-nokeys,-nomac,-nomaciter,-nomacver,-noout,-out,-passcerts,-passin,-passout,-password,-pbmac1_pbkdf2,-pbmac1_pbkdf2_md,-propquery,-provider,-provider-path,-provparam,-rand,-twopass,-untrusted,-writerand	-
openssl pkcs7	-	-in,-inform,-noout,-out,-outform,-print,-print_certs,-propquery,-provider,-provider-path,-provparam,-quiet,-text	-
openssl pkcs8	-	-in,-inform,-iter,-nocrypt,-noiter,-out,-outform,-passin,-passout,-propquery,-provider,-provider-path,-provparam,-rand,-saltlen,-scrypt,-scrypt_N,-scrypt_p,-scrypt_r,-topk8,-traditional,-v1,-v2,-v2prf,-writerand	-
openssl pkey	-	-check,-ec_conv_form,-ec_param_enc,-encopt,-in,-inform,-noout,-out,-outform,-passin,-passout,-propquery,-provider,-provider-path,-provparam,-pubcheck,-pubin,-pubout,-text,-text_pub,-traditional	-
openssl pkeyparam	-	-check,-in,-noout,-out,-propquery,-provider,-provider-path,-provparam,-text	-
openssl pkeyutl	-	-asn1parse,-certin,-config,-decap,-decrypt,-derive,-digest,-encap,-encrypt,-hexdump,-in,-inkey,-kdf,-kdflen,-kemop,-keyform,-out,-passin,-peerform,-peerkey,-pkeyopt,-pkeyopt_passin,-propquery,-provider,-provider-path,-provparam,-pubin,-rand,-rawin,-rev,-secret,-sigfile,-sign,-verify,-verifyrecover,-writerand	-
openssl prime	-	-bits,-checks,-generate,-hex,-in,-propquery,-provider,-provider-path,-provparam,-safe	-
openssl rand	-	-base64,-hex,-out,-propquery,-provider,-provider-path,-provparam,-rand,-writerand	-
openssl rc2	-	-	-
openssl rc2-40-cbc	-	-	-
openssl rc2-64-cbc	-	-	-
openssl rc2-cbc	-	-	-
openssl rc2-cfb	-	-	-
openssl rc2-ecb	-	-	-
openssl rc2-ofb	-	-	-
openssl rc4	-	-	-
openssl rc4-40	-	-	-
openssl rehash	-	-compat,-h,-n,-old,-propquery,-provider,-provider-path,-provparam,-v	path
openssl req	-	-CA,-CAkey,-addext,-batch,-cipher,-config,-copy_extensions,-days,-extensions,-in,-inform,-key,-keyform,-keyout,-modulus,-multivalue-rdn,-nameopt,-new,-newhdr,-newkey,-nodes,-noenc,-noout,-not_after,-not_before,-out,-outform,-passin,-passout,-pkeyopt,-precert,-propquery,-provider,-provider-path,-provparam,-pubkey,-quiet,-rand,-reqexts,-reqopt,-section,-set_serial,-sigopt,-subj,-subject,-text,-utf8,-verbose,-verify,-vfyopt,-writerand,-x509,-x509v1	-
openssl rmd160	-	-	path
openssl rsa	-	-RSAPublicKey_in,-RSAPublicKey_out,-check,-in,-inform,-modulus,-noout,-out,-outform,-passin,-passout,-propquery,-provider,-provider-path,-provparam,-pubin,-pubout,-pvk-none,-pvk-strong,-pvk-weak,-text,-traditional	-
openssl rsautl	-	-asn1parse,-certin,-decrypt,-encrypt,-hexdump,-in,-inkey,-keyform,-oaep,-out,-passin,-pkcs,-propquery,-provider,-provider-path,-provparam,-pubin,-rand,-raw,-rev,-sign,-verify,-writerand,-x931	-
openssl s_client	-	-4,-6,-CAfile,-CApath,-CAstore,-CRL,-CRLform,-adv,-allow_no_dhe_kex,-allow_proxy_certs,-alpn,-async,-attime,-auth_level,-bind,-brief,-bugs,-build_chain,-cert,-cert_chain,-certform,-chainCAfile,-chainCApath,-chainCAstore,-check_ss_sig,-cipher,-ciphersuites,-client_renegotiation,-client_sigalgs,-comp,-connect,-crl_check,-crl_check_all,-crl_download,-crlf,-ct,-ctlogfile,-curves,-dane_ee_no_namechecks,-dane_tlsa_domain,-dane_tlsa_rrdata,-debug,-debug_broken_protocol,-dtls,-dtls1,-dtls1_2,-early_data,-enable_client_rpk,-enable_pha,-enable_server_rpk,-explicit_policy,-extended_crl,-fallback_scsv,-groups,-host,-ign_eof,-ignore_critical,-ignore_unexpected_eof,-inhibit_any,-inhibit_map,-issuer_checks,-key,-keyform,-keylogfile,-keymatexport,-keymatexportlen,-ktls,-legacy_renegotiation,-legacy_server_connect,-max_pipelines,-max_protocol,-max_send_frag,-maxfraglen,-min_protocol,-msg,-msgfile,-mtu,-name,-named_curve,-nameopt,-nbio,-nbio_test,-nextprotoneg,-no-CAfile,-no-CApath,-no-CAstore,-no-interactive,-no_alt_chains,-no_check_time,-no_comp,-no_ems,-no_etm,-no_ign_eof,-no_legacy_server_connect,-no_middlebox,-no_renegotiation,-no_resumption_on_reneg,-no_rx_cert_comp,-no_ssl3,-no_ticket,-no_tls1,-no_tls1_1,-no_tls1_2,-no_tls1_3,-no_tx_cert_comp,-nocommands,-noct,-noservername,-ocsp_check_all,-ocsp_check_leaf,-partial_chain,-pass,-policy,-policy_check,-policy_print,-port,-prefer_no_dhe_kex,-prexit,-prioritize_chacha,-propquery,-provider,-provider-path,-provparam,-proxy,-proxy_pass,-proxy_user,-psk,-psk_identity,-psk_session,-purpose,-quic,-quiet,-rand,-read_buf,-reconnect,-record_padding,-requestCAfile,-sctp,-sctp_label_bug,-security_debug,-security_debug_verbose,-serverinfo,-servername,-serverpref,-sess_in,-sess_out,-showcerts,-sigalgs,-split_send_frag,-srp_lateuser,-srp_moregroups,-srp_strength,-srppass,-srpuser,-ssl_config,-starttls,-state,-status,-strict,-suiteB_128,-suiteB_128_only,-suiteB_192,-tfo,-timeout,-tls1,-tls1_1,-tls1_2,-tls1_3,-tlsextdebug,-trace,-trusted_first,-unix,-use_deltas,-use_srtp,-verify,-verifyCAfile,-verifyCApath,-verifyCAstore,-verify_depth,-verify_email,-verify_hostname,-verify_ip,-verify_name,-verify_quiet,-verify_return_error,-wdebug,-writerand,-x509_strict,-xcert,-xcertform,-xchain,-xchain_build,-xkey,-xkeyform,-xmpphost	-
openssl s_server	-	-4,-6,-CAfile,-CApath,-CAstore,-CRL,-CRLform,-HTTP,-Verify,-WWW,-accept,-allow_no_dhe_kex,-allow_proxy_certs,-alpn,-anti_replay,-async,-attime,-auth_level,-brief,-bugs,-build_chain,-cert,-cert2,-cert_chain,-cert_comp,-certform,-chainCAfile,-chainCApath,-chainCAstore,-check_ss_sig,-cipher,-ciphersuites,-client_renegotiation,-client_sigalgs,-comp,-context,-crl_check,-crl_check_all,-crl_download,-crlf,-curves,-dcert,-dcert_chain,-dcertform,-debug,-debug_broken_protocol,-dhparam,-dkey,-dkeyform,-dpass,-dtls,-dtls1,-dtls1_2,-early_data,-enable_client_rpk,-enable_server_rpk,-explicit_policy,-ext_cache,-extended_crl,-groups,-http_server_binmode,-id_prefix,-ign_eof,-ignore_critical,-ignore_unexpected_eof,-inhibit_any,-inhibit_map,-issuer_checks,-key,-key2,-keyform,-keylogfile,-keymatexport,-keymatexportlen,-ktls,-legacy_renegotiation,-legacy_server_connect,-listen,-max_early_data,-max_pipelines,-max_protocol,-max_send_frag,-min_protocol,-msg,-msgfile,-mtu,-naccept,-named_curve,-nameopt,-nbio,-nbio_test,-nextprotoneg,-no-CAfile,-no-CApath,-no-CAstore,-no_alt_chains,-no_anti_replay,-no_ca_names,-no_cache,-no_check_time,-no_comp,-no_dhe,-no_ems,-no_etm,-no_ign_eof,-no_legacy_server_connect,-no_middlebox,-no_proxy,-no_renegotiation,-no_resume_ephemeral,-no_resumption_on_reneg,-no_rx_cert_comp,-no_ssl3,-no_ticket,-no_tls1,-no_tls1_1,-no_tls1_2,-no_tls1_3,-no_tx_cert_comp,-nocert,-num_tickets,-partial_chain,-pass,-policy,-policy_check,-policy_print,-port,-prefer_no_dhe_kex,-prioritize_chacha,-propquery,-provider,-provider-path,-provparam,-proxy,-psk,-psk_hint,-psk_identity,-psk_session,-purpose,-quiet,-rand,-read_buf,-record_padding,-recv_max_early_data,-rev,-sctp,-sctp_label_bug,-security_debug,-security_debug_verbose,-sendfile,-serverinfo,-servername,-servername_fatal,-serverpref,-sigalgs,-split_send_frag,-srpuserseed,-srpvfile,-ssl_config,-state,-stateless,-status,-status_all,-status_file,-status_timeout,-status_url,-status_verbose,-strict,-suiteB_128,-suiteB_128_only,-suiteB_192,-tfo,-timeout,-tls1,-tls1_1,-tls1_2,-tls1_3,-tlsextdebug,-trace,-trusted_first,-unix,-unlink,-use_deltas,-use_srtp,-verify,-verifyCAfile,-verifyCApath,-verifyCAstore,-verify_depth,-verify_email,-verify_hostname,-verify_ip,-verify_name,-verify_quiet,-verify_return_error,-writerand,-www,-x509_strict,-xcert,-xcertform,-xchain,-xchain_build,-xkey,-xkeyform,-zerocopy_sendfile	-
openssl s_time	-	-CAfile,-CApath,-CAstore,-bugs,-cafile,-cert,-cipher,-ciphersuites,-connect,-key,-nameopt,-new,-no-CAfile,-no-CApath,-no-CAstore,-propquery,-provider,-provider-path,-provparam,-reuse,-time,-tls1,-tls1_1,-tls1_2,-tls1_3,-verify,-www	-
openssl seed	-	-	-
openssl seed-cbc	-	-	-
openssl seed-cfb	-	-	-
openssl seed-ecb	-	-	-
openssl seed-ofb	-	-	-
openssl sess_id	-	-cert,-context,-in,-inform,-noout,-out,-outform,-text	-
openssl sha1	-	-	path
openssl sha224	-	-	path
openssl sha256	-	-	path
openssl sha3-224	-	-	path
openssl sha3-256	-	-	path
openssl sha3-384	-	-	path
openssl sha3-512	-	-	path
openssl sha384	-	-	path
openssl sha512	-	-	path
openssl sha512-224	-	-	path
openssl sha512-256	-	-	path
openssl shake128	-	-	path
openssl shake256	-	-	path
openssl skeyutl	-	-cipher,-genkey,-propquery,-provider,-provider-path,-provparam,-skeymgmt,-skeyopt	-
openssl sm3	-	-	path
openssl sm4-cbc	-	-	-
openssl sm4-cfb	-	-	-
openssl sm4-ctr	-	-	-
openssl sm4-ecb	-	-	-
openssl sm4-ofb	-	-	-
openssl smime	-	-CAfile,-CApath,-CAstore,-allow_proxy_certs,-attime,-auth_level,-binary,-certfile,-check_ss_sig,-config,-content,-crl_check,-crl_check_all,-crlfeol,-decrypt,-encrypt,-explicit_policy,-extended_crl,-from,-ignore_critical,-in,-indef,-inform,-inhibit_any,-inhibit_map,-inkey,-issuer_checks,-keyform,-md,-no-CAfile,-no-CApath,-no-CAstore,-no_alt_chains,-no_check_time,-noattr,-nocerts,-nochain,-nodetach,-noindef,-nointern,-nosigs,-nosmimecap,-noverify,-out,-outform,-partial_chain,-passin,-pk7out,-policy,-policy_check,-policy_print,-propquery,-provider,-provider-path,-provparam,-purpose,-rand,-recip,-resign,-sign,-signer,-stream,-subject,-suiteB_128,-suiteB_128_only,-suiteB_192,-text,-to,-trusted_first,-use_deltas,-verify,-verify_depth,-verify_email,-verify_hostname,-verify_ip,-verify_name,-writerand,-x509_strict	-
openssl speed	-	-aead,-async_jobs,-bytes,-cmac,-config,-decrypt,-elapsed,-evp,-hmac,-kem-algorithms,-mb,-misalign,-mlock,-mr,-multi,-primes,-propquery,-provider,-provider-path,-provparam,-rand,-seconds,-signature-algorithms,-testmode,-writerand	-
openssl spkac	-	-challenge,-digest,-in,-key,-keyform,-noout,-out,-passin,-pubkey,-spkac,-spksect,-verify	-
openssl srp	-	-add,-config,-delete,-gn,-list,-modify,-name,-passin,-passout,-srpvfile,-userinfo,-verbose	-
openssl storeutl	-	-alias,-certs,-crls,-fingerprint,-issuer,-keys,-noout,-out,-passin,-r,-serial,-skeys,-subject,-text	-
openssl ts	-	-CAfile,-CApath,-CAstore,-cert,-chain,-config,-data,-digest,-in,-inkey,-no_nonce,-out,-passin,-query,-queryfile,-reply,-section,-signer,-text,-token_in,-token_out,-tspolicy,-untrusted,-verify	-
openssl verify	-	-CAfile,-CApath,-CAstore,-CRLfile,-allow_proxy_certs,-attime,-auth_level,-check_ss_sig,-crl_check,-crl_check_all,-crl_download,-explicit_policy,-extended_crl,-ignore_critical,-inhibit_any,-inhibit_map,-issuer_checks,-nameopt,-no-CAfile,-no-CApath,-no-CAstore,-no_alt_chains,-no_check_time,-partial_chain,-policy,-policy_check,-policy_print,-propquery,-provider,-provider-path,-provparam,-purpose,-show_chain,-suiteB_128,-suiteB_128_only,-suiteB_192,-trusted,-trusted_first,-untrusted,-use_deltas,-verbose,-verify_depth,-verify_email,-verify_hostname,-verify_ip,-verify_name,-vfyopt,-x509_strict	path
openssl version	-	-a,-b,-c,-d,-f,-m,-o,-p,-r,-v,-w	-
openssl x509	-	-CA,-CAcreateserial,-CAform,-CAkey,-CAkeyform,-CAserial,-addreject,-addtrust,-alias,-badsig,-certopt,-checkemail,-checkend,-checkhost,-checkip,-clrext,-clrreject,-clrtrust,-copy_extensions,-dateopt,-dates,-days,-email,-enddate,-ext,-extensions,-extfile,-fingerprint,-force_pubkey,-hash,-in,-inform,-issuer,-issuer_hash,-issuer_hash_old,-key,-keyform,-modulus,-multi,-nameopt,-new,-next_serial,-nocert,-noout,-not_after,-not_before,-ocsp_uri,-ocspid,-out,-outform,-passin,-preserve_dates,-pubkey,-purpose,-req,-serial,-set_issuer,-set_serial,-set_subject,-setalias,-signkey,-sigopt,-startdate,-subj,-subject,-subject_hash,-subject_hash_old,-text,-trustout,-vfyopt,-x509toreq	-
optipng	-	-backup,-clobber,-dir,-f,-fix,-force,-full,-help,-i,-keep,-log,-nb,-nc,-np,-nx,-nz,-o,-out,-preserve,-quiet,-silent,-simulate,-snip,-strip,-zc,-zm,-zs,-zw	path
packer	build,console,fix,fmt,hcl2-upgrade,init,inspect,validate,version	--help,--version,-h,-v	-
packer build	-	-color,-debug,-except,-force,-machine-readable,-on-error,-only,-parallel-builds,-timestamp-ui,-var,-var-file	path
packer console	-	-var,-var-file	path
packer fix	-	-validate	path
packer fmt	-	-check,-diff,-recursive,-write	path
packer hcl2-upgrade	-	-output-file,-with-annotations	path
packer init	-	-upgrade	path
packer inspect	-	-machine-readable	path
packer validate	-	-except,-machine-readable,-only,-syntax-only,-var,-var-file	path
packer version	-	-	-
pacman	-	--help,--version,-V,-h	-
pacman-conf	-	--config,--help,--repo,--repo-list,--rootdir,--sysroot,--verbose,--version,-R,-S,-V,-c,-h,-l,-r,-v	-
pacman-db-upgrade	-	--config,--dbpath,--help,--nocolor,--root,--version,-V,-d,-h,-r	-
pacman-key	-	--add,--config,--delete,--edit-key,--export,--finger,--gpgdir,--help,--import,--import-trustdb,--init,--keyserver,--list-keys,--list-sigs,--lsign-key,--populate,--populate-from,--recv-keys,--refresh-keys,--updatedb,--verbose,--verify,--version,-V,-a,-d,-e,-f,-h,-l,-r,-u,-v	-
pacman-mirrors	-	--api,--continent,--country,--country-config,--country-list,--default,--fasttrack,--geoip,--get-branch,--help,--interactive,--interval,--list,--method,--no-color,--no-mirrorlist,--no-status,--prefix,--proto,--protocols,--quiet,--re-branch,--set-branch,--status,--timeout,--url,--version,-B,-G,-P,-R,-S,-U,-a,-c,-d,-f,-fc,-g,-h,-i,-l,-lc,-m,-n,-p,-q,-s,-t,-v	-
palemoon	-	--ProfileManager,--UILocale,--browser,--browserconsole,--devtools,--display,--g-fatal-warnings,--help,--jsconsole,--jsdebugger,--new-instance,--new-tab,--new-window,--no-remote,--preferences,--private-window,--profile,--recording,--recording-output,--safe-mode,--search,--setDefaultBrowser,--start-debugger-server,--sync,--version,-P,-h,-v	path
pamac	build,checkupdates,clean,clone,info,install,list,reinstall,remove,search,update,upgrade	--help,--version,-h	-
pamac build	-	--builddir,--dry-run,--keep,--no-clone,--no-confirm,--no-keep,-d,-k	path
pamac checkupdates	-	--aur,--builddir,--devel,--no-aur,--no-devel,--quiet,-a,-q	-
pamac clean	-	--build-files,--dry-run,--keep,--no-confirm,--uninstalled,--verbose,-b,-d,-k,-u,-v	-
pamac clone	-	--builddir,--overwrite,--quiet,--recurse,-q,-r	path
pamac info	-	--aur,--no-aur,-a	path
pamac install	-	--as-deps,--as-explicit,--download-only,--dry-run,--ignore,--no-confirm,--no-upgrade,--overwrite,--upgrade,-d,-w	path
pamac list	-	--files,--foreign,--groups,--installed,--orphans,--quiet,--repos,-f,-g,-i,-m,-o,-q,-r	-
pamac reinstall	-	--as-deps,--as-explicit,--download-only,--no-confirm,--overwrite,-w	path
pamac remove	-	--dry-run,--no-confirm,--no-orphans,--no-save,--orphans,--unneeded,-d,-n,-o,-u	path
pamac search	-	--aur,--files,--installed,--no-aur,--quiet,--repos,-a,-f,-i,-q,-r	-
pamac update	-	--aur,--builddir,--devel,--disable-downgrade,--download-only,--enable-downgrade,--force-refresh,--ignore,--no-aur,--no-confirm,--no-devel,--overwrite,-a,-w	-
pamac upgrade	-	--aur,--builddir,--devel,--disable-downgrade,--download-only,--enable-downgrade,--force-refresh,--ignore,--no-aur,--no-confirm,--no-devel,--overwrite,-a,-w	-
pandoc	-	--abbreviations,--ascii,--bash-completion,--biblatex,--bibliography,--citation-abbreviations,--citeproc,--columns,--csl,--data-dir,--default-image-extension,--defaults,--dpi,--dump-args,--email-obfuscation,--eol,--epub-chapter-level,--epub-cover-image,--epub-embed-font,--epub-metadata,--epub-subdirectory,--extract-media,--fail-if-warnings,--file-scope,--filter,--from,--gladtex,--help,--highlight-style,--html-q-tags,--id-prefix,--ignore-args,--include-after-body,--include-before-body,--include-in-header,--incremental,--indented-code-classes,--ipynb-output,--katex,--list-extensions,--list-highlight-languages,--list-highlight-styles,--list-input-formats,--list-output-formats,--listings,--log,--lua-filter,--markdown-headings,--mathjax,--mathml,--metadata-file,--natbib,--no-check-certificate,--no-highlight,--number-offset,--number-sections,--output,--pdf-engine,--pdf-engine-opt,--preserve-tabs,--print-default-data-file,--print-default-template,--print-highlight-style,--quiet,--read,--reference-doc,--reference-links,--reference-location,--request-header,--resource-path,--section-divs,--self-contained,--shift-heading-level-by,--slide-level,--standalone,--strip-comments,--syntax-definition,--tab-stop,--table-of-contents,--template,--to,--toc,--toc-depth,--top-level-division,--track-changes,--verbose,--version,--webtex,--wrap,--write,-A,-B,-D,-F,-H,-L,-d,-f,-h,-o,-p,-r,-t,-v,-w	path
paru	-	--clean,--gendb,--help,--version,-V,-c,-h	path
pass	cp,edit,find,generate,git,grep,help,init,insert,ls,mv,otp,rm,show,version	-	-
pass cp	-	--force,-f	-
pass edit	-	-	-
pass find	-	-	-
pass generate	-	--clip,--force,--in-place,--no-symbols,-c,-f,-i,-n	-
pass git	-	-	path
pass grep	-	-	-
pass help	-	-	-
pass init	-	--path,-p	path
pass insert	-	--echo,--force,--multiline,-e,-f,-m	-
pass ls	-	-	-
pass mv	-	--force,-f	-
pass otp	append,code,insert,uri,validate	-	-
pass otp append	-	--account,--echo,--force,--issuer,--secret,-a,-e,-f,-i,-s	-
pass otp code	-	--clip,-c	-
pass otp insert	-	--account,--echo,--force,--issuer,--secret,-a,-e,-f,-i,-s	-
pass otp uri	-	--clip,--qrcode,-c,-q	-
pass otp validate	-	--help,-h	-
pass rm	-	--force,--recursive,-f,-r	-
pass show	-	--clip,-c	-
pass version	-	-	-
passwd	-	--all,--delete,--expire,--help,--inactive,--keep-tokens,--lock,--maxdays,--mindays,--quiet,--repository,--root,--status,--unlock,--warndays,-R,-S,-a,-d,-e,-h,-i,-k,-l,-n,-q,-r,-u,-w,-x	-
paste	-	--delimiters,--help,--serial,--version,--zero-terminated,-d,-s,-z	path
patch	-	--backup,--backup-if-mismatch,--basename-prefix,--batch,--binary,--context,--directory,--dry-run,--ed,--force,--forward,--fuzz,--get,--help,--ifdef,--ignore-whitespace,--input,--merge,--no-backup-if-mismatch,--normal,--output,--posix,--prefix,--quiet,--quoting-style,--read-only,--reject-file,--reject-format,--remove-empty-files,--reverse,--set-time,--set-utc,--silent,--strip,--suffix,--unified,--verbose,--version,--version-control,-B,-D,-E,-F,-N,-R,-T,-V,-Y,-Z,-b,-c,-d,-e,-f,-g,-i,-l,-n,-o,-p,-r,-s,-t,-u,-v,-z	path
pathchk	-	--help,--portability,--version,-P,-p	path
patool	create,diff,extract,formats,list,recompress,repack,search,test,version	--help,--non-interactive,--quiet,--verbose,-h,-q,-v	-
patool create	-	--password	path
patool diff	-	-	path
patool extract	-	--outdir,--password	path
patool formats	-	-	-
patool list	-	--password	path
patool recompress	-	-	path
patool repack	-	-	path
patool search	-	--password	-
patool test	-	--password	path
patool version	-	-	-
pcmanfm	-	--class,--daemon-mode,--desktop,--desktop-off,--desktop-pref,--display,--find-files,--g-fatal-warnings,--gtk-module,--help,--help-all,--help-gtk,--name,--new-win,--no-desktop,--one-screen,--profile,--role,--screen,--set-wallpaper,--show-pref,--sync,--wallpaper-mode,-d,-f,-h,-n,-p,-w	path
pdfattach	-	--help,-h,-help,-replace,-v	path
pdfdetach	-	--help,-enc,-h,-help,-list,-o,-opw,-save,-saveall,-savefile,-upw,-v	path
pdffonts	-	--help,-f,-h,-help,-l,-opw,-subst,-upw,-v	path
pdfimages	-	--help,-all,-ccitt,-f,-h,-help,-j,-jbig2,-jp2,-l,-list,-opw,-p,-png,-print-filenames,-q,-tiff,-upw,-v	path
pdfinfo	-	--help,-box,-custom,-dests,-enc,-f,-h,-help,-isodates,-js,-l,-listenc,-meta,-opw,-rawdates,-struct,-struct-text,-upw,-url,-v	path
pdfseparate	-	--help,-f,-h,-help,-l,-v	path
pdfsig	-	--help,-add-signature,-aia,-assert-signer,-backend,-digest,-dump,-enable-pgp,-etsi,-h,-help,-kpw,-list-backends,-list-nicks,-new-signature-field-name,-nick,-no-appearance,-no-ocsp,-nocert,-nss-pwd,-nssdir,-opw,-reason,-sign,-upw,-v	path
pdftocairo	-	--help,-H,-W,-antialias,-cropbox,-duplex,-e,-eps,-expand,-f,-gray,-h,-help,-icc,-jpeg,-jpegopt,-l,-level2,-level3,-mono,-nocenter,-nocrop,-noshrink,-o,-opw,-origpagesizes,-paper,-paperh,-paperw,-pdf,-png,-print,-printdlg,-printer,-printopt,-ps,-q,-r,-rx,-ry,-scale-to,-scale-to-x,-scale-to-y,-setupdlg,-singlefile,-struct,-svg,-sz,-tiff,-tiffcompression,-transp,-upw,-v,-x,-y	path
pdftohtml	-	--help,-c,-dataurls,-enc,-f,-fmt,-fontfullname,-h,-help,-hidden,-i,-l,-nodrm,-noframes,-nomerge,-noroundcoord,-opw,-p,-q,-s,-stdout,-upw,-v,-wbt,-xml,-zoom	path
pdftoppm	-	--help,-H,-W,-aa,-aaVector,-cropbox,-defaultcmykprofile,-defaultgrayprofile,-defaultrgbprofile,-displayprofile,-e,-f,-forcenum,-freetype,-gray,-h,-help,-hide-annotations,-jpeg,-jpegcmyk,-jpegopt,-l,-mono,-o,-opw,-overprint,-png,-progress,-q,-r,-rx,-ry,-scale-dimension-before-rotation,-scale-to,-scale-to-x,-scale-to-y,-sep,-singlefile,-sz,-thinlinemode,-tiff,-tiffcompression,-upw,-v,-x,-y	path
pdftops	-	--help,-aaRaster,-binary,-defaultcmykprofile,-defaultgrayprofile,-defaultrgbprofile,-duplex,-eps,-expand,-f,-form,-h,-help,-l,-level1,-level1sep,-level2,-level2sep,-level3,-level3sep,-nocenter,-nocrop,-noembcidps,-noembcidtt,-noembt1,-noembtt,-noshrink,-opi,-optimizecolorspace,-opw,-origpagesizes,-overprint,-paper,-paperh,-paperw,-passfonts,-passlevel1customcolor,-preload,-processcolorformat,-processcolorprofile,-q,-r,-rasterize,-upw,-v	path
pdftotext	-	--help,-H,-W,-bbox,-bbox-layout,-colspacing,-cropbox,-enc,-eol,-f,-fixed,-h,-help,-htmlmeta,-l,-layout,-listenc,-nodiag,-nopgbrk,-opw,-q,-r,-raw,-tsv,-upw,-v,-x,-y	path
pdfunite	-	--help,-h,-help,-v	path
pgrep	-	--cgroup,--count,--delimiter,--env,--euid,--exact,--full,--group,--help,--ignore-ancestors,--ignore-case,--inverse,--lightweight,--list-full,--list-name,--logpidfile,--newest,--ns,--nslist,--older,--oldest,--parent,--pgroup,--pidfile,--runstates,--session,--signal,--terminal,--uid,--version,-A,-F,-G,-L,-O,-P,-U,-V,-a,-c,-d,-f,-g,-h,-i,-l,-n,-o,-r,-s,-t,-u,-v,-w,-x	-
php	-	--ini,--rc,--re,--rf,--ri,--rz,-B,-E,-F,-H,-R,-S,-a,-c,-d,-e,-f,-h,-i,-l,-m,-n,-r,-s,-t,-v,-w,-z	path
phpstorm	-	-	path
picard	-	--config-file,--debug,--help,--long-version,--no-player,--no-plugins,--no-restore,--version,-M,-N,-P,-V,-c,-d,-h,-v	path
pidof	-	--check-root,--help,--lightweight,--omit-pid,--separator,--single-shot,--version,--with-workers,-S,-V,-c,-h,-o,-q,-s,-t,-w,-x	-
pidwait	-	--cgroup,--count,--echo,--env,--euid,--exact,--full,--group,--help,--ignore-ancestors,--ignore-case,--logpidfile,--newest,--ns,--nslist,--older,--oldest,--parent,--pgroup,--pidfile,--runstates,--session,--signal,--terminal,--uid,--version,-A,-F,-G,-L,-O,-P,-U,-V,-c,-e,-f,-g,-h,-i,-n,-o,-r,-s,-t,-u,-x	-
pigz	-	--alias,--best,--blocksize,--comment,--decompress,--fast,--first,--force,--help,--huffman,--independent,--iterations,--keep,--license,--list,--maxsplits,--name,--no-name,--no-time,--oneblock,--processes,--quiet,--recursive,--rle,--rsyncable,--stdout,--suffix,--synchronous,--test,--time,--verbose,--version,--zip,--zlib,-0,-1,-11,-2,-3,-4,-5,-6,-7,-8,-9,-A,-C,-F,-H,-I,-J,-K,-L,-M,-N,-O,-R,-S,-U,-V,-Y,-b,-c,-d,-f,-h,-i,-k,-l,-m,-n,-p,-q,-r,-t,-v,-z	path
ping	-	-4,-6,-A,-B,-D,-F,-I,-L,-M,-O,-Q,-R,-S,-T,-U,-V,-W,-a,-b,-c,-d,-f,-h,-i,-l,-m,-n,-p,-q,-s,-t,-v,-w	path
pinky	-	--help,--version,-b,-f,-h,-i,-l,-p,-q,-s,-w	-
pip	cache,check,completion,config,debug,download,freeze,hash,help,install,list,search,show,uninstall,wheel	--cache-dir,--cert,--client-cert,--disable-pip-version-check,--exists-action,--help,--isolated,--log,--no-cache-dir,--no-color,--no-input,--no-python-version-warning,--proxy,--quiet,--retries,--timeout,--trusted-host,--use-deprecated,--use-feature,--verbose,--version,-V,-h,-q,-v	-
pip cache	dir,info,list,purge,remove	-	-
pip cache dir	-	-	-
pip cache info	-	-	-
pip cache list	-	--format	-
pip cache purge	-	-	-
pip cache remove	-	-	-
pip check	-	-	-
pip completion	-	--bash,--fish,--zsh,-b,-f,-z	-
pip config	edit,get,list,set,unset	--global,--site,--user	-
pip config edit	-	--editor	-
pip config get	-	-	-
pip config list	-	-	-
pip config set	-	-	-
pip config unset	-	-	-
pip debug	-	--abi,--implementation,--platform,--python-version	-
pip download	-	--abi,--constraint,--dest,--extra-index-url,--find-links,--global-option,--implementation,--index-url,--no-binary,--no-build-isolation,--no-clean,--no-deps,--no-index,--only-binary,--platform,--pre,--prefer-binary,--progress-bar,--python-version,--require-hashes,--requirement,--src,--use-pep517,-c,-d,-f,-i,-r	path
pip freeze	-	--all,--exclude,--exclude-editable,--find-links,--local,--path,--requirement,--user,-f,-l,-r	-
pip hash	-	--algorithm,-a	path
pip help	-	-	-
pip install	-	--abi,--compile,--constraint,--editable,--extra-index-url,--find-links,--force-reinstall,--global-option,--ignore-installed,--ignore-requires-python,--implementation,--index-url,--install-option,--no-binary,--no-build-isolation,--no-clean,--no-compile,--no-deps,--no-index,--no-warn-conflicts,--no-warn-script-location,--only-binary,--platform,--pre,--prefer-binary,--prefix,--progress-bar,--python-version,--require-hashes,--requirement,--root,--src,--target,--upgrade,--upgrade-strategy,--use-pep517,--user,-I,-U,-c,-e,-f,-i,-r,-t	path
pip list	-	--editable,--exclude,--exclude-editable,--extra-index-url,--find-links,--format,--include-editable,--index-url,--local,--no-index,--not-required,--outdated,--path,--pre,--uptodate,--user,-e,-f,-i,-l,-o,-u	-
pip search	-	--index,-i	-
pip show	-	--files,-f	path
pip uninstall	-	--requirement,--yes,-r,-y	path
pip wheel	-	--build-option,--constraint,--editable,--extra-index-url,--find-links,--global-option,--ignore-requires-python,--index-url,--no-binary,--no-build-isolation,--no-clean,--no-deps,--no-index,--only-binary,--pre,--prefer-binary,--progress-bar,--require-hashes,--requirement,--src,--use-pep517,--wheel-dir,-c,-e,-f,-i,-r,-w	path
pixi	a,add,auth,build,clean,completion,config,exec,g,global,help,i,import,info,init,install,list,lock,ls,project,r,reinstall,remove,rm,run,s,search,self-update,shell,shell-hook,t,task,tree,update,upgrade,upload,workspace,x	--color,--help,--list,--no-progress,--quiet,--verbose,--version,-V,-h,-q,-v	-
pixi a	-	--auth-file,--branch,--concurrent-downloads,--concurrent-solves,--editable,--feature,--frozen,--git,--locked,--manifest-path,--no-install,--pinning-strategy,--platform,--pypi,--pypi-keyring-provider,--rev,--run-post-link-scripts,--subdir,--tag,--tls-no-verify,--tls-root-certs,--use-environment-activation-cache,-f,-g,-m,-p,-s	path
pixi add	-	--auth-file,--branch,--concurrent-downloads,--concurrent-solves,--editable,--feature,--frozen,--git,--locked,--manifest-path,--no-install,--pinning-strategy,--platform,--pypi,--pypi-keyring-provider,--rev,--run-post-link-scripts,--subdir,--tag,--tls-no-verify,--tls-root-certs,--use-environment-activation-cache,-f,-g,-m,-p,-s	path
pixi auth	help,login,logout	-	-
pixi auth help	help,login,logout	-	-
pixi auth help help	-	-	-
pixi auth help login	-	-	-
pixi auth help logout	-	-	-
pixi auth login	-	--conda-token,--password,--s3-access-key-id,--s3-secret-access-key,--s3-session-token,--token,--username	-
pixi auth logout	-	-	-
pixi build	-	--as-is,--auth-file,--build-dir,--build-platform,--clean,--concurrent-downloads,--concurrent-solves,--frozen,--locked,--no-install,--output-dir,--path,--pinning-strategy,--pypi-keyring-provider,--run-post-link-scripts,--target-platform,--tls-no-verify,--tls-root-certs,--use-environment-activation-cache,-b,-c,-o,-t	-
pixi clean	cache,help	--activation-cache,--build,--environment,--manifest-path,-e,-m	-
pixi clean cache	-	--assume-yes,--build,--build-backends,--conda,--exec,--mapping,--pypi,--repodata,--yes,-y	-
pixi clean help	cache,help	-	-
pixi clean help cache	-	-	-
pixi clean help help	-	-	-
pixi completion	-	--shell,-s	-
pixi config	append,e,edit,help,l,list,ls,prepend,set,unset	-	-
pixi config append	-	--global,--local,--manifest-path,--system,-g,-l,-m,-s	-
pixi config e	-	--global,--local,--manifest-path,--system,-g,-l,-m,-s	-
pixi config edit	-	--global,--local,--manifest-path,--system,-g,-l,-m,-s	-
pixi config help	append,edit,help,list,prepend,set,unset	-	-
pixi config help append	-	-	-
pixi config help edit	-	-	-
pixi config help help	-	-	-
pixi config help list	-	-	-
pixi config help prepend	-	-	-
pixi config help set	-	-	-
pixi config help unset	-	-	-
pixi config l	-	--global,--json,--local,--manifest-path,--system,-g,-l,-m,-s	-
pixi config list	-	--global,--json,--local,--manifest-path,--system,-g,-l,-m,-s	-
pixi config ls	-	--global,--json,--local,--manifest-path,--system,-g,-l,-m,-s	-
pixi config prepend	-	--global,--local,--manifest-path,--system,-g,-l,-m,-s	-
pixi config set	-	--global,--local,--manifest-path,--system,-g,-l,-m,-s	-
pixi config unset	-	--global,--local,--manifest-path,--system,-g,-l,-m,-s	-
pixi exec	-	--auth-file,--channel,--concurrent-downloads,--concurrent-solves,--force-reinstall,--list,--no-modify-ps1,--pinning-strategy,--platform,--pypi-keyring-provider,--run-post-link-scripts,--spec,--tls-no-verify,--tls-root-certs,--use-environment-activation-cache,--with,-c,-p,-s,-w	path
pixi g	a,add,e,edit,expose,help,i,install,list,ls,remove,rm,s,shortcut,sync,t,tree,uninstall,update	-	-
pixi g a	-	--auth-file,--branch,--concurrent-downloads,--concurrent-solves,--environment,--expose,--git,--path,--pinning-strategy,--pypi-keyring-provider,--rev,--run-post-link-scripts,--subdir,--tag,--tls-no-verify,--tls-root-certs,--use-environment-activation-cache,-e	-
pixi g add	-	--auth-file,--branch,--concurrent-downloads,--concurrent-solves,--environment,--expose,--git,--path,--pinning-strategy,--pypi-keyring-provider,--rev,--run-post-link-scripts,--subdir,--tag,--tls-no-verify,--tls-root-certs,--use-environment-activation-cache,-e	-
pixi g e	add,help,remove	-	-
pixi g e add	-	--auth-file,--concurrent-downloads,--concurrent-solves,--environment,--pinning-strategy,--pypi-keyring-provider,--run-post-link-scripts,--tls-no-verify,--tls-root-certs,--use-environment-activation-cache,-e	-
pixi g e help	add,help,remove	-	-
pixi g e help add	-	-	-
pixi g e help help	-	-	-
pixi g e help remove	-	-	-
pixi g e remove	-	--auth-file,--concurrent-downloads,--concurrent-solves,--pinning-strategy,--pypi-keyring-provider,--run-post-link-scripts,--tls-no-verify,--tls-root-certs,--use-environment-activation-cache	-
pixi g edit	-	-	-
pixi g expose	add,help,remove	-	-
pixi g expose add	-	--auth-file,--concurrent-downloads,--concurrent-solves,--environment,--pinning-strategy,--pypi-keyring-provider,--run-post-link-scripts,--tls-no-verify,--tls-root-certs,--use-environment-activation-cache,-e	-
pixi g expose help	add,help,remove	-	-
pixi g expose help add	-	-	-
pixi g expose help help	-	-	-
pixi g expose help remove	-	-	-
pixi g expose remove	-	--auth-file,--concurrent-downloads,--concurrent-solves,--pinning-strategy,--pypi-keyring-provider,--run-post-link-scripts,--tls-no-verify,--tls-root-certs,--use-environment-activation-cache	-
pixi g help	add,edit,expose,help,install,list,remove,shortcut,sync,tree,uninstall,update	-	-
pixi g help add	-	-	-
pixi g help edit	-	-	-
pixi g help expose	add,remove	-	-
pixi g help expose add	-	-	-
pixi g help expose remove	-	-	-
pixi g help help	-	-	-
pixi g help install	-	-	-
pixi g help list	-	-	-
pixi g help remove	-	-	-
pixi g help shortcut	add,remove	-	-
pixi g help shortcut add	-	-	-
pixi g help shortcut remove	-	-	-
pixi g help sync	-	-	-
pixi g help tree	-	-	-
pixi g help uninstall	-	-	-
pixi g help update	-	-	-
pixi g i	-	--auth-file,--branch,--channel,--concurrent-downloads,--concurrent-solves,--environment,--expose,--force-reinstall,--git,--no-shortcut,--no-shortcuts,--path,--pinning-strategy,--platform,--pypi-keyring-provider,--rev,--run-post-link-scripts,--subdir,--tag,--tls-no-verify,--tls-root-certs,--use-environment-activation-cache,--with,-c,-e,-p	-
pixi g install	-	--auth-file,--branch,--channel,--concurrent-downloads,--concurrent-solves,--environment,--expose,--force-reinstall,--git,--no-shortcut,--no-shortcuts,--path,--pinning-strategy,--platform,--pypi-keyring-provider,--rev,--run-post-link-scripts,--subdir,--tag,--tls-no-verify,--tls-root-certs,--use-environment-activation-cache,--with,-c,-e,-p	-
pixi g list	-	--auth-file,--concurrent-downloads,--concurrent-solves,--environment,--pinning-strategy,--pypi-keyring-provider,--run-post-link-scripts,--sort-by,--tls-no-verify,--tls-root-certs,--use-environment-activation-cache,-e	-
pixi g ls	-	--auth-file,--concurrent-downloads,--concurrent-solves,--environment,--pinning-strategy,--pypi-keyring-provider,--run-post-link-scripts,--sort-by,--tls-no-verify,--tls-root-certs,--use-environment-activation-cache,-e	-
pixi g remove	-	--auth-file,--concurrent-downloads,--concurrent-solves,--environment,--pinning-strategy,--pypi-keyring-provider,--run-post-link-scripts,--tls-no-verify,--tls-root-certs,--use-environment-activation-cache,-e	-
pixi g rm	-	--auth-file,--concurrent-downloads,--concurrent-solves,--environment,--pinning-strategy,--pypi-keyring-provider,--run-post-link-scripts,--tls-no-verify,--tls-root-certs,--use-environment-activation-cache,-e	-
pixi g s	-	--auth-file,--concurrent-downloads,--concurrent-solves,--pinning-strategy,--pypi-keyring-provider,--run-post-link-scripts,--tls-no-verify,--tls-root-certs,--use-environment-activation-cache	-
pixi g shortcut	add,help,remove	-	-
pixi g shortcut add	-	--auth-file,--concurrent-downloads,--concurrent-solves,--environment,--pinning-strategy,--pypi-keyring-provider,--run-post-link-scripts,--tls-no-verify,--tls-root-certs,--use-environment-activation-cache,-e	-
pixi g shortcut help	add,help,remove	-	-
pixi g shortcut help add	-	-	-
pixi g shortcut help help	-	-	-
pixi g shortcut help remove	-	-	-
pixi g shortcut remove	-	--auth-file,--concurrent-downloads,--concurrent-solves,--pinning-strategy,--pypi-keyring-provider,--run-post-link-scripts,--tls-no-verify,--tls-root-certs,--use-environment-activation-cache	-
pixi g sync	-	--auth-file,--concurrent-downloads,--concurrent-solves,--pinning-strategy,--pypi-keyring-provider,--run-post-link-scripts,--tls-no-verify,--tls-root-certs,--use-environment-activation-cache	-
pixi g t	-	--environment,--invert,-e,-i	-
pixi g tree	-	--environment,--invert,-e,-i	-
pixi g uninstall	-	--auth-file,--concurrent-downloads,--concurrent-solves,--pinning-strategy,--pypi-keyring-provider,--run-post-link-scripts,--tls-no-verify,--tls-root-certs,--use-environment-activation-cache	path
pixi g update	-	--auth-file,--concurrent-downloads,--concurrent-solves,--pinning-strategy,--pypi-keyring-provider,--run-post-link-scripts,--tls-no-verify,--tls-root-certs,--use-environment-activation-cache	-
pixi global	a,add,e,edit,expose,help,i,install,list,ls,remove,rm,s,shortcut,sync,t,tree,uninstall,update	-	-
pixi global a	-	--auth-file,--branch,--concurrent-downloads,--concurrent-solves,--environment,--expose,--git,--path,--pinning-strategy,--pypi-keyring-provider,--rev,--run-post-link-scripts,--subdir,--tag,--tls-no-verify,--tls-root-certs,--use-environment-activation-cache,-e	-
pixi global add	-	--auth-file,--branch,--concurrent-downloads,--concurrent-solves,--environment,--expose,--git,--path,--pinning-strategy,--pypi-keyring-provider,--rev,--run-post-link-scripts,--subdir,--tag,--tls-no-verify,--tls-root-certs,--use-environment-activation-cache,-e	-
pixi global e	add,help,remove	-	-
pixi global e add	-	--auth-file,--concurrent-downloads,--concurrent-solves,--environment,--pinning-strategy,--pypi-keyring-provider,--run-post-link-scripts,--tls-no-verify,--tls-root-certs,--use-environment-activation-cache,-e	-
pixi global e help	add,help,remove	-	-
pixi global e help add	-	-	-
pixi global e help help	-	-	-
pixi global e help remove	-	-	-
pixi global e remove	-	--auth-file,--concurrent-downloads,--concurrent-solves,--pinning-strategy,--pypi-keyring-provider,--run-post-link-scripts,--tls-no-verify,--tls-root-certs,--use-environment-activation-cache	-
pixi global edit	-	-	-
pixi global expose	add,help,remove	-	-
pixi global expose add	-	--auth-file,--concurrent-downloads,--concurrent-solves,--environment,--pinning-strategy,--pypi-keyring-provider,--run-post-link-scripts,--tls-no-verify,--tls-root-certs,--use-environment-activation-cache,-e	-
pixi global expose help	add,help,remove	-	-
pixi global expose help add	-	-	-
pixi global expose help help	-	-	-
pixi global expose help remove	-	-	-
pixi global expose remove	-	--auth-file,--concurrent-downloads,--concurrent-solves,--pinning-strategy,--pypi-keyring-provider,--run-post-link-scripts,--tls-no-verify,--tls-root-certs,--use-environment-activation-cache	-
pixi global help	add,edit,expose,help,install,list,remove,shortcut,sync,tree,uninstall,update	-	-
pixi global help add	-	-	-
pixi global help edit	-	-	-
pixi global help expose	add,remove	-	-
pixi global help expose add	-	-	-
pixi global help expose remove	-	-	-
pixi global help help	-	-	-
pixi global help install	-	-	-
pixi global help list	-	-	-
pixi global help remove	-	-	-
pixi global help shortcut	add,remove	-	-
pixi global help shortcut add	-	-	-
pixi global help shortcut remove	-	-	-
pixi global help sync	-	-	-
pixi global help tree	-	-	-
pixi global help uninstall	-	-	-
pixi global help update	-	-	-
pixi global i	-	--auth-file,--branch,--channel,--concurrent-downloads,--concurrent-solves,--environment,--expose,--force-reinstall,--git,--no-shortcut,--no-shortcuts,--path,--pinning-strategy,--platform,--pypi-keyring-provider,--rev,--run-post-link-scripts,--subdir,--tag,--tls-no-verify,--tls-root-certs,--use-environment-activation-cache,--with,-c,-e,-p	-
pixi global install	-	--auth-file,--branch,--channel,--concurrent-downloads,--concurrent-solves,--environment,--expose,--force-reinstall,--git,--no-shortcut,--no-shortcuts,--path,--pinning-strategy,--platform,--pypi-keyring-provider,--rev,--run-post-link-scripts,--subdir,--tag,--tls-no-verify,--tls-root-certs,--use-environment-activation-cache,--with,-c,-e,-p	-
pixi global list	-	--auth-file,--concurrent-downloads,--concurrent-solves,--environment,--pinning-strategy,--pypi-keyring-provider,--run-post-link-scripts,--sort-by,--tls-no-verify,--tls-root-certs,--use-environment-activation-cache,-e	-
pixi global ls	-	--auth-file,--concurrent-downloads,--concurrent-solves,--environment,--pinning-strategy,--pypi-keyring-provider,--run-post-link-scripts,--sort-by,--tls-no-verify,--tls-root-certs,--use-environment-activation-cache,-e	-
pixi global remove	-	--auth-file,--concurrent-downloads,--concurrent-solves,--environment,--pinning-strategy,--pypi-keyring-provider,--run-post-link-scripts,--tls-no-verify,--tls-root-certs,--use-environment-activation-cache,-e	-
pixi global rm	-	--auth-file,--concurrent-downloads,--concurrent-solves,--environment,--pinning-strategy,--pypi-keyring-provider,--run-post-link-scripts,--tls-no-verify,--tls-root-certs,--use-environment-activation-cache,-e	-
pixi global s	-	--auth-file,--concurrent-downloads,--concurrent-solves,--pinning-strategy,--pypi-keyring-provider,--run-post-link-scripts,--tls-no-verify,--tls-root-certs,--use-environment-activation-cache	-
pixi global shortcut	add,help,remove	-	-
pixi global shortcut add	-	--auth-file,--concurrent-downloads,--concurrent-solves,--environment,--pinning-strategy,--pypi-keyring-provider,--run-post-link-scripts,--tls-no-verify,--tls-root-certs,--use-environment-activation-cache,-e	-
pixi global shortcut help	add,help,remove	-	-
pixi global shortcut help add	-	-	-
pixi global shortcut help help	-	-	-
pixi global shortcut help remove	-	-	-
pixi global shortcut remove	-	--auth-file,--concurrent-downloads,--concurrent-solves,--pinning-strategy,--pypi-keyring-provider,--run-post-link-scripts,--tls-no-verify,--tls-root-certs,--use-environment-activation-cache	-
pixi global sync	-	--auth-file,--concurrent-downloads,--concurrent-solves,--pinning-strategy,--pypi-keyring-provider,--run-post-link-scripts,--tls-no-verify,--tls-root-certs,--use-environment-activation-cache	-
pixi global t	-	--environment,--invert,-e,-i	-
pixi global tree	-	--environment,--invert,-e,-i	-
pixi global uninstall	-	--auth-file,--concurrent-downloads,--concurrent-solves,--pinning-strategy,--pypi-keyring-provider,--run-post-link-scripts,--tls-no-verify,--tls-root-certs,--use-environment-activation-cache	path
pixi global update	-	--auth-file,--concurrent-downloads,--concurrent-solves,--pinning-strategy,--pypi-keyring-provider,--run-post-link-scripts,--tls-no-verify,--tls-root-certs,--use-environment-activation-cache	-
pixi help	add,auth,build,clean,completion,config,exec,global,help,import,info,init,install,list,lock,reinstall,remove,run,search,self-update,shell,shell-hook,task,tree,update,upgrade,upload,workspace	-	-
pixi help add	-	-	-
pixi help auth	login,logout	-	-
pixi help auth login	-	-	-
pixi help auth logout	-	-	-
pixi help build	-	-	-
pixi help clean	cache	-	-
pixi help clean cache	-	-	-
pixi help completion	-	-	-
pixi help config	append,edit,list,prepend,set,unset	-	-
pixi help config append	-	-	-
pixi help config edit	-	-	-
pixi help config list	-	-	-
pixi help config prepend	-	-	-
pixi help config set	-	-	-
pixi help config unset	-	-	-
pixi help exec	-	-	-
pixi help global	add,edit,expose,install,list,remove,shortcut,sync,tree,uninstall,update	-	-
pixi help global add	-	-	-
pixi help global edit	-	-	-
pixi help global expose	add,remove	-	-
pixi help global expose add	-	-	-
pixi help global expose remove	-	-	-
pixi help global install	-	-	-
pixi help global list	-	-	-
pixi help global remove	-	-	-
pixi help global shortcut	add,remove	-	-
pixi help global shortcut add	-	-	-
pixi help global shortcut remove	-	-	-
pixi help global sync	-	-	-
pixi help global tree	-	-	-
pixi help global uninstall	-	-	-
pixi help global update	-	-	-
pixi help help	-	-	-
pixi help import	-	-	-
pixi help info	-	-	-
pixi help init	-	-	-
pixi help install	-	-	-
pixi help list	-	-	-
pixi help lock	-	-	-
pixi help reinstall	-	-	-
pixi help remove	-	-	-
pixi help run	-	-	-
pixi help search	-	-	-
pixi help self-update	-	-	-
pixi help shell	-	-	-
pixi help shell-hook	-	-	-
pixi help task	add,alias,list,remove	-	-
pixi help task add	-	-	-
pixi help task alias	-	-	-
pixi help task list	-	-	-
pixi help task remove	-	-	-
pixi help tree	-	-	-
pixi help update	-	-	-
pixi help upgrade	-	-	-
pixi help upload	anaconda,artifactory,prefix,quetz,s3	-	-
pixi help upload anaconda	-	-	-
pixi help upload artifactory	-	-	-
pixi help upload prefix	-	-	-
pixi help upload quetz	-	-	-
pixi help upload s3	-	-	-
pixi help workspace	channel,description,environment,export,feature,name,platform,requires-pixi,system-requirements,version	-	-
pixi help workspace channel	add,list,remove	-	-
pixi help workspace channel add	-	-	-
pixi help workspace channel list	-	-	-
pixi help workspace channel remove	-	-	-
pixi help workspace description	get,set	-	-
pixi help workspace description get	-	-	-
pixi help workspace description set	-	-	-
pixi help workspace environment	add,list,remove	-	-
pixi help workspace environment add	-	-	-
pixi help workspace environment list	-	-	-
pixi help workspace environment remove	-	-	-
pixi help workspace export	conda-environment,conda-explicit-spec	-	-
pixi help workspace export conda-environment	-	-	-
pixi help workspace export conda-explicit-spec	-	-	-
pixi help workspace feature	list,remove	-	-
pixi help workspace feature list	-	-	-
pixi help workspace feature remove	-	-	-
pixi help workspace name	get,set	-	-
pixi help workspace name get	-	-	-
pixi help workspace name set	-	-	-
pixi help workspace platform	add,list,remove	-	-
pixi help workspace platform add	-	-	-
pixi help workspace platform list	-	-	-
pixi help workspace platform remove	-	-	-
pixi help workspace requires-pixi	get,set,unset,verify	-	-
pixi help workspace requires-pixi get	-	-	-
pixi help workspace requires-pixi set	-	-	-
pixi help workspace requires-pixi unset	-	-	-
pixi help workspace requires-pixi verify	-	-	-
pixi help workspace system-requirements	add,list	-	-
pixi help workspace system-requirements add	-	-	-
pixi help workspace system-requirements list	-	-	-
pixi help workspace version	get,major,minor,patch,set	-	-
pixi help workspace version get	-	-	-
pixi help workspace version major	-	-	-
pixi help workspace version minor	-	-	-
pixi help workspace version patch	-	-	-
pixi help workspace version set	-	-	-
pixi i	-	--all,--auth-file,--concurrent-downloads,--concurrent-solves,--environment,--frozen,--locked,--manifest-path,--only,--pinning-strategy,--pypi-keyring-provider,--run-post-link-scripts,--skip,--skip-with-deps,--tls-no-verify,--tls-root-certs,--use-environment-activation-cache,-a,-e,-m	-
pixi import	-	--auth-file,--concurrent-downloads,--concurrent-solves,--environment,--feature,--format,--manifest-path,--pinning-strategy,--platform,--pypi-keyring-provider,--run-post-link-scripts,--tls-no-verify,--tls-root-certs,--use-environment-activation-cache,-e,-f,-m,-p	-
pixi info	-	--extended,--json,--manifest-path,-m	-
pixi init	-	--channel,--conda-pypi-map,--format,--import,--platform,--scm,-c,-i,-p,-s	-
pixi install	-	--all,--auth-file,--concurrent-downloads,--concurrent-solves,--environment,--frozen,--locked,--manifest-path,--only,--pinning-strategy,--pypi-keyring-provider,--run-post-link-scripts,--skip,--skip-with-deps,--tls-no-verify,--tls-root-certs,--use-environment-activation-cache,-a,-e,-m	-
pixi list	-	--environment,--explicit,--fields,--frozen,--json,--json-pretty,--locked,--manifest-path,--no-install,--platform,--sort-by,-e,-m,-x	-
pixi lock	-	--check,--dry-run,--json,--manifest-path,--no-install,-m	-
pixi ls	-	--environment,--explicit,--fields,--frozen,--json,--json-pretty,--locked,--manifest-path,--no-install,--platform,--sort-by,-e,-m,-x	-
pixi project	channel,description,environment,export,feature,help,name,platform,requires-pixi,system-requirements,version	--manifest-path,-m	-
pixi project channel	a,add,help,list,ls,remove,rm	-	-
pixi project channel a	-	--auth-file,--concurrent-downloads,--concurrent-solves,--feature,--frozen,--locked,--no-install,--pinning-strategy,--prepend,--priority,--pypi-keyring-provider,--run-post-link-scripts,--tls-no-verify,--tls-root-certs,--use-environment-activation-cache,-f	-
pixi project channel add	-	--auth-file,--concurrent-downloads,--concurrent-solves,--feature,--frozen,--locked,--no-install,--pinning-strategy,--prepend,--priority,--pypi-keyring-provider,--run-post-link-scripts,--tls-no-verify,--tls-root-certs,--use-environment-activation-cache,-f	-
pixi project channel help	add,help,list,remove	-	-
pixi project channel help add	-	-	-
pixi project channel help help	-	-	-
pixi project channel help list	-	-	-
pixi project channel help remove	-	-	-
pixi project channel list	-	--urls	-
pixi project channel ls	-	--urls	-
pixi project channel remove	-	--auth-file,--concurrent-downloads,--concurrent-solves,--feature,--frozen,--locked,--no-install,--pinning-strategy,--prepend,--priority,--pypi-keyring-provider,--run-post-link-scripts,--tls-no-verify,--tls-root-certs,--use-environment-activation-cache,-f	-
pixi project channel rm	-	--auth-file,--concurrent-downloads,--concurrent-solves,--feature,--frozen,--locked,--no-install,--pinning-strategy,--prepend,--priority,--pypi-keyring-provider,--run-post-link-scripts,--tls-no-verify,--tls-root-certs,--use-environment-activation-cache,-f	-
pixi project description	get,help,set	-	-
pixi project description get	-	-	-
pixi project description help	get,help,set	-	-
pixi project description help get	-	-	-
pixi project description help help	-	-	-
pixi project description help set	-	-	-
pixi project description set	-	-	-
pixi project environment	a,add,help,list,ls,remove,rm	-	-
pixi project environment a	-	--feature,--force,--no-default-feature,--solve-group,-f	-
pixi project environment add	-	--feature,--force,--no-default-feature,--solve-group,-f	-
pixi project environment help	add,help,list,remove	-	-
pixi project environment help add	-	-	-
pixi project environment help help	-	-	-
pixi project environment help list	-	-	-
pixi project environment help remove	-	-	-
pixi project environment list	-	-	-
pixi project environment ls	-	-	-
pixi project environment remove	-	-	-
pixi project environment rm	-	-	-
pixi project export	ces,conda-environment,conda-explicit-spec,help	-	-
pixi project export ces	-	--auth-file,--concurrent-downloads,--concurrent-solves,--environment,--frozen,--ignore-pypi-errors,--ignore-source-errors,--locked,--no-install,--pinning-strategy,--platform,--pypi-keyring-provider,--run-post-link-scripts,--tls-no-verify,--tls-root-certs,--use-environment-activation-cache,-e,-p	-
pixi project export conda-environment	-	--environment,--name,--platform,-e,-n,-p	-
pixi project export conda-explicit-spec	-	--auth-file,--concurrent-downloads,--concurrent-solves,--environment,--frozen,--ignore-pypi-errors,--ignore-source-errors,--locked,--no-install,--pinning-strategy,--platform,--pypi-keyring-provider,--run-post-link-scripts,--tls-no-verify,--tls-root-certs,--use-environment-activation-cache,-e,-p	-
pixi project export help	conda-environment,conda-explicit-spec,help	-	-
pixi project export help conda-environment	-	-	-
pixi project export help conda-explicit-spec	-	-	-
pixi project export help help	-	-	-
pixi project feature	help,list,ls,remove,rm	-	-
pixi project feature help	help,list,remove	-	-
pixi project feature help help	-	-	-
pixi project feature help list	-	-	-
pixi project feature help remove	-	-	-
pixi project feature list	-	-	-
pixi project feature ls	-	-	-
pixi project feature remove	-	-	-
pixi project feature rm	-	-	-
pixi project help	channel,description,environment,export,feature,help,name,platform,requires-pixi,system-requirements,version	-	-
pixi project help channel	add,list,remove	-	-
pixi project help channel add	-	-	-
pixi project help channel list	-	-	-
pixi project help channel remove	-	-	-
pixi project help description	get,set	-	-
pixi project help description get	-	-	-
pixi project help description set	-	-	-
pixi project help environment	add,list,remove	-	-
pixi project help environment add	-	-	-
pixi project help environment list	-	-	-
pixi project help environment remove	-	-	-
pixi project help export	conda-environment,conda-explicit-spec	-	-
pixi project help export conda-environment	-	-	-
pixi project help export conda-explicit-spec	-	-	-
pixi project help feature	list,remove	-	-
pixi project help feature list	-	-	-
pixi project help feature remove	-	-	-
pixi project help help	-	-	-
pixi project help name	get,set	-	-
pixi project help name get	-	-	-
pixi project help name set	-	-	-
pixi project help platform	add,list,remove	-	-
pixi project help platform add	-	-	-
pixi project help platform list	-	-	-
pixi project help platform remove	-	-	-
pixi project help requires-pixi	get,set,unset,verify	-	-
pixi project help requires-pixi get	-	-	-
pixi project help requires-pixi set	-	-	-
pixi project help requires-pixi unset	-	-	-
pixi project help requires-pixi verify	-	-	-
pixi project help system-requirements	add,list	-	-
pixi project help system-requirements add	-	-	-
pixi project help system-requirements list	-	-	-
pixi project help version	get,major,minor,patch,set	-	-
pixi project help version get	-	-	-
pixi project help version major	-	-	-
pixi project help version minor	-	-	-
pixi project help version patch	-	-	-
pixi project help version set	-	-	-
pixi project name	get,help,set	-	-
pixi project name get	-	-	-
pixi project name help	get,help,set	-	-
pixi project name help get	-	-	-
pixi project name help help	-	-	-
pixi project name help set	-	-	-
pixi project name set	-	-	-
pixi project platform	a,add,help,list,ls,remove,rm	-	-
pixi project platform a	-	--feature,--no-install,-f	-
pixi project platform add	-	--feature,--no-install,-f	-
pixi project platform help	add,help,list,remove	-	-
pixi project platform help add	-	-	-
pixi project platform help help	-	-	-
pixi project platform help list	-	-	-
pixi project platform help remove	-	-	-
pixi project platform list	-	-	-
pixi project platform ls	-	-	-
pixi project platform remove	-	--feature,--no-install,-f	path
pixi project platform rm	-	--feature,--no-install,-f	path
pixi project requires-pixi	get,help,set,unset,verify	-	-
pixi project requires-pixi get	-	-	-
pixi project requires-pixi help	get,help,set,unset,verify	-	-
pixi project requires-pixi help get	-	-	-
pixi project requires-pixi help help	-	-	-
pixi project requires-pixi help set	-	-	-
pixi project requires-pixi help unset	-	-	-
pixi project requires-pixi help verify	-	-	-
pixi project requires-pixi set	-	-	-
pixi project requires-pixi unset	-	-	-
pixi project requires-pixi verify	-	-	-
pixi project system-requirements	a,add,help,list,ls	-	-
pixi project system-requirements a	-	--family,--feature,-f	-
pixi project system-requirements add	-	--family,--feature,-f	-
pixi project system-requirements help	add,help,list	-	-
pixi project system-requirements help add	-	-	-
pixi project system-requirements help help	-	-	-
pixi project system-requirements help list	-	-	-
pixi project system-requirements list	-	--environment,--json,-e	-
pixi project system-requirements ls	-	--environment,--json,-e	-
pixi project version	get,help,major,minor,patch,set	-	-
pixi project version get	-	-	-
pixi project version help	get,help,major,minor,patch,set	-	-
pixi project version help get	-	-	-
pixi project version help help	-	-	-
pixi project version help major	-	-	-
pixi project version help minor	-	-	-
pixi project version help patch	-	-	-
pixi project version help set	-	-	-
pixi project version major	-	-	-
pixi project version minor	-	-	-
pixi project version patch	-	-	-
pixi project version set	-	-	-
pixi r	-	--as-is,--auth-file,--clean-env,--concurrent-downloads,--concurrent-solves,--dry-run,--environment,--executable,--force-activate,--frozen,--help,--locked,--manifest-path,--no-completions,--no-install,--pinning-strategy,--pypi-keyring-provider,--run-post-link-scripts,--skip-deps,--templated,--tls-no-verify,--tls-root-certs,--use-environment-activation-cache,-e,-h,-m,-n,-x	path
pixi reinstall	-	--all,--auth-file,--concurrent-downloads,--concurrent-solves,--environment,--frozen,--locked,--manifest-path,--pinning-strategy,--pypi-keyring-provider,--run-post-link-scripts,--tls-no-verify,--tls-root-certs,--use-environment-activation-cache,-a,-e,-m	-
pixi remove	-	--auth-file,--branch,--concurrent-downloads,--concurrent-solves,--feature,--frozen,--git,--locked,--manifest-path,--no-install,--pinning-strategy,--platform,--pypi,--pypi-keyring-provider,--rev,--run-post-link-scripts,--subdir,--tag,--tls-no-verify,--tls-root-certs,--use-environment-activation-cache,-f,-g,-m,-p,-s	path
pixi rm	-	--auth-file,--branch,--concurrent-downloads,--concurrent-solves,--feature,--frozen,--git,--locked,--manifest-path,--no-install,--pinning-strategy,--platform,--pypi,--pypi-keyring-provider,--rev,--run-post-link-scripts,--subdir,--tag,--tls-no-verify,--tls-root-certs,--use-environment-activation-cache,-f,-g,-m,-p,-s	path
pixi run	-	--as-is,--auth-file,--clean-env,--concurrent-downloads,--concurrent-solves,--dry-run,--environment,--executable,--force-activate,--frozen,--help,--locked,--manifest-path,--no-completions,--no-install,--pinning-strategy,--pypi-keyring-provider,--run-post-link-scripts,--skip-deps,--templated,--tls-no-verify,--tls-root-certs,--use-environment-activation-cache,-e,-h,-m,-n,-x	path
pixi s	-	--as-is,--auth-file,--change-ps1,--concurrent-downloads,--concurrent-solves,--environment,--force-activate,--frozen,--locked,--manifest-path,--no-completions,--no-install,--pinning-strategy,--pypi-keyring-provider,--run-post-link-scripts,--tls-no-verify,--tls-root-certs,--use-environment-activation-cache,-e,-m	-
pixi search	-	--channel,--limit,--platform,-c,-l,-p	-
pixi self-update	-	--dry-run,--force,--no-release-note,--version	-
pixi shell	-	--as-is,--auth-file,--change-ps1,--concurrent-downloads,--concurrent-solves,--environment,--force-activate,--frozen,--locked,--manifest-path,--no-completions,--no-install,--pinning-strategy,--pypi-keyring-provider,--run-post-link-scripts,--tls-no-verify,--tls-root-certs,--use-environment-activation-cache,-e,-m	-
pixi shell-hook	-	--as-is,--auth-file,--change-ps1,--concurrent-downloads,--concurrent-solves,--environment,--force-activate,--frozen,--json,--locked,--manifest-path,--no-completions,--no-install,--pinning-strategy,--pypi-keyring-provider,--run-post-link-scripts,--shell,--tls-no-verify,--tls-root-certs,--use-environment-activation-cache,-e,-m,-s	-
pixi t	-	--environment,--frozen,--invert,--locked,--manifest-path,--no-install,--platform,-e,-i,-m,-p	-
pixi task	a,add,alias,help,l,list,ls,remove,rm	--manifest-path,-m	-
pixi task a	-	--arg,--clean-env,--cwd,--default-environment,--depends-on,--description,--env,--feature,--platform,-f,-p	-
pixi task add	-	--arg,--clean-env,--cwd,--default-environment,--depends-on,--description,--env,--feature,--platform,-f,-p	-
pixi task alias	-	--description,--platform,-p	-
pixi task help	add,alias,help,list,remove	-	-
pixi task help add	-	-	-
pixi task help alias	-	-	-
pixi task help help	-	-	-
pixi task help list	-	-	-
pixi task help remove	-	-	-
pixi task l	-	--environment,--json,--summary,-e,-s	-
pixi task list	-	--environment,--json,--summary,-e,-s	-
pixi task ls	-	--environment,--json,--summary,-e,-s	-
pixi task remove	-	--feature,--platform,-f,-p	path
pixi task rm	-	--feature,--platform,-f,-p	path
pixi tree	-	--environment,--frozen,--invert,--locked,--manifest-path,--no-install,--platform,-e,-i,-m,-p	-
pixi update	-	--auth-file,--concurrent-downloads,--concurrent-solves,--dry-run,--environment,--json,--manifest-path,--no-install,--pinning-strategy,--platform,--pypi-keyring-provider,--run-post-link-scripts,--tls-no-verify,--tls-root-certs,--use-environment-activation-cache,-e,-m,-n,-p	-
pixi upgrade	-	--auth-file,--concurrent-downloads,--concurrent-solves,--dry-run,--exclude,--feature,--frozen,--json,--locked,--manifest-path,--no-install,--pinning-strategy,--pypi-keyring-provider,--run-post-link-scripts,--tls-no-verify,--tls-root-certs,--use-environment-activation-cache,-f,-m,-n	path
pixi upload	anaconda,artifactory,help,prefix,quetz,s3	--allow-insecure-host	-
pixi upload anaconda	-	--api-key,--channel,--force,--owner,--url,-a,-c,-f,-o,-u	-
pixi upload artifactory	-	--channel,--token,--url,-c,-t,-u	-
pixi upload help	anaconda,artifactory,help,prefix,quetz,s3	-	-
pixi upload help anaconda	-	-	-
pixi upload help artifactory	-	-	-
pixi upload help help	-	-	-
pixi upload help prefix	-	-	-
pixi upload help quetz	-	-	-
pixi upload help s3	-	-	-
pixi upload prefix	-	--api-key,--attestation,--channel,--force,--generate-attestation,--skip-existing,--store-github-attestation,--url,-a,-c,-s,-u	-
pixi upload quetz	-	--api-key,--channel,--url,-a,-c,-u	-
pixi upload s3	-	--access-key-id,--addressing-style,--channel,--endpoint-url,--force,--region,--secret-access-key,--session-token,-c	-
pixi workspace	channel,description,environment,export,feature,help,name,platform,requires-pixi,system-requirements,version	--manifest-path,-m	-
pixi workspace channel	a,add,help,list,ls,remove,rm	-	-
pixi workspace channel a	-	--auth-file,--concurrent-downloads,--concurrent-solves,--feature,--frozen,--locked,--no-install,--pinning-strategy,--prepend,--priority,--pypi-keyring-provider,--run-post-link-scripts,--tls-no-verify,--tls-root-certs,--use-environment-activation-cache,-f	-
pixi workspace channel add	-	--auth-file,--concurrent-downloads,--concurrent-solves,--feature,--frozen,--locked,--no-install,--pinning-strategy,--prepend,--priority,--pypi-keyring-provider,--run-post-link-scripts,--tls-no-verify,--tls-root-certs,--use-environment-activation-cache,-f	-
pixi workspace channel help	add,help,list,remove	-	-
pixi workspace channel help add	-	-	-
pixi workspace channel help help	-	-	-
pixi workspace channel help list	-	-	-
pixi workspace channel help remove	-	-	-
pixi workspace channel list	-	--urls	-
pixi workspace channel ls	-	--urls	-
pixi workspace channel remove	-	--auth-file,--concurrent-downloads,--concurrent-solves,--feature,--frozen,--locked,--no-install,--pinning-strategy,--prepend,--priority,--pypi-keyring-provider,--run-post-link-scripts,--tls-no-verify,--tls-root-certs,--use-environment-activation-cache,-f	-
pixi workspace channel rm	-	--auth-file,--concurrent-downloads,--concurrent-solves,--feature,--frozen,--locked,--no-install,--pinning-strategy,--prepend,--priority,--pypi-keyring-provider,--run-post-link-scripts,--tls-no-verify,--tls-root-certs,--use-environment-activation-cache,-f	-
pixi workspace description	get,help,set	-	-
pixi workspace description get	-	-	-
pixi workspace description help	get,help,set	-	-
pixi workspace description help get	-	-	-
pixi workspace description help help	-	-	-
pixi workspace description help set	-	-	-
pixi workspace description set	-	-	-
pixi workspace environment	a,add,help,list,ls,remove,rm	-	-
pixi workspace environment a	-	--feature,--force,--no-default-feature,--solve-group,-f	-
pixi workspace environment add	-	--feature,--force,--no-default-feature,--solve-group,-f	-
pixi workspace environment help	add,help,list,remove	-	-
pixi workspace environment help add	-	-	-
pixi workspace environment help help	-	-	-
pixi workspace environment help list	-	-	-
pixi workspace environment help remove	-	-	-
pixi workspace environment list	-	-	-
pixi workspace environment ls	-	-	-
pixi workspace environment remove	-	-	-
pixi workspace environment rm	-	-	-
pixi workspace export	ces,conda-environment,conda-explicit-spec,help	-	-
pixi workspace export ces	-	--auth-file,--concurrent-downloads,--concurrent-solves,--environment,--frozen,--ignore-pypi-errors,--ignore-source-errors,--locked,--no-install,--pinning-strategy,--platform,--pypi-keyring-provider,--run-post-link-scripts,--tls-no-verify,--tls-root-certs,--use-environment-activation-cache,-e,-p	-
pixi workspace export conda-environment	-	--environment,--name,--platform,-e,-n,-p	-
pixi workspace export conda-explicit-spec	-	--auth-file,--concurrent-downloads,--concurrent-solves,--environment,--frozen,--ignore-pypi-errors,--ignore-source-errors,--locked,--no-install,--pinning-strategy,--platform,--pypi-keyring-provider,--run-post-link-scripts,--tls-no-verify,--tls-root-certs,--use-environment-activation-cache,-e,-p	-
pixi workspace export help	conda-environment,conda-explicit-spec,help	-	-
pixi workspace export help conda-environment	-	-	-
pixi workspace export help conda-explicit-spec	-	-	-
pixi workspace export help help	-	-	-
pixi workspace feature	help,list,ls,remove,rm	-	-
pixi workspace feature help	help,list,remove	-	-
pixi workspace feature help help	-	-	-
pixi workspace feature help list	-	-	-
pixi workspace feature help remove	-	-	-
pixi workspace feature list	-	-	-
pixi workspace feature ls	-	-	-
pixi workspace feature remove	-	-	-
pixi workspace feature rm	-	-	-
pixi workspace help	channel,description,environment,export,feature,help,name,platform,requires-pixi,system-requirements,version	-	-
pixi workspace help channel	add,list,remove	-	-
pixi workspace help channel add	-	-	-
pixi workspace help channel list	-	-	-
pixi workspace help channel remove	-	-	-
pixi workspace help description	get,set	-	-
pixi workspace help description get	-	-	-
pixi workspace help description set	-	-	-
pixi workspace help environment	add,list,remove	-	-
pixi workspace help environment add	-	-	-
pixi workspace help environment list	-	-	-
pixi workspace help environment remove	-	-	-
pixi workspace help export	conda-environment,conda-explicit-spec	-	-
pixi workspace help export conda-environment	-	-	-
pixi workspace help export conda-explicit-spec	-	-	-
pixi workspace help feature	list,remove	-	-
pixi workspace help feature list	-	-	-
pixi workspace help feature remove	-	-	-
pixi workspace help help	-	-	-
pixi workspace help name	get,set	-	-
pixi workspace help name get	-	-	-
pixi workspace help name set	-	-	-
pixi workspace help platform	add,list,remove	-	-
pixi workspace help platform add	-	-	-
pixi workspace help platform list	-	-	-
pixi workspace help platform remove	-	-	-
pixi workspace help requires-pixi	get,set,unset,verify	-	-
pixi workspace help requires-pixi get	-	-	-
pixi workspace help requires-pixi set	-	-	-
pixi workspace help requires-pixi unset	-	-	-
pixi workspace help requires-pixi verify	-	-	-
pixi workspace help system-requirements	add,list	-	-
pixi workspace help system-requirements add	-	-	-
pixi workspace help system-requirements list	-	-	-
pixi workspace help version	get,major,minor,patch,set	-	-
pixi workspace help version get	-	-	-
pixi workspace help version major	-	-	-
pixi workspace help version minor	-	-	-
pixi workspace help version patch	-	-	-
pixi workspace help version set	-	-	-
pixi workspace name	get,help,set	-	-
pixi workspace name get	-	-	-
pixi workspace name help	get,help,set	-	-
pixi workspace name help get	-	-	-
pixi workspace name help help	-	-	-
pixi workspace name help set	-	-	-
pixi workspace name set	-	-	-
pixi workspace platform	a,add,help,list,ls,remove,rm	-	-
pixi workspace platform a	-	--feature,--no-install,-f	-
pixi workspace platform add	-	--feature,--no-install,-f	-
pixi workspace platform help	add,help,list,remove	-	-
pixi workspace platform help add	-	-	-
pixi workspace platform help help	-	-	-
pixi workspace platform help list	-	-	-
pixi workspace platform help remove	-	-	-
pixi workspace platform list	-	-	-
pixi workspace platform ls	-	-	-
pixi workspace platform remove	-	--feature,--no-install,-f	path
pixi workspace platform rm	-	--feature,--no-install,-f	path
pixi workspace requires-pixi	get,help,set,unset,verify	-	-
pixi workspace requires-pixi get	-	-	-
pixi workspace requires-pixi help	get,help,set,unset,verify	-	-
pixi workspace requires-pixi help get	-	-	-
pixi workspace requires-pixi help help	-	-	-
pixi workspace requires-pixi help set	-	-	-
pixi workspace requires-pixi help unset	-	-	-
pixi workspace requires-pixi help verify	-	-	-
pixi workspace requires-pixi set	-	-	-
pixi workspace requires-pixi unset	-	-	-
pixi workspace requires-pixi verify	-	-	-
pixi workspace system-requirements	a,add,help,list,ls	-	-
pixi workspace system-requirements a	-	--family,--feature,-f	-
pixi workspace system-requirements add	-	--family,--feature,-f	-
pixi workspace system-requirements help	add,help,list	-	-
pixi workspace system-requirements help add	-	-	-
pixi workspace system-requirements help help	-	-	-
pixi workspace system-requirements help list	-	-	-
pixi workspace system-requirements list	-	--environment,--json,-e	-
pixi workspace system-requirements ls	-	--environment,--json,-e	-
pixi workspace version	get,help,major,minor,patch,set	-	-
pixi workspace version get	-	-	-
pixi workspace version help	get,help,major,minor,patch,set	-	-
pixi workspace version help get	-	-	-
pixi workspace version help help	-	-	-
pixi workspace version help major	-	-	-
pixi workspace version help minor	-	-	-
pixi workspace version help patch	-	-	-
pixi workspace version help set	-	-	-
pixi workspace version major	-	-	-
pixi workspace version minor	-	-	-
pixi workspace version patch	-	-	-
pixi workspace version set	-	-	-
pixi x	-	--auth-file,--channel,--concurrent-downloads,--concurrent-solves,--force-reinstall,--list,--no-modify-ps1,--pinning-strategy,--platform,--pypi-keyring-provider,--run-post-link-scripts,--spec,--tls-no-verify,--tls-root-certs,--use-environment-activation-cache,--with,-c,-p,-s,-w	path
pkgsite	-	-cache,-cachedir,-dev,-gopath_mode,-gorepo,-http,-list,-open,-proxy,-static	path
pkill	-	--cgroup,--count,--echo,--env,--euid,--exact,--full,--group,--help,--ignore-ancestors,--ignore-case,--logpidfile,--newest,--ns,--nslist,--older,--oldest,--parent,--pgroup,--pidfile,--queue,--require-handler,--runstates,--session,--signal,--terminal,--uid,--version,-A,-F,-G,-H,-L,-O,-P,-U,-V,-c,-e,-f,-g,-h,-i,-n,-o,-q,-r,-s,-t,-u,-x	-
pmap	-	--create-rc,--create-rc-to,--device,--extended,--help,--quiet,--range,--read-rc,--read-rc-from,--show-path,--version,-A,-C,-N,-V,-X,-XX,-c,-d,-h,-n,-p,-q,-x	-
pngcheck	-	-7,-c,-p,-q,-s,-t,-v,-w,-x	path
pnpm	add,audit,cat-file,cat-index,dislink,exec,find-hash,help,i,import,init,install,install-test,it,licenses,link,ln,outdated,pack,prune,publish,rb,rebuild,remove,rm,root,run,run-script,start,store,t,test,un,uninstall,unlink,up,update,upgrade	--aggregate-output,--changed-files-ignore-pattern,--color,--dir,--filter,--filter-prod,--help,--loglevel,--no-color,--stream,--test-pattern,--use-stderr,--version,--workspace-root,-C,-h,-v	-
pnpm add	-	--aggregate-output,--allow-build,--changed-files-ignore-pattern,--color,--config,--cpu,--dir,--filter,--filter-prod,--global,--help,--ignore-scripts,--ignore-workspace-root-check,--libc,--loglevel,--no-color,--no-save-exact,--no-save-workspace-protocol,--offline,--os,--prefer-offline,--recursive,--save-catalog,--save-catalog-name,--save-dev,--save-exact,--save-optional,--save-peer,--save-prod,--save-workspace-protocol,--silent,--store-dir,--stream,--test-pattern,--use-stderr,--virtual-store-dir,--workspace,--workspace-root,-C,-D,-E,-O,-P,-g,-h,-r,-w	path
pnpm audit	-	--audit-level,--dev,--fix,--ignore-registry-errors,--json,--no-optional,--prod,-D,-P	-
pnpm cat-file	-	--help,-h	-
pnpm cat-index	-	--help,-h	-
pnpm dislink	-	--aggregate-output,--color,--dir,--help,--loglevel,--no-color,--recursive,--stream,--use-stderr,--workspace-root,-C,-h,-r,-w	path
pnpm exec	-	-	path
pnpm find-hash	-	--help,-h	-
pnpm help	-	--help,-h	-
pnpm i	-	--aggregate-output,--changed-files-ignore-pattern,--child-concurrency,--color,--dev,--dir,--filter,--filter-prod,--fix-lockfile,--force,--frozen-lockfile,--global-dir,--help,--hoist-pattern,--ignore-pnpmfile,--ignore-scripts,--lockfile-dir,--lockfile-only,--loglevel,--modules-dir,--network-concurrency,--no-color,--no-frozen-lockfile,--no-hoist,--no-lockfile,--no-optional,--no-verify-store-integrity,--offline,--package-import-method,--prefer-frozen-lockfile,--prefer-offline,--prod,--public-hoist-pattern,--recursive,--reporter,--shamefully-hoist,--side-effects-cache,--side-effects-cache-readonly,--silent,--store-dir,--stream,--strict-peer-dependencies,--test-pattern,--use-running-store-server,--use-stderr,--use-store-server,--verify-store-integrity,--virtual-store-dir,--workspace-root,-C,-D,-P,-h,-r,-s,-w	-
pnpm import	-	-	-
pnpm init	-	--bare,--help,--init-package-manager,--init-type,-h	-
pnpm install	-	--aggregate-output,--changed-files-ignore-pattern,--child-concurrency,--color,--dev,--dir,--filter,--filter-prod,--fix-lockfile,--force,--frozen-lockfile,--global-dir,--help,--hoist-pattern,--ignore-pnpmfile,--ignore-scripts,--lockfile-dir,--lockfile-only,--loglevel,--modules-dir,--network-concurrency,--no-color,--no-frozen-lockfile,--no-hoist,--no-lockfile,--no-optional,--no-verify-store-integrity,--offline,--package-import-method,--prefer-frozen-lockfile,--prefer-offline,--prod,--public-hoist-pattern,--recursive,--reporter,--shamefully-hoist,--side-effects-cache,--side-effects-cache-readonly,--silent,--store-dir,--stream,--strict-peer-dependencies,--test-pattern,--use-running-store-server,--use-stderr,--use-store-server,--verify-store-integrity,--virtual-store-dir,--workspace-root,-C,-D,-P,-h,-r,-s,-w	-
pnpm install-test	-	--aggregate-output,--changed-files-ignore-pattern,--child-concurrency,--color,--dev,--dir,--filter,--filter-prod,--fix-lockfile,--force,--frozen-lockfile,--global-dir,--help,--hoist-pattern,--ignore-pnpmfile,--ignore-scripts,--lockfile-dir,--lockfile-only,--loglevel,--modules-dir,--network-concurrency,--no-color,--no-frozen-lockfile,--no-hoist,--no-lockfile,--no-optional,--no-verify-store-integrity,--offline,--package-import-method,--prefer-frozen-lockfile,--prefer-offline,--prod,--public-hoist-pattern,--recursive,--reporter,--shamefully-hoist,--side-effects-cache,--side-effects-cache-readonly,--silent,--store-dir,--stream,--strict-peer-dependencies,--test-pattern,--use-running-store-server,--use-stderr,--use-store-server,--verify-store-integrity,--virtual-store-dir,--workspace-root,-C,-D,-P,-h,-r,-s,-w	-
pnpm it	-	--aggregate-output,--changed-files-ignore-pattern,--child-concurrency,--color,--dev,--dir,--filter,--filter-prod,--fix-lockfile,--force,--frozen-lockfile,--global-dir,--help,--hoist-pattern,--ignore-pnpmfile,--ignore-scripts,--lockfile-dir,--lockfile-only,--loglevel,--modules-dir,--network-concurrency,--no-color,--no-frozen-lockfile,--no-hoist,--no-lockfile,--no-optional,--no-verify-store-integrity,--offline,--package-import-method,--prefer-frozen-lockfile,--prefer-offline,--prod,--public-hoist-pattern,--recursive,--reporter,--shamefully-hoist,--side-effects-cache,--side-effects-cache-readonly,--silent,--store-dir,--stream,--strict-peer-dependencies,--test-pattern,--use-running-store-server,--use-stderr,--use-store-server,--verify-store-integrity,--virtual-store-dir,--workspace-root,-C,-D,-P,-h,-r,-s,-w	-
pnpm licenses	list,ls	-	-
pnpm licenses list	-	--dev,--json,--long,--no-optional,--prod,-D,-P	-
pnpm licenses ls	-	--dev,--json,--long,--no-optional,--prod,-D,-P	-
pnpm link	-	--aggregate-output,--color,--dir,--help,--loglevel,--no-color,--stream,--use-stderr,--workspace-root,-C,-h,-w	path
pnpm ln	-	--aggregate-output,--color,--dir,--help,--loglevel,--no-color,--stream,--use-stderr,--workspace-root,-C,-h,-w	path
pnpm outdated	-	--aggregate-output,--changed-files-ignore-pattern,--color,--compatible,--dev,--dir,--filter,--filter-prod,--format,--global,--help,--loglevel,--long,--no-color,--no-optional,--prod,--recursive,--sort-by,--stream,--test-pattern,--use-stderr,--workspace-root,-C,-D,-P,-g,-h,-r,-w	path
pnpm pack	-	--dry-run,--filter,--json,--out,--pack-destination,--pack-gzip-level,--recursive,-r	-
pnpm prune	-	--aggregate-output,--color,--dir,--help,--loglevel,--no-color,--no-optional,--prod,--stream,--use-stderr,--workspace-root,-C,-h,-w	-
pnpm publish	-	--access,--changed-files-ignore-pattern,--dry-run,--filter,--filter-prod,--force,--ignore-scripts,--json,--no-git-checks,--otp,--provenance,--publish-branch,--recursive,--report-summary,--tag,--test-pattern,-r	path
pnpm rb	-	--aggregate-output,--changed-files-ignore-pattern,--color,--dir,--filter,--filter-prod,--help,--loglevel,--no-color,--pending,--recursive,--stream,--test-pattern,--use-stderr,--workspace-root,-C,-h,-r,-w	-
pnpm rebuild	-	--aggregate-output,--changed-files-ignore-pattern,--color,--dir,--filter,--filter-prod,--help,--loglevel,--no-color,--pending,--recursive,--stream,--test-pattern,--use-stderr,--workspace-root,-C,-h,-r,-w	-
pnpm remove	-	--aggregate-output,--changed-files-ignore-pattern,--color,--dir,--filter,--filter-prod,--global-dir,--help,--loglevel,--no-color,--recursive,--save-dev,--save-optional,--save-prod,--stream,--test-pattern,--use-stderr,--workspace-root,-C,-D,-O,-P,-h,-r,-w	-
pnpm rm	-	--aggregate-output,--changed-files-ignore-pattern,--color,--dir,--filter,--filter-prod,--global-dir,--help,--loglevel,--no-color,--recursive,--save-dev,--save-optional,--save-prod,--stream,--test-pattern,--use-stderr,--workspace-root,-C,-D,-O,-P,-h,-r,-w	-
pnpm root	-	--help,-h	-
pnpm run	-	--aggregate-output,--changed-files-ignore-pattern,--color,--dir,--filter,--filter-prod,--help,--if-present,--loglevel,--no-bail,--no-color,--parallel,--recursive,--report-summary,--resume-from,--sequential,--stream,--test-pattern,--use-stderr,--workspace-root,-C,-h,-r,-w	path
pnpm run-script	-	--aggregate-output,--changed-files-ignore-pattern,--color,--dir,--filter,--filter-prod,--help,--if-present,--loglevel,--no-bail,--no-color,--parallel,--recursive,--report-summary,--resume-from,--sequential,--stream,--test-pattern,--use-stderr,--workspace-root,-C,-h,-r,-w	path
pnpm start	-	--aggregate-output,--changed-files-ignore-pattern,--color,--dir,--filter,--filter-prod,--help,--if-present,--loglevel,--no-bail,--no-color,--parallel,--recursive,--report-summary,--resume-from,--sequential,--stream,--test-pattern,--use-stderr,--workspace-root,-C,-h,-r	-
pnpm store	add,path,prune,status	-	-
pnpm store add	-	-	path
pnpm store path	-	-	-
pnpm store prune	-	-	-
pnpm store status	-	-	-
pnpm t	-	--changed-files-ignore-pattern,--filter,--filter-prod,--test-pattern	-
pnpm test	-	--changed-files-ignore-pattern,--filter,--filter-prod,--test-pattern	-
pnpm un	-	--aggregate-output,--changed-files-ignore-pattern,--color,--dir,--filter,--filter-prod,--global-dir,--help,--loglevel,--no-color,--recursive,--save-dev,--save-optional,--save-prod,--stream,--test-pattern,--use-stderr,--workspace-root,-C,-D,-O,-P,-h,-r,-w	-
pnpm uninstall	-	--aggregate-output,--changed-files-ignore-pattern,--color,--dir,--filter,--filter-prod,--global-dir,--help,--loglevel,--no-color,--recursive,--save-dev,--save-optional,--save-prod,--stream,--test-pattern,--use-stderr,--workspace-root,-C,-D,-O,-P,-h,-r,-w	-
pnpm unlink	-	--aggregate-output,--color,--dir,--help,--loglevel,--no-color,--recursive,--stream,--use-stderr,--workspace-root,-C,-h,-r,-w	path
pnpm up	-	--aggregate-output,--changed-files-ignore-pattern,--color,--depth,--dev,--dir,--filter,--filter-prod,--global,--global-dir,--help,--interactive,--latest,--loglevel,--no-color,--no-optional,--prod,--recursive,--stream,--test-pattern,--use-stderr,--workspace,--workspace-root,-C,-D,-L,-P,-g,-h,-i,-r,-w	-
pnpm update	-	--aggregate-output,--changed-files-ignore-pattern,--color,--depth,--dev,--dir,--filter,--filter-prod,--global,--global-dir,--help,--interactive,--latest,--loglevel,--no-color,--no-optional,--prod,--recursive,--stream,--test-pattern,--use-stderr,--workspace,--workspace-root,-C,-D,-L,-P,-g,-h,-i,-r,-w	-
pnpm upgrade	-	--aggregate-output,--changed-files-ignore-pattern,--color,--depth,--dev,--dir,--filter,--filter-prod,--global,--global-dir,--help,--interactive,--latest,--loglevel,--no-color,--no-optional,--prod,--recursive,--stream,--test-pattern,--use-stderr,--workspace,--workspace-root,-C,-D,-L,-P,-g,-h,-i,-r,-w	-
poweroff	-	-	-
powertop	-	--auto-tune,--calibrate,--csv,--debug,--extech,--help,--html,--iteration,--quiet,--sample,--time,--version,--workload,-C,-V,-c,-h,-i,-q,-r,-s,-t,-w	-
pprof	-	-add_comment,-addresses,-alloc_objects,-alloc_space,-base,-buildid,-call_tree,-callgrind,-comments,-compact_labels,-contentions,-cum,-diff_base,-disasm,-divide_by,-dot,-drop_negative,-edgefraction,-eog,-evince,-filefunctions,-files,-flat,-focus,-functions,-gif,-gv,-hide,-http,-ignore,-intel_syntax,-inuse_objects,-inuse_space,-kcachegrind,-lines,-list,-mean,-mean_delay,-no_browser,-nodecount,-nodefraction,-noinlines,-normalize,-output,-pdf,-peek,-png,-proto,-prune_from,-ps,-raw,-relative_percentages,-sample_index,-seconds,-show,-show_from,-source_path,-svg,-symbolize,-tagfocus,-taghide,-tagignore,-tagleaf,-tagroot,-tags,-tagshow,-text,-timeout,-tls_ca,-tls_cert,-tls_key,-tools,-top,-topproto,-total_delay,-traces,-tree,-trim,-trim_path,-unit,-web,-weblist	path
pr	-	--across,--columns,--date-format,--double-space,--expand,--form-feed,--header,--help,--indent,--join-lines,--length,--merge,--no-file-warnings,--number-lines,--omit-header,--omit-pagination,--output-tabs,--page-width,--pages,--sep-string,--separator,--show-control-chars,--show-nonprinting,--version,--width,-D,-F,-J,-N,-S,-T,-W,-a,-c,-d,-e,-f,-h,-i,-l,-m,-n,-o,-r,-s,-t,-v,-w	path
present	-	--help,-base,-content,-h,-http,-notes,-orighost,-play,-use_playground	-
prettybat	-	-	path
prettyping	-	--awkbin,--color,--columns,--last,--legend,--lines,--multicolor,--nocolor,--nolegend,--nomulticolor,--noterminal,--nounicode,--pingbin,--rttmax,--rttmin,--terminal,--unicode,-6,-R,-a,-f,-q,-v	-
printenv	-	--help,--null,--version,-0	-
procs	-	--and,--color,--gen-completion,--gen-completion-out,--gen-config,--help,--insert,--interval,--json,--list,--load-config,--nand,--no-header,--nor,--only,--or,--pager,--procfs,--sorta,--sortd,--theme,--thread,--tree,--use-config,--version,--watch,--watch-interval,-V,-W,-a,-c,-d,-h,-i,-l,-o,-p,-r,-t,-w	-
ps	-	--Group,--User,--cols,--columns,--context,--cumulative,--deselect,--forest,--format,--group,--headers,--help,--info,--lines,--no-headers,--pid,--ppid,--quick-pid,--rows,--sid,--sort,--tty,--user,--version,--width,-A,-F,-G,-H,-L,-M,-N,-O,-T,-U,-V,-a,-c,-d,-e,-f,-g,-j,-l,-m,-o,-p,-q,-s,-t,-u,-w,-y	-
ptx	-	--auto-reference,--break-file,--flag-truncation,--format,--gap-size,--help,--ignore-case,--ignore-file,--macro-name,--only-file,--references,--right-side-refs,--sentence-regexp,--traditional,--typeset-mode,--version,--width,--word-regexp,-A,-F,-G,-M,-O,-R,-S,-T,-W,-b,-f,-g,-i,-o,-r,-t,-w	path
pulumi	about,cancel,config,console,destroy,down,help,import,login,logout,logs,new,org,plugin,policy,pre,preview,refresh,schema,stack,state,up,update,version,watch,whoami	--color,--cwd,--disable-integrity-checking,--emoji,--help,--logflow,--logtostderr,--non-interactive,--profiling,--tracing,--tracing-header,--verbose,-C,-e,-h,-v	-
pulumi about	-	--json,--transitive,-j,-t	-
pulumi cancel	-	--stack,--yes,-s,-y	path
pulumi config	cp,get,refresh,rm,rm-all,set,set-all	--config-file,--json,--show-secrets,--stack,-j,-s	-
pulumi config cp	-	--dest,--path,-d	path
pulumi config get	-	--json,--path,-j	path
pulumi config refresh	-	--force,-f	-
pulumi config rm	-	--path	path
pulumi config rm-all	-	--path	path
pulumi config set	-	--path,--plaintext,--secret	-
pulumi config set-all	-	--path,--plaintext,--secret	-
pulumi console	-	--stack,-s	-
pulumi destroy	-	--config-file,--debug,--diff,--exclude-protected,--exec-agent,--exec-kind,--json,--message,--parallel,--refresh,--show-config,--show-replacement-steps,--show-sames,--skip-preview,--stack,--suppress-outputs,--suppress-permalink,--target,--target-dependents,--yes,-d,-f,-j,-m,-p,-r,-s,-t,-y	-
pulumi down	-	--config-file,--debug,--diff,--exclude-protected,--exec-agent,--exec-kind,--json,--message,--parallel,--refresh,--show-config,--show-replacement-steps,--show-sames,--skip-preview,--stack,--suppress-outputs,--suppress-permalink,--target,--target-dependents,--yes,-d,-f,-j,-m,-p,-r,-s,-t,-y	-
pulumi help	-	-	-
pulumi import	-	--config-file,--debug,--diff,--exec-agent,--exec-kind,--file,--generate-code,--message,--out,--parallel,--parent,--properties,--protect,--provider,--skip-preview,--stack,--suppress-outputs,--suppress-permalink,--yes,-d,-f,-m,-o,-p,-s,-y	-
pulumi login	-	--cloud-url,--default-org,--local,-c,-l	-
pulumi logout	-	--all,--cloud-url,--local,-c,-l	-
pulumi logs	-	--config-file,--follow,--json,--resource,--since,--stack,-f,-j,-r,-s	-
pulumi new	-	--config,--config-path,--description,--dir,--force,--generate-only,--name,--offline,--secrets-provider,--stack,--yes,-c,-d,-f,-g,-n,-o,-s,-y	-
pulumi org	get-default,set-default	-	-
pulumi org get-default	-	-	-
pulumi org set-default	-	-	-
pulumi plugin	install,ls,rm	-	-
pulumi plugin install	-	--exact,--file,--reinstall,--server,-f	-
pulumi plugin ls	-	--json,--project,-j,-p	-
pulumi plugin rm	-	--all,--yes,-a,-y	path
pulumi policy	disable,enable,group,ls,new,publish,rm,validate-config	-	-
pulumi policy disable	-	--policy-group,--version	-
pulumi policy enable	-	--config,--policy-group	-
pulumi policy group	ls	-	-
pulumi policy group ls	-	--json,-j	-
pulumi policy ls	-	--json,-j	-
pulumi policy new	-	--dir,--force,--generate-only,--offline,-f,-g,-o	-
pulumi policy publish	-	-	-
pulumi policy rm	-	--yes,-y	-
pulumi policy validate-config	-	--config	-
pulumi pre	-	--client,--config,--config-file,--config-path,--debug,--diff,--exec-agent,--exec-kind,--expect-no-changes,--json,--message,--parallel,--policy-pack,--policy-pack-config,--refresh,--replace,--save-plan,--show-config,--show-reads,--show-replacement-steps,--show-sames,--show-secrets,--stack,--suppress-outputs,--suppress-permalink,--target,--target-dependents,--target-replace,-c,-d,-j,-m,-p,-r,-s,-t	-
pulumi preview	-	--client,--config,--config-file,--config-path,--debug,--diff,--exec-agent,--exec-kind,--expect-no-changes,--json,--message,--parallel,--policy-pack,--policy-pack-config,--refresh,--replace,--save-plan,--show-config,--show-reads,--show-replacement-steps,--show-sames,--show-secrets,--stack,--suppress-outputs,--suppress-permalink,--target,--target-dependents,--target-replace,-c,-d,-j,-m,-p,-r,-s,-t	-
pulumi refresh	-	--config-file,--debug,--diff,--exec-agent,--exec-kind,--expect-no-changes,--json,--message,--parallel,--show-replacement-steps,--show-sames,--skip-preview,--stack,--suppress-outputs,--suppress-permalink,--target,--yes,-d,-f,-j,-m,-p,-s,-t,-y	-
pulumi schema	check	-	-
pulumi schema check	-	-	-
pulumi stack	change-secrets-provider,export,graph,hist,history,import,init,ls,output,rename,rm,select,tag,unselect	--show-ids,--show-name,--show-secrets,--show-urns,--stack,-i,-s,-u	-
pulumi stack change-secrets-provider	-	-	-
pulumi stack export	-	--file,--show-secrets,--version	-
pulumi stack graph	-	--dependency-edge-color,--ignore-dependency-edges,--ignore-parent-edges,--parent-edge-color,--short-node-name	path
pulumi stack hist	-	--full-dates,--json,--page,--page-size,--show-secrets,-j	-
pulumi stack history	-	--full-dates,--json,--page,--page-size,--show-secrets,-j	-
pulumi stack import	-	--file,--force,-f	-
pulumi stack init	-	--copy-config-from,--secrets-provider	-
pulumi stack ls	-	--all,--json,--organization,--project,--tag,-a,-j,-o,-p,-t	-
pulumi stack output	-	--json,--show-secrets,-j	-
pulumi stack rename	-	-	-
pulumi stack rm	-	--force,--preserve-config,--yes,-f,-y	path
pulumi stack select	-	--create,--secrets-provider,-c	path
pulumi stack tag	get,ls,rm,set	-	-
pulumi stack tag get	-	-	-
pulumi stack tag ls	-	--json,-j	-
pulumi stack tag rm	-	-	-
pulumi stack tag set	-	-	-
pulumi stack unselect	-	-	-
pulumi state	delete,rename,unprotect	-	-
pulumi state delete	-	--force,--stack,--yes,-s,-y	path
pulumi state rename	-	--stack,--yes,-s,-y	path
pulumi state unprotect	-	--all,--stack,--yes,-s,-y	path
pulumi up	-	--client,--config,--config-file,--config-path,--debug,--diff,--exec-agent,--exec-kind,--expect-no-changes,--json,--message,--parallel,--plan,--policy-pack,--policy-pack-config,--refresh,--replace,--secrets-provider,--show-config,--show-reads,--show-replacement-steps,--show-sames,--skip-preview,--stack,--suppress-outputs,--suppress-permalink,--target,--target-dependents,--target-replace,--yes,-c,-d,-f,-j,-m,-p,-r,-s,-t,-y	-
pulumi update	-	--client,--config,--config-file,--config-path,--debug,--diff,--exec-agent,--exec-kind,--expect-no-changes,--json,--message,--parallel,--plan,--policy-pack,--policy-pack-config,--refresh,--replace,--secrets-provider,--show-config,--show-reads,--show-replacement-steps,--show-sames,--skip-preview,--stack,--suppress-outputs,--suppress-permalink,--target,--target-dependents,--target-replace,--yes,-c,-d,-f,-j,-m,-p,-r,-s,-t,-y	-
pulumi version	-	-	-
pulumi watch	-	--config,--config-file,--config-path,--debug,--exec-kind,--message,--parallel,--path,--policy-pack,--policy-pack-config,--refresh,--secrets-provider,--show-config,--show-replacement-steps,--show-sames,--stack,-c,-d,-m,-p,-r,-s	-
pulumi whoami	-	-	-
pwd	-	--help,--logical,--physical,--version,-L,-P	-
pwdx	-	--help,--version,-V,-h	-
pycharm	-	-	path
pytest	-	--assert,--basetemp,--cache-clear,--cache-show,--capture,--code-highlight,--collect-in-virtualenv,--collect-only,--color,--confcutdir,--config-file,--continue-on-collection-errors,--debug,--deselect,--disable-plugin-autoload,--disable-warnings,--doctest-continue-on-failure,--doctest-glob,--doctest-ignore-import-errors,--doctest-modules,--doctest-report,--durations,--durations-min,--exitfirst,--failed-first,--fixtures,--fixtures-per-test,--force-short-summary,--full-trace,--help,--ignore,--ignore-glob,--import-mode,--junit-prefix,--junit-xml,--keep-duplicates,--last-failed,--last-failed-no-failures,--log-auto-indent,--log-cli-date-format,--log-cli-format,--log-cli-level,--log-date-format,--log-disable,--log-file,--log-file-date-format,--log-file-format,--log-file-level,--log-file-mode,--log-format,--log-level,--markers,--maxfail,--new-first,--no-fold-skipped,--no-header,--no-showlocals,--no-summary,--noconftest,--override-ini,--pastebin,--pdb,--pdbcls,--pyargs,--pythonwarnings,--quiet,--rootdir,--runxfail,--setup-only,--setup-plan,--setup-show,--show-capture,--showlocals,--stepwise,--stepwise-reset,--stepwise-skip,--strict,--strict-config,--strict-markers,--tb,--trace,--trace-config,--verbose,--verbosity,--version,--xfail-tb,-V,-W,-c,-h,-k,-l,-m,-o,-p,-q,-r,-s,-v,-x	path
python	-	--check-hash-based-pycs,-B,-E,-I,-O,-S,-V,-W,-X,-b,-c,-d,-h,-i,-m,-q,-s,-u,-v,-x	path
qmk	c2json,cd,chibios-confmigrate,clean,clone,compile,config,doctor,env,flash,generate-rgb-breathe-table,info,json2c,lint,list-keyboards,list-keymaps,new-keyboard,new-keymap,setup	--color,--config-file,--datetime-fmt,--help,--interactive,--log-file,--log-file-fmt,--log-file-level,--log-fmt,--no-color,--no-unicode,--unicode,--verbose,--version,-V,-h,-v	-
qmk c2json	-	--help,--keyboard,--keymap,--no-cpp,--output,--quiet,-h,-o,-q	path
qmk cd	-	--help,-h	-
qmk chibios-confmigrate	-	--delete,--force,--help,--input,--overwrite,--reference,-d,-f,-h,-i,-o,-r	-
qmk clean	-	--all,--help,-a,-h	-
qmk clone	-	--baseurl,--branch,--help,-b,-h	path
qmk compile	-	--clean,--dry-run,--env,--help,--keyboard,--keymap,--parallel,-c,-e,-h,-j,-n	path
qmk config	-	--all,--help,--read-only,-a,-h	-
qmk doctor	-	--help,--no,--yes,-h,-n,-y	-
qmk env	-	--help,-h	path
qmk flash	-	--bootloader,--bootloaders,--clean,--dry-run,--env,--help,--keyboard,--keymap,--parallel,-b,-c,-e,-h,-j,-n	path
qmk generate-rgb-breathe-table	-	--center,--help,--max,--output,--quiet,-c,-h,-m,-o,-q	-
qmk info	-	--ascii,--format,--help,--keyboard,--keymap,--layouts,--matrix,--rules-mk,-f,-h,-l,-m,-r	-
qmk json2c	-	--help,--output,--quiet,-h,-o,-q	path
qmk lint	-	--help,--keyboard,--keymap,--strict,-h	-
qmk list-keyboards	-	--help,-h	-
qmk list-keymaps	-	--help,--keyboard,-h	-
qmk new-keyboard	-	--help,--keyboard,--realname,--type,--username,-h,-n,-t,-u	-
qmk new-keymap	-	--help,--keyboard,--keymap,-h	-
qmk setup	-	--baseurl,--branch,--help,--home,--no,--yes,-H,-b,-h,-n,-y	path
qpdf	-	--accessibility,--add-attachment,--allow-insecure,--allow-weak-crypto,--annotate,--assemble,--bits,--check,--check-linearization,--cleartext-metadata,--coalesce-contents,--collate,--completion-bash,--completion-zsh,--compress-streams,--compression-level,--copy-attachments-from,--copy-encryption,--copyright,--creationdate,--decode-level,--decrypt,--description,--deterministic-id,--empty,--encrypt,--encryption-file-password,--externalize-inline-images,--extract,--file,--filename,--filtered-stream-data,--flatten-annotations,--flatten-rotation,--force-R5,--force-V4,--force-version,--form,--from,--generate-appearances,--help,--ignore-xref-streams,--ii-min-bytes,--is-encrypted,--job-json-file,--job-json-help,--jpeg-quality,--json,--json-help,--json-input,--json-key,--json-object,--json-output,--json-stream-data,--json-stream-prefix,--keep-files-open,--keep-files-open-threshold,--keep-inline-images,--key,--linearize,--linearize-pass1,--list-attachments,--mimetype,--min-version,--moddate,--modify,--modify-other,--newline-before-endstream,--no-original-object-ids,--no-warn,--normalize-content,--object-streams,--oi-min-area,--oi-min-height,--oi-min-width,--optimize-images,--overlay,--owner-password,--pages,--password,--password-file,--password-is-hex-key,--password-mode,--prefix,--preserve-unreferenced,--preserve-unreferenced-resources,--print,--progress,--qdf,--range,--raw-stream-data,--recompress-flate,--remove-attachment,--remove-info,--remove-metadata,--remove-page-labels,--remove-restrictions,--remove-structure,--remove-unreferenced-resources,--repeat,--replace,--replace-input,--report-memory-usage,--requires-password,--rotate,--set-page-labels,--show-attachment,--show-crypto,--show-encryption,--show-encryption-key,--show-linearization,--show-npages,--show-object,--show-pages,--show-xref,--split-pages,--static-aes-iv,--static-id,--stream-data,--suppress-password-recovery,--suppress-recovery,--test-json-schema,--to,--underlay,--update-from-json,--use-aes,--user-password,--verbose,--version,--warning-exit-0,--with-images,--zopfli	path
qrencode	-	--8bit,--background,--casesensitive,--dpi,--foreground,--help,--ignorecase,--inline,--kanji,--level,--margin,--micro,--output,--read-from,--rle,--size,--strict-version,--structured,--svg-path,--symversion,--type,--verbose,--version,-8,-M,-S,-V,-c,-d,-h,-i,-k,-l,-m,-o,-r,-s,-t,-v	-
qutebrowser	-	--backend,--basedir,--config-py,--debug,--debug-flag,--enable-webengine-inspector,--force-color,--help,--json-logging,--logfilter,--loglevel,--loglines,--no-err-windows,--nocolor,--nowindow,--override-restore,--qt-flag,--restore,--target,--temp-basedir,--version,-B,-C,-D,-R,-T,-V,-d,-h,-l,-r	path
rails	-	--help,--tasks,-T,-h	-
ranger	-	--cachedir,--choosedir,--choosefile,--choosefiles,--clean,--cmd,--copy-config,--datadir,--debug,--help,--list-tagged-files,--list-unused-keys,--logfile,--profile,--selectfile,--show-only-dirs,--version,-c,-d,-h	path
readlink	-	--canonicalize,--canonicalize-existing,--canonicalize-missing,--help,--no-newline,--quiet,--silent,--verbose,--version,--zero,-e,-f,-m,-n,-q,-s,-v,-z	path
reboot	-	-	-
redis-cli	-	--askpass,--bigkeys,--cacert,--cacertdir,--cert,--cluster,--csv,--eval,--functions-rdb,--help,--hotkeys,--insecure,--intrinsic-latency,--json,--key,--latency,--latency-dist,--latency-history,--ldb,--ldb-sync-mode,--lru-test,--memkeys,--memkeys-samples,--no-auth-warning,--no-raw,--pass,--pattern,--pipe,--pipe-timeout,--quoted-input,--quoted-json,--quoted-pattern,--raw,--rdb,--replica,--scan,--show-pushes,--sni,--stat,--tls,--tls-ciphers,--tls-ciphersuites,--user,--verbose,--version,-2,-3,-D,-X,-a,-c,-d,-e,-h,-i,-n,-p,-r,-s,-u,-x	-
rename	-	--all,--help,--interactive,--last,--no-act,--no-overwrite,--symlink,--verbose,--version,-V,-a,-h,-i,-l,-n,-o,-s,-v	-
restic	backup,cache,cat,check,copy,diff,dump,find,forget,generate,help,init,key,list,ls,migrate,mount,prune,rebuild-index,recover,restore,self-update,snapshots,stats,tag,unlock,version	--cacert,--cache-dir,--cleanup-cache,--help,--insecure-tls,--json,--key-hint,--limit-download,--limit-upload,--no-cache,--no-lock,--option,--password-command,--password-file,--quiet,--repo,--repository-file,--tls-client-cert,--verbose,-h,-o,-p,-q,-r,-v	-
restic backup	-	--dry-run,--exclude,--exclude-caches,--exclude-file,--exclude-if-present,--exclude-larger-than,--files-from,--files-from-raw,--files-from-verbatim,--force,--host,--hostname,--iexclude,--iexclude-file,--ignore-ctime,--ignore-inode,--one-file-system,--parent,--stdin,--stdin-filename,--tag,--time,--with-atime,-H,-e,-f,-n,-x	path
restic cache	-	--cleanup,--max-age,--no-size	-
restic cat	-	-	-
restic check	-	--check-unused,--read-data,--read-data-subset,--with-cache	-
restic copy	-	--host,--key-hint2,--password-command2,--password-file2,--path,--repo2,--repository-file2,--tag,-H	path
restic diff	-	--metadata	path
restic dump	-	--archive,--host,--path,--tag,-H,-a	path
restic find	-	--blob,--host,--ignore-case,--long,--newest,--oldest,--pack,--path,--show-pack-id,--snapshot,--tag,--tree,-H,-N,-O,-i,-l,-s	-
restic forget	-	--compact,--dry-run,--group-by,--host,--hostname,--keep-daily,--keep-hourly,--keep-last,--keep-monthly,--keep-tag,--keep-weekly,--keep-within,--keep-within-daily,--keep-within-hourly,--keep-within-monthly,--keep-within-weekly,--keep-within-yearly,--keep-yearly,--max-repack-size,--max-unused,--path,--prune,--repack-cacheable-only,--tag,-H,-c,-d,-g,-l,-m,-n,-w,-y	path
restic generate	-	--bash-completion,--fish-completion,--man,--zsh-completion	-
restic help	-	-	-
restic init	-	--copy-chunker-params,--key-hint2,--password-command2,--password-file2,--repo2,--repository-file2	-
restic key	-	--host,--new-password-file,--user	-
restic list	-	-	-
restic ls	-	--host,--long,--path,--recursive,--tag,-H,-l	path
restic migrate	-	--force,-f	-
restic mount	-	--allow-other,--host,--no-default-permissions,--owner-root,--path,--snapshot-template,--tag,-H	-
restic prune	-	--dry-run,--max-repack-size,--max-unused,--repack-cacheable-only,-n	-
restic rebuild-index	-	--read-all-packs	-
restic recover	-	-	-
restic restore	-	--exclude,--host,--iexclude,--iinclude,--include,--path,--tag,--target,--verify,-H,-e,-i,-t	path
restic self-update	-	--output	-
restic snapshots	-	--compact,--group-by,--host,--last,--latest,--path,--tag,-H,-c,-g	path
restic stats	-	--host,--mode,--path,--tag,-H	path
restic tag	-	--add,--host,--path,--remove,--set,--tag,-H	path
restic unlock	-	--remove-all	-
restic version	-	-	-
resume-cli	export,init,serve,test	--help,--version,-V,-h	-
resume-cli export	-	--force,--format,--help,--theme,-F,-f,-h,-t	path
resume-cli init	-	-	-
resume-cli serve	-	--dir,--help,--port,--resume,--silent,--theme,-d,-h,-p,-r,-s,-t	-
resume-cli test	-	--help,--schema,-h	-
rg	-	--after-context,--before-context,--binary,--block-buffered,--byte-offset,--case-sensitive,--color,--colors,--column,--context,--context-separator,--count,--count-matches,--crlf,--debug,--dfa-size-limit,--encoding,--engine,--field-context-separator,--field-match-separator,--file,--files,--files-with-matches,--files-without-match,--fixed-strings,--follow,--generate,--glob,--glob-case-insensitive,--heading,--help,--hidden,--hostname-bin,--hyperlink-format,--iglob,--ignore-case,--ignore-file,--ignore-file-case-insensitive,--include-zero,--invert-match,--json,--line-buffered,--line-number,--line-regexp,--max-columns,--max-columns-preview,--max-count,--max-depth,--max-filesize,--mmap,--multiline,--multiline-dotall,--no-config,--no-filename,--no-heading,--no-ignore,--no-ignore-dot,--no-ignore-exclude,--no-ignore-files,--no-ignore-global,--no-ignore-messages,--no-ignore-parent,--no-ignore-vcs,--no-line-number,--no-messages,--no-mmap,--no-pcre2-unicode,--no-require-git,--no-unicode,--null,--null-data,--one-file-system,--only-matching,--passthru,--path-separator,--pcre2,--pcre2-version,--pre,--pre-glob,--pretty,--quiet,--regex-size-limit,--regexp,--replace,--search-zip,--smart-case,--sort,--sortr,--stats,--stop-on-nonmatch,--text,--threads,--trace,--trim,--type,--type-add,--type-clear,--type-list,--type-not,--unrestricted,--version,--vimgrep,--with-filename,--word-regexp,-0,-A,-B,-C,-E,-F,-H,-I,-L,-M,-N,-P,-S,-T,-U,-V,-a,-b,-c,-d,-e,-f,-g,-h,-i,-j,-l,-m,-n,-o,-p,-q,-r,-s,-t,-u,-v,-w,-x,-z	-
rider	-	-	path
rifle	-	--help,--version,-c,-f,-h,-l,-p,-w	path
ripsecrets	-	--additional-pattern,--help,--install-pre-commit,--only-matching,--strict-ignore,--version,-V,-h	path
rm	-	--dir,--force,--help,--interactive,--no-preserve-root,--one-file-system,--preserve-root,--recursive,--verbose,--version,-I,-R,-d,-f,-i,-r,-v	path
rmdir	-	--help,--ignore-fail-on-non-empty,--parents,--verbose,--version,-p,-v	path
rmmod	-	--force,--help,--syslog,--verbose,--version,-V,-f,-h,-s,-v	path
rsync	-	--8-bit-output,--acls,--address,--append,--append-verify,--archive,--atimes,--backup,--backup-dir,--block-size,--blocking-io,--bwlimit,--checksum,--checksum-choice,--checksum-seed,--chmod,--chown,--compare-dest,--compress,--compress-choice,--compress-level,--contimeout,--copy-as,--copy-dest,--copy-dirlinks,--copy-links,--copy-unsafe-links,--crtimes,--cvs-exclude,--debug,--del,--delay-updates,--delete,--delete-after,--delete-before,--delete-delay,--delete-during,--delete-excluded,--delete-missing-args,--devices,--dirs,--dry-run,--early-input,--exclude,--exclude-from,--executability,--existing,--fake-super,--files-from,--filter,--force,--from0,--fuzzy,--group,--groupmap,--hard-links,--help,--human-readable,--iconv,--ignore-errors,--ignore-existing,--ignore-missing-args,--ignore-times,--include,--include-from,--info,--inplace,--ipv4,--ipv6,--itemize-changes,--keep-dirlinks,--link-dest,--links,--list-only,--log-file,--log-file-format,--max-alloc,--max-delete,--max-size,--min-size,--mkpath,--modify-window,--munge-links,--no-OPTION,--no-implied-dirs,--no-motd,--numeric-ids,--omit-dir-times,--omit-link-times,--one-file-system,--only-write-batch,--open-noatime,--out-format,--outbuf,--owner,--partial,--partial-dir,--password-file,--perms,--port,--preallocate,--progress,--protect-args,--protocol,--prune-empty-dirs,--quiet,--read-batch,--recursive,--relative,--remote-option,--remove-source-files,--rsh,--rsync-path,--safe-links,--size-only,--skip-compress,--sockopts,--sparse,--specials,--stats,--stderr,--stop-after,--stop-at,--suffix,--super,--temp-dir,--timeout,--times,--update,--usermap,--verbose,--version,--whole-file,--write-batch,--write-devices,--xattrs,-0,-4,-6,-8,-A,-B,-C,-D,-E,-F,-H,-I,-J,-K,-L,-M,-N,-O,-P,-R,-S,-T,-U,-V,-W,-X,-a,-b,-c,-d,-e,-f,-g,-h,-i,-k,-l,-m,-n,-o,-p,-q,-r,-s,-t,-u,-v,-x,-y,-z	path
rubymine	-	-	path
run0	-	--area,--background,--chdir,--description,--empower,--group,--help,--lightweight,--machine,--nice,--no-ask-password,--pipe,--property,--pty,--pty-late,--setenv,--shell-prompt-prefix,--slice,--slice-inherit,--unit,--user,--version,--via-shell,-D,-V,-g,-h,-i,-u	path
rust-analyzer	analysis-stats,diagnostics,highlight,lsif,parse,proc-macro,search,ssr,symbols	--help,--log-file,--no-log-buffering,--print-config-schema,--quiet,--verbose,--version,--wait-dbg,-h,-q,-v	-
rust-analyzer analysis-stats	-	--disable-build-scripts,--disable-proc-macros,--memory-usage,--no-sysroot,--only,--output,--parallel,--randomize,--skip-inference,--source-stats,--with-deps,-o	path
rust-analyzer diagnostics	-	--disable-build-scripts,--disable-proc-macros	path
rust-analyzer highlight	-	--rainbow	-
rust-analyzer lsif	-	-	path
rust-analyzer parse	-	--no-dump	-
rust-analyzer proc-macro	-	-	-
rust-analyzer search	-	--debug	-
rust-analyzer ssr	-	-	-
rust-analyzer symbols	-	-	-
rustc	-	--allow,--cap-lints,--cfg,--check-cfg,--codegen,--crate-name,--crate-type,--deny,--edition,--emit,--explain,--forbid,--force-warn,--help,--out-dir,--print,--target,--test,--verbose,--version,--warn,-A,-C,-D,-F,-L,-O,-V,-W,-g,-h,-l,-o,-v	path
rustdoc	-	--allow,--cap-lints,--cfg,--check,--check-cfg,--check-theme,--codegen,--color,--crate-name,--crate-type,--crate-version,--default-setting,--default-theme,--deny,--diagnostic-width,--disable-minification,--disable-per-crate-search,--display-doctest-warnings,--document-hidden-items,--document-private-items,--edition,--emit,--enable-index-page,--enable-per-target-ignores,--error-format,--extend-css,--extern,--extern-html-root-takes-precedence,--extern-html-root-url,--forbid,--force-warn,--generate-link-to-definition,--generate-redirect-map,--help,--html-after-content,--html-before-content,--html-in-header,--index-page,--json,--library-path,--markdown-after-content,--markdown-before-content,--markdown-css,--markdown-no-toc,--markdown-playground-url,--no-run,--nocapture,--out-dir,--output,--output-format,--persist-doctests,--playground-url,--resource-suffix,--runtool,--runtool-arg,--scrape-examples-output-path,--scrape-examples-target-crate,--scrape-tests,--show-coverage,--show-type-layout,--sort-modules-by-appearance,--static-root-path,--sysroot,--target,--test,--test-args,--test-builder,--test-run-directory,--theme,--verbose,--version,--warn,--with-examples,-A,-C,-D,-F,-L,-V,-W,-Z,-e,-h,-o,-v,-w	-
rustrover	-	-	path
rustup	check,completions,component,default,doc,docs,help,man,override,run,self,set,show,target,toolchain,up,update,upgrade,which	--help,--quiet,--verbose,--version,-V,-h,-q,-v	-
rustup check	-	--help,-h	-
rustup completions	-	--help,-h	-
rustup component	add,del,delete,help,list,remove,rm,uninstall	--help,-h	-
rustup component add	-	--help,--target,--toolchain,-h	-
rustup component del	-	--help,--target,--toolchain,-h	path
rustup component delete	-	--help,--target,--toolchain,-h	path
rustup component help	add,help,list,remove	-	-
rustup component help add	-	-	-
rustup component help help	-	-	-
rustup component help list	-	-	-
rustup component help remove	-	-	-
rustup component list	-	--help,--installed,--quiet,--toolchain,-h,-q	-
rustup component remove	-	--help,--target,--toolchain,-h	path
rustup component rm	-	--help,--target,--toolchain,-h	path
rustup component uninstall	-	--help,--target,--toolchain,-h	path
rustup default	-	--force-non-host,--help,-h	path
rustup doc	-	--alloc,--book,--cargo,--clippy,--core,--edition-guide,--embedded-book,--error-codes,--help,--nomicon,--path,--proc_macro,--reference,--rust-by-example,--rustc,--rustdoc,--std,--style-guide,--test,--toolchain,--unstable-book,-h	-
rustup docs	-	--alloc,--book,--cargo,--clippy,--core,--edition-guide,--embedded-book,--error-codes,--help,--nomicon,--path,--proc_macro,--reference,--rust-by-example,--rustc,--rustdoc,--std,--style-guide,--test,--toolchain,--unstable-book,-h	-
rustup help	check,completions,component,default,doc,help,man,override,run,self,set,show,target,toolchain,update,which	-	-
rustup help check	-	-	-
rustup help completions	-	-	-
rustup help component	add,list,remove	-	-
rustup help component add	-	-	-
rustup help component list	-	-	-
rustup help component remove	-	-	-
rustup help default	-	-	-
rustup help doc	-	-	-
rustup help help	-	-	-
rustup help man	-	-	-
rustup help override	list,set,unset	-	-
rustup help override list	-	-	-
rustup help override set	-	-	-
rustup help override unset	-	-	-
rustup help run	-	-	-
rustup help self	uninstall,update,upgrade-data	-	-
rustup help self uninstall	-	-	-
rustup help self update	-	-	-
rustup help self upgrade-data	-	-	-
rustup help set	auto-install,auto-self-update,default-host,profile	-	-
rustup help set auto-install	-	-	-
rustup help set auto-self-update	-	-	-
rustup help set default-host	-	-	-
rustup help set profile	-	-	-
rustup help show	active-toolchain,home,profile	-	-
rustup help show active-toolchain	-	-	-
rustup help show home	-	-	-
rustup help show profile	-	-	-
rustup help target	add,list,remove	-	-
rustup help target add	-	-	-
rustup help target list	-	-	-
rustup help target remove	-	-	-
rustup help toolchain	install,link,list,uninstall	-	-
rustup help toolchain install	-	-	-
rustup help toolchain link	-	-	-
rustup help toolchain list	-	-	-
rustup help toolchain uninstall	-	-	-
rustup help update	-	-	-
rustup help which	-	-	-
rustup man	-	--help,--toolchain,-h	-
rustup override	add,del,delete,help,list,remove,rm,set,unset	--help,-h	-
rustup override add	-	--help,--path,-h	path
rustup override del	-	--help,--nonexistent,--path,-h	-
rustup override delete	-	--help,--nonexistent,--path,-h	-
rustup override help	help,list,set,unset	-	-
rustup override help help	-	-	-
rustup override help list	-	-	-
rustup override help set	-	-	-
rustup override help unset	-	-	-
rustup override list	-	--help,-h	-
rustup override remove	-	--help,--nonexistent,--path,-h	-
rustup override rm	-	--help,--nonexistent,--path,-h	-
rustup override set	-	--help,--path,-h	path
rustup override unset	-	--help,--nonexistent,--path,-h	-
rustup run	-	--help,--install,-h	path
rustup self	help,uninstall,update,upgrade-data	--help,-h	-
rustup self help	help,uninstall,update,upgrade-data	-	-
rustup self help help	-	-	-
rustup self help uninstall	-	-	-
rustup self help update	-	-	-
rustup self help upgrade-data	-	-	-
rustup self uninstall	-	--help,-h,-y	-
rustup self update	-	--help,-h	-
rustup self upgrade-data	-	--help,-h	-
rustup set	auto-install,auto-self-update,default-host,help,profile	--help,-h	-
rustup set auto-install	-	--help,-h	-
rustup set auto-self-update	-	--help,-h	-
rustup set default-host	-	--help,-h	-
rustup set help	auto-install,auto-self-update,default-host,help,profile	-	-
rustup set help auto-install	-	-	-
rustup set help auto-self-update	-	-	-
rustup set help default-host	-	-	-
rustup set help help	-	-	-
rustup set help profile	-	-	-
rustup set profile	-	--help,-h	-
rustup show	active-toolchain,help,home,profile	--help,--verbose,-h,-v	-
rustup show active-toolchain	-	--help,--verbose,-h,-v	-
rustup show help	active-toolchain,help,home,profile	-	-
rustup show help active-toolchain	-	-	-
rustup show help help	-	-	-
rustup show help home	-	-	-
rustup show help profile	-	-	-
rustup show home	-	--help,-h	-
rustup show profile	-	--help,-h	-
rustup target	add,del,delete,help,install,list,remove,rm,uninstall	--help,-h	-
rustup target add	-	--help,--toolchain,-h	-
rustup target del	-	--help,--toolchain,-h	-
rustup target delete	-	--help,--toolchain,-h	-
rustup target help	add,help,list,remove	-	-
rustup target help add	-	-	-
rustup target help help	-	-	-
rustup target help list	-	-	-
rustup target help remove	-	-	-
rustup target install	-	--help,--toolchain,-h	-
rustup target list	-	--help,--installed,--quiet,--toolchain,-h,-q	-
rustup target remove	-	--help,--toolchain,-h	-
rustup target rm	-	--help,--toolchain,-h	-
rustup target uninstall	-	--help,--toolchain,-h	-
rustup toolchain	add,del,delete,help,install,link,list,remove,rm,uninstall,update	--help,-h	-
rustup toolchain add	-	--allow-downgrade,--component,--force,--force-non-host,--help,--no-self-update,--profile,--target,-c,-h,-t	-
rustup toolchain del	-	--help,-h	path
rustup toolchain delete	-	--help,-h	path
rustup toolchain help	help,install,link,list,uninstall	-	-
rustup toolchain help help	-	-	-
rustup toolchain help install	-	-	-
rustup toolchain help link	-	-	-
rustup toolchain help list	-	-	-
rustup toolchain help uninstall	-	-	-
rustup toolchain install	-	--allow-downgrade,--component,--force,--force-non-host,--help,--no-self-update,--profile,--target,-c,-h,-t	-
rustup toolchain link	-	--help,-h	-
rustup toolchain list	-	--help,--quiet,--verbose,-h,-q,-v	-
rustup toolchain remove	-	--help,-h	path
rustup toolchain rm	-	--help,-h	path
rustup toolchain uninstall	-	--help,-h	path
rustup toolchain update	-	--allow-downgrade,--component,--force,--force-non-host,--help,--no-self-update,--profile,--target,-c,-h,-t	-
rustup up	-	--force,--force-non-host,--help,--no-self-update,-h	path
rustup update	-	--force,--force-non-host,--help,--no-self-update,-h	path
rustup upgrade	-	--force,--force-non-host,--help,--no-self-update,-h	path
rustup which	-	--help,--toolchain,-h	-
saw	completion,get,groups,help,streams,version,watch	--endpoint-url,--profile,--region	-
saw completion	bash,fish,powershell,zsh	-	-
saw completion bash	-	--no-descriptions	-
saw completion fish	-	--no-descriptions	-
saw completion powershell	-	--no-descriptions	-
saw completion zsh	-	--no-descriptions	-
saw get	-	--expand,--filter,--invert,--prefix,--pretty,--rawString,--start,--stop	path
saw groups	-	--prefix	-
saw help	-	-	-
saw streams	-	--descending,--orderBy,--prefix	path
saw version	-	-	-
saw watch	-	--expand,--filter,--invert,--prefix,--raw,--rawString	path
scc	-	--avg-wage,--binary,--by-file,--character,--ci,--cocomo-project-type,--count-as,--count-ignore,--currency-symbol,--debug,--directory-walker-job-workers,--dryness,--eaf,--exclude-dir,--exclude-ext,--exclude-file,--file-gc-count,--file-list-queue-size,--file-process-job-workers,--file-summary-job-queue-size,--format,--format-multi,--gen,--generated-markers,--include-ext,--include-symlinks,--languages,--large-byte-count,--large-line-count,--min,--min-gen,--min-gen-line-length,--no-cocomo,--no-complexity,--no-duplicates,--no-gen,--no-gitignore,--no-gitmodule,--no-hborder,--no-ignore,--no-large,--no-min,--no-min-gen,--no-scc-ignore,--no-size,--not-match,--output,--overhead,--percent,--remap-all,--remap-unknown,--size-unit,--sloccount-format,--sort,--sql-project,--trace,--uloc,--verbose,--version,--wide,-M,-a,-c,-d,-f,-i,-l,-m,-n,-o,-p,-s,-t,-u,-v,-w,-x,-z	path
scp	-	-3,-4,-6,-A,-B,-C,-D,-F,-J,-O,-P,-R,-S,-T,-X,-c,-i,-l,-o,-p,-q,-r,-v	path
script	-	--append,--command,--echo,--flush,--force,--help,--log-in,--log-io,--log-out,--log-timing,--logging-format,--output-limit,--quiet,--return,--timing,--version,-B,-E,-I,-O,-T,-V,-a,-c,-e,-f,-h,-m,-o,-q,-t	path
scriptlive	-	--command,--divisor,--echo,--help,--log-in,--log-io,--log-timing,--maxdelay,--timing,--version,-B,-E,-I,-T,-V,-c,-d,-h,-m,-t	-
scriptreplay	-	--cr-mode,--divisor,--help,--log-in,--log-io,--log-out,--log-timing,--maxdelay,--stream,--summary,--timing,--typescript,--version,-B,-I,-O,-T,-V,-c,-d,-h,-m,-s,-t,-x	-
scrot	-	--autoselect,--border,--class,--count,--delay,--display,--exec,--focused,--freeze,--help,--line,--multidisp,--note,--overwrite,--pointer,--quality,--script,--select,--silent,--stack,--thumb,--version,-C,-D,-S,-a,-b,-c,-d,-e,-f,-h,-k,-l,-m,-n,-o,-p,-q,-s,-t,-u,-v,-z	-
sd	-	--fixed-strings,--flags,--help,--max-replacements,--preview,--version,-F,-V,-f,-h,-n,-p	-
sdkmanager	-	--channel,--help,--include_obsolete,--install,--licenses,--list,--list_installed,--no_https,--package_file,--proxy,--proxy_host,--proxy_port,--sdk_root,--uninstall,--update,--verbose,--version	-
sed	-	--debug,--expression,--file,--follow-symlinks,--help,--in-place,--line-length,--null-data,--posix,--quiet,--regexp-extended,--sandbox,--seperate,--silent,--unbuffered,--version,-E,-e,-f,-i,-l,-n,-r,-s,-u,-z	-
semver	-	--coerce,--include-prerelease,--increment,--loose,--ltr,--preid,--range,--rtl,-c,-i,-l,-p,-r	-
seq	-	--equal-width,--format,--help,--separator,--version,-f,-s,-w	-
serie	-	--graph-width,--help,--order,--preload,--protocol,--version,-V,-g,-h,-o,-p	-
set-env	-	-	-
sftp	-	-4,-6,-A,-B,-C,-D,-F,-J,-N,-P,-R,-S,-a,-b,-c,-f,-i,-l,-o,-p,-q,-r,-s,-v	path
sha1sum	-	--binary,--check,--help,--ignore-missing,--quiet,--status,--strict,--tag,--text,--version,--warn,--zero,-b,-c,-t,-w,-z	path
sha224sum	-	--binary,--check,--help,--ignore-missing,--quiet,--status,--strict,--tag,--text,--version,--warn,--zero,-b,-c,-t,-w,-z	path
sha256sum	-	--binary,--check,--help,--ignore-missing,--quiet,--status,--strict,--tag,--text,--version,--warn,--zero,-b,-c,-t,-w,-z	path
sha384sum	-	--binary,--check,--help,--ignore-missing,--quiet,--status,--strict,--tag,--text,--version,--warn,--zero,-b,-c,-t,-w,-z	path
sha512sum	-	--binary,--check,--help,--ignore-missing,--quiet,--status,--strict,--tag,--text,--version,--warn,--zero,-b,-c,-t,-w,-z	path
showkey	-	--ascii,--help,--keycodes,--scancodes,--version,-V,-a,-h,-k,-s	-
shred	-	--exact,--force,--help,--iterations,--random-source,--remove,--size,--verbose,--version,--zero,-f,-n,-s,-u,-v,-x,-z	path
shutdown	-	--halt,--help,--no-wall,--poweroff,--reboot,--show,-H,-P,-c,-h,-k,-r	-
singularity	-	-	path
slabtop	-	--delay,--help,--human,--once,--sort,--version,-V,-d,-h,-o,-s	-
sleep	-	--help,--version	-
slides	serve	--help,-h	path
slides serve	-	--help,--host,--keyPath,--port,-h	path
soft	help,serve	--help,--version,-h,-v	-
soft help	-	-	-
soft serve	-	-	-
sort	-	--batch-size,--buffer-size,--check,--compress-program,--debug,--dictionary-order,--field-separator,--files0-from,--general-numeric-sort,--help,--human-numeric-sort,--ignore-case,--ignore-leading-blanks,--ignore-nonprinting,--key,--merge,--month-sort,--numeric-sort,--output,--parallel,--random-sort,--random-source,--reverse,--sort,--stable,--temporary-directory,--unique,--version,--version-sort,--zero-terminated,-C,-M,-R,-S,-T,-V,-b,-c,-d,-f,-g,-h,-i,-k,-m,-n,-o,-r,-s,-t,-u,-z	path
speedtest-cli	-	--bytes,--csv,--csv-delimiter,--csv-header,--exclude,--help,--json,--list,--mini,--no-download,--no-pre-allocate,--no-upload,--secure,--server,--share,--simple,--single,--source,--timeout,--version,-h	-
split	-	--additional-suffix,--bytes,--elide-empty-files,--filter,--help,--hex-suffixes,--line-bytes,--lines,--number,--numeric-suffixes,--separator,--suffix-length,--unbuffered,--verbose,--version,-C,-a,-b,-d,-e,-l,-n,-t,-u,-x	path
sqlite3	-	-A,-append,-ascii,-bail,-batch,-box,-cmd,-column,-csv,-deserialize,-echo,-header,-help,-html,-init,-interactive,-json,-line,-list,-lookaside,-markdown,-maxsize,-memtrace,-mmap,-newline,-no-rowid-in-view,-nofollow,-nonce,-nullvalue,-pagecache,-pcachetrace,-quote,-readonly,-safe,-separator,-stats,-table,-tabs,-unsafe-testing,-version,-vfs,-vfstrace,-zip	path
ssh	-	-4,-6,-A,-B,-C,-D,-E,-F,-G,-I,-J,-K,-L,-M,-N,-O,-Q,-R,-S,-T,-V,-W,-X,-Y,-a,-b,-c,-e,-f,-g,-i,-k,-l,-m,-n,-o,-p,-q,-s,-t,-v,-w,-x,-y	path
ssh-agent	-	-D,-E,-P,-a,-c,-d,-k,-s,-t	path
ssh-copy-id	-	-f,-h,-i,-n,-o,-p,-s	-
ssh-keygen	-	-A,-B,-C,-D,-E,-F,-H,-I,-K,-L,-M,-N,-O,-P,-Q,-R,-U,-V,-Y,-Z,-a,-b,-c,-e,-f,-g,-h,-i,-k,-l,-m,-n,-p,-q,-r,-s,-t,-u,-v,-w,-y,-z	-
st	-	-T,-a,-c,-e,-f,-g,-i,-l,-n,-o,-t,-v,-w	-
starship	bug-report,completions,config,explain,help,init,module,prompt,session,timings	--help,--version,-V,-h	-
starship bug-report	-	--help,--version,-V,-h	-
starship completions	-	--help,--version,-V,-h	-
starship config	-	--help,--version,-V,-h	-
starship explain	-	--help,--version,-V,-h	-
starship help	-	-	-
starship init	-	--help,--print-full-init,--version,-V,-h	-
starship module	-	--cmd-duration,--help,--jobs,--keymap,--list,--path,--status,--version,-V,-d,-h,-j,-k,-l,-p,-s	path
starship prompt	-	--cmd-duration,--help,--jobs,--keymap,--path,--status,--version,-V,-d,-h,-j,-k,-p,-s	-
starship session	-	--help,--version,-V,-h	-
starship timings	-	--help,--version,-V,-h	-
stat	-	--cached,--dereference,--file-system,--format,--help,--printf,--terse,--version,-L,-c,-f,-t	path
staticcheck	-	--checks,--explain,--fail,--go,--show-ignored,--tags,--tests,--version	path
strings	-	--all,--bytes,--data,--encoding,--help,--include-all-whitespace,--output-separator,--print-file-name,--radix,--target,--version,-T,-a,-d,-e,-f,-h,-n,-o,-s,-t,-v,-w	path
stty	-	--all,--file,--help,--save,--version,-F,-a,-g	-
su	-	--command,--fast,--group,--help,--login,--no-pty,--preserve-environment,--pty,--session-command,--shell,--supp-group,--version,--whitelist-environment,-G,-P,-T,-V,-c,-f,-g,-h,-l,-m,-p,-s,-w	-
sudoedit	-	--askpass,--bell,--chdir,--chroot,--close-from,--group,--help,--host,--non-interactive,--prompt,--reset-timestamp,--stdin,--user,--version,-A,-B,-C,-D,-R,-S,-V,-g,-h,-k,-n,-p,-u	path
sudoreplay	-	--directory,--filter,--help,--list,--max-wait,--no-resize,--non-interactive,--speed,--suspend-wait,--version,-R,-S,-V,-d,-f,-h,-l,-m,-n,-s	-
sulogin	-	--force,--help,--login-shell,--timeout,--version,-V,-e,-h,-p,-t	path
sum	-	--help,--sysv,--version,-r,-s	path
supervisorctl	add,clear,fg,help,pid,reload,remove,reread,restart,signal,start,status,stop,tail,update	--configuration,--help,--history-file,--interactive,--password,--serverurl,--username,-c,-h,-i,-p,-r,-s,-u	-
supervisorctl add	-	-	path
supervisorctl clear	-	-	path
supervisorctl fg	-	-	path
supervisorctl help	-	-	-
supervisorctl pid	-	-	path
supervisorctl reload	-	-	-
supervisorctl remove	-	-	path
supervisorctl reread	-	-	-
supervisorctl restart	-	-	path
supervisorctl signal	-	-	-
supervisorctl start	-	-	path
supervisorctl status	-	-	-
supervisorctl stop	-	-	path
supervisorctl tail	-	-f	path
supervisorctl update	-	-	path
supervisord	-	--childlogdir,--configuration,--directory,--help,--identifier,--logfile,--logfile_backups,--logfile_maxbytes,--loglevel,--minfds,--minprocs,--nocleanup,--nodaemon,--pidfile,--profile_options,--silent,--strip_ansi,--umask,--user,--version,-a,-c,-d,-e,-h,-i,-j,-k,-l,-m,-n,-q,-s,-t,-u,-v,-y,-z	-
svg-term	-	--at,--cast,--command,--from,--height,--help,--in,--no-cursor,--no-optimize,--out,--padding,--padding-x,--padding-y,--profile,--term,--to,--width,--window	-
svgcleaner	-	--allow-bigger-file,--apply-transform-to-gradients,--apply-transform-to-paths,--apply-transform-to-shapes,--convert-segments,--convert-shapes,--coordinates-precision,--copy-on-error,--group-by-style,--help,--indent,--join-arcto-flags,--join-style-attributes,--list-separator,--merge-gradients,--multipass,--no-defaults,--paths-coordinates-precision,--paths-to-relative,--properties-precision,--quiet,--regroup-gradient-stops,--remove-comments,--remove-declarations,--remove-default-attributes,--remove-desc,--remove-dupl-cmd-in-paths,--remove-dupl-fegaussianblur,--remove-dupl-lineargradient,--remove-dupl-radialgradient,--remove-gradient-attributes,--remove-invalid-stops,--remove-invisible-elements,--remove-metadata,--remove-needless-attributes,--remove-nonsvg-attributes,--remove-nonsvg-elements,--remove-text-attributes,--remove-title,--remove-unreferenced-ids,--remove-unresolved-classes,--remove-unused-coordinates,--remove-unused-defs,--remove-unused-segments,--remove-version,--remove-xmlns-xlink-attribute,--resolve-use,--simplify-transforms,--stdout,--transforms-precision,--trim-colors,--trim-ids,--trim-paths,--ungroup-defs,--ungroup-groups,--use-implicit-cmds,--version,-V,-c,-h	path
sway	-	--config,--debug,--get-socketpath,--help,--validate,--verbose,--version,-C,-V,-c,-d,-h,-v	-
swaybar	-	--bar_id,--debug,--help,--socket,--version,-b,-d,-h,-s,-v	-
swaybg	-	--color,--help,--image,--mode,--output,--version,-c,-h,-i,-m,-o,-v	-
swayidle	-	-C,-S,-d,-h,-w	-
swaylock	-	--bs-hl-color,--caps-lock-bs-hl-color,--caps-lock-key-hl-color,--color,--config,--daemonize,--debug,--disable-caps-lock-text,--font,--font-size,--help,--hide-keyboard-layout,--ignore-empty-password,--image,--indicator-caps-lock,--indicator-idle-visible,--indicator-radius,--indicator-thickness,--indicator-x-position,--indicator-y-position,--inside-caps-lock-color,--inside-clear-color,--inside-color,--inside-ver-color,--inside-wrong-color,--key-hl-color,--layout-bg-color,--layout-border-color,--layout-text-color,--line-caps-lock-color,--line-clear-color,--line-color,--line-uses-inside,--line-uses-ring,--line-ver-color,--line-wrong-color,--no-unlock-indicator,--ring-caps-lock-color,--ring-clear-color,--ring-color,--ring-ver-color,--ring-wrong-color,--scaling,--separator-color,--show-failed-attempts,--show-keyboard-layout,--text-caps-lock-color,--text-clear-color,--text-color,--text-ver-color,--text-wrong-color,--tiling,--version,-C,-F,-K,-L,-c,-d,-e,-f,-h,-i,-k,-l,-n,-r,-s,-t,-u,-v	-
swaymsg	-	--help,--monitor,--pretty,--quiet,--raw,--socket,--type,--version,-h,-m,-p,-q,-r,-s,-t,-v	-
swaynag	-	--background,--border,--border-bottom,--border-bottom-size,--button,--button-background,--button-border-size,--button-dismiss,--button-dismiss-gap,--button-dismiss-no-terminal,--button-gap,--button-margin-right,--button-no-terminal,--button-padding,--button-text,--config,--debug,--detailed-button,--detailed-message,--details-background,--details-border-size,--dismiss-button,--edge,--font,--help,--layer,--message,--message-padding,--output,--text,--type,--version,-B,-L,-Z,-b,-c,-d,-e,-f,-h,-l,-m,-o,-s,-t,-v,-y,-z	-
syft	attest,convert,login,packages,version	--catalogers,--config,--exclude,--file,--name,--output,--platform,--quiet,--scope,--template,--verbose,-c,-o,-q,-s,-t,-v	path
syft attest	-	--catalogers,--exclude,--file,--key,--name,--output,--platform,--scope,--template,-k,-o,-s,-t	path
syft convert	-	--catalogers,--exclude,--file,--name,--output,--platform,--scope,--template,-o,-s,-t	path
syft login	-	--password,--password-stdin,--username,-p,-u	-
syft packages	-	--catalogers,--exclude,--file,--name,--output,--platform,--scope,--template,-o,-s,-t	path
syft version	-	--output,-o	-
sync	-	--data,--file-system,--help,--version,-d,-f	-
sysctl	-	--all,--binary,--deprecated,--dry-run,--help,--ignore,--load,--names,--pattern,--quiet,--system,--values,--version,--write,-A,-N,-V,-X,-a,-b,-d,-e,-f,-h,-n,-o,-p,-q,-r,-w,-x	-
systemctl	add-requires,add-wants,bind,cancel,cat,clean,daemon-reexec,daemon-reload,default,disable,edit,emergency,enable,enqueue-marked,exit,freeze,get-default,halt,help,hibernate,hybrid-sleep,import-environment,is-active,is-enabled,is-failed,is-system-running,isolate,kexec,kill,link,list-automounts,list-dependencies,list-jobs,list-machines,list-paths,list-sockets,list-timers,list-unit-files,list-units,log-level,log-target,mask,mount-image,poweroff,preset,preset-all,reboot,reenable,reload,reload-or-restart,rescue,reset-failed,restart,revert,service-log-level,service-log-target,service-watchdogs,set-default,set-environment,set-property,show,show-environment,sleep,soft-reboot,start,status,stop,suspend,suspend-then-hibernate,switch-root,thaw,try-reload-or-restart,try-restart,unmask,unset-environment,whoami	--after,--all,--before,--boot-loader-entry,--boot-loader-menu,--capsule,--check-inhibitors,--drop-in,--dry-run,--failed,--firmware-setup,--force,--full,--global,--help,--host,--image,--image-policy,--job-mode,--kill-subgroup,--kill-value,--kill-whom,--legend,--lines,--machine,--marked,--message,--mkdir,--no-ask-password,--no-block,--no-pager,--no-reload,--no-wall,--no-warn,--now,--output,--plain,--preset-mode,--property,--quiet,--read-only,--reboot-argument,--recursive,--reverse,--root,--runtime,--show-transaction,--show-types,--signal,--state,--stdin,--system,--timestamp,--type,--user,--value,--verbose,--version,--wait,--what,--when,--with-dependencies,-C,-H,-M,-P,-T,-a,-f,-h,-i,-l,-n,-o,-p,-q,-r,-s,-t,-v	-
systemctl add-requires	-	-	path
systemctl add-wants	-	-	path
systemctl bind	-	-	path
systemctl cancel	-	-	-
systemctl cat	-	-	path
systemctl clean	-	-	path
systemctl daemon-reexec	-	-	-
systemctl daemon-reload	-	-	-
systemctl default	-	-	-
systemctl disable	-	-	path
systemctl edit	-	-	path
systemctl emergency	-	-	-
systemctl enable	-	-	path
systemctl enqueue-marked	-	-	-
systemctl exit	-	-	-
systemctl freeze	-	-	path
systemctl get-default	-	-	-
systemctl halt	-	-	-
systemctl help	-	-	path
systemctl hibernate	-	-	-
systemctl hybrid-sleep	-	-	-
systemctl import-environment	-	-	-
systemctl is-active	-	-	path
systemctl is-enabled	-	-	path
systemctl is-failed	-	-	path
systemctl is-system-running	-	-	-
systemctl isolate	-	-	path
systemctl kexec	-	-	-
systemctl kill	-	-	path
systemctl link	-	-	path
systemctl list-automounts	-	-	-
systemctl list-dependencies	-	-	path
systemctl list-jobs	-	-	-
systemctl list-machines	-	-	-
systemctl list-paths	-	-	-
systemctl list-sockets	-	-	path
systemctl list-timers	-	-	path
systemctl list-unit-files	-	-	-
systemctl list-units	-	-	path
systemctl log-level	-	-	-
systemctl log-target	-	-	path
systemctl mask	-	-	path
systemctl mount-image	-	-	-
systemctl poweroff	-	-	-
systemctl preset	-	-	path
systemctl preset-all	-	-	-
systemctl reboot	-	-	-
systemctl reenable	-	-	path
systemctl reload	-	-	path
systemctl reload-or-restart	-	-	-
systemctl rescue	-	-	-
systemctl reset-failed	-	-	path
systemctl restart	-	-	path
systemctl revert	-	-	path
systemctl service-log-level	-	-	path
systemctl service-log-target	-	-	path
systemctl service-watchdogs	-	-	-
systemctl set-default	-	-	-
systemctl set-environment	-	-	path
systemctl set-property	-	-	path
systemctl show	-	-	path
systemctl show-environment	-	-	-
systemctl sleep	-	-	-
systemctl soft-reboot	-	-	-
systemctl start	-	-	path
systemctl status	-	-	path
systemctl stop	-	-	path
systemctl suspend	-	-	-
systemctl suspend-then-hibernate	-	-	-
systemctl switch-root	-	-	-
systemctl thaw	-	-	path
systemctl try-reload-or-restart	-	-	path
systemctl try-restart	-	-	path
systemctl unmask	-	-	path
systemctl unset-environment	-	-	path
systemctl whoami	-	-	-
systemd-analyze	architectures,blame,calendar,capability,cat-config,chid,compare-versions,condition,critical-chain,dlopen-metadata,dot,dump,exit-status,fdstore,filesystems,has-tpm2,identify-tpm2,image-policy,inspect-elf,malloc,nvpcrs,pcrs,plot,security,smbios11,srk,syscall-filter,time,timespan,timestamp,transient-settings,unit-files,unit-gdb,unit-paths,unit-shell,verify	--base-time,--debugger,--debugger-arguments,--detailed,--drm-device,--from-pattern,--fuzz,--generators,--global,--help,--host,--image,--image-policy,--instance,--iterations,--json,--machine,--man,--mask,--no-legend,--no-pager,--offline,--order,--profile,--quiet,--recursive-errors,--require,--root,--scale-svg,--security-policy,--system,--table,--threshold,--tldr,--to-pattern,--unit,--user,--version,-A,-H,-M,-h,-m,-q	-
systemd-analyze architectures	-	-	path
systemd-analyze blame	-	-	-
systemd-analyze calendar	-	-	-
systemd-analyze capability	-	-	path
systemd-analyze cat-config	-	-	path
systemd-analyze chid	-	-	-
systemd-analyze compare-versions	-	-	-
systemd-analyze condition	-	-	-
systemd-analyze critical-chain	-	-	path
systemd-analyze dlopen-metadata	-	-	path
systemd-analyze dot	-	-	path
systemd-analyze dump	-	-	-
systemd-analyze exit-status	-	-	-
systemd-analyze fdstore	-	-	path
systemd-analyze filesystems	-	-	path
systemd-analyze has-tpm2	-	-	-
systemd-analyze identify-tpm2	-	-	-
systemd-analyze image-policy	-	-	-
systemd-analyze inspect-elf	-	-	path
systemd-analyze malloc	-	-	-
systemd-analyze nvpcrs	-	-	-
systemd-analyze pcrs	-	-	-
systemd-analyze plot	-	-	-
systemd-analyze security	-	-	path
systemd-analyze smbios11	-	-	-
systemd-analyze srk	-	-	-
systemd-analyze syscall-filter	-	-	path
systemd-analyze time	-	-	-
systemd-analyze timespan	-	-	-
systemd-analyze timestamp	-	-	-
systemd-analyze transient-settings	-	-	path
systemd-analyze unit-files	-	-	-
systemd-analyze unit-gdb	-	-	path
systemd-analyze unit-paths	-	-	-
systemd-analyze unit-shell	-	-	path
systemd-analyze verify	-	-	path
tac	-	--before,--help,--regex,--separator,--version,-b,-r,-s	path
tail	-	--bytes,--follow,--help,--lines,--max-unchanged-stats,--pid,--quiet,--retry,--sleep-interval,--verbose,--version,--zero-terminated,-F,-c,-f,-n,-q,-s,-v,-z	path
taplo	cfg,check,completions,config,fmt,format,get,help,lint,lsp,toml-test,validate	--colors,--help,--log-spans,--verbose,--version,-V,-h	-
taplo cfg	default,help,schema	-	-
taplo cfg default	-	-	-
taplo cfg help	-	-	-
taplo cfg schema	-	-	-
taplo check	-	--cache-path,--config,--default-schema-catalogs,--no-auto-config,--no-schema,--schema,--schema-catalog,-c	path
taplo completions	-	-	-
taplo config	default,help,schema	-	-
taplo config default	-	-	-
taplo config help	-	-	-
taplo config schema	-	-	-
taplo fmt	-	--cache-path,--check,--config,--diff,--force,--no-auto-config,--option,--stdin-filepath,-c,-f,-o	path
taplo format	-	--cache-path,--check,--config,--diff,--force,--no-auto-config,--option,--stdin-filepath,-c,-f,-o	path
taplo get	-	--file-path,--output-format,--separator,--strip-newline,-f,-o,-s	-
taplo help	-	-	-
taplo lint	-	--cache-path,--config,--default-schema-catalogs,--no-auto-config,--no-schema,--schema,--schema-catalog,-c	path
taplo lsp	help,stdio,tcp	--cache-path,--config,--no-auto-config,-c	-
taplo lsp help	-	-	-
taplo lsp stdio	-	-	-
taplo lsp tcp	-	--address	-
taplo toml-test	-	-	-
taplo validate	-	--cache-path,--config,--default-schema-catalogs,--no-auto-config,--no-schema,--schema,--schema-catalog,-c	path
tar	-	--absolute-names,--acls,--add-file,--after-date,--anchored,--append,--atime-preserve,--auto-compress,--backup,--block-number,--blocking-factor,--bzip2,--catenate,--check-device,--check-links,--checkpoint,--checkpoint-action,--clamp-mtime,--compare,--compress,--concatenate,--confirmation,--create,--delay-directory-restore,--delete,--dereference,--diff,--directory,--exclude,--exclude-backups,--exclude-caches,--exclude-caches-all,--exclude-caches-under,--exclude-from,--exclude-ignore,--exclude-ignore-recursive,--exclude-tag,--exclude-tag-all,--exclude-tag-under,--exclude-vcs,--exclude-vcs-ignores,--extract,--file,--files-from,--force-local,--format,--full-time,--get,--group,--group-map,--gunzip,--gzip,--hard-dereference,--help,--hole-detection,--ignore-case,--ignore-command-error,--ignore-failed-read,--ignore-zeros,--incremental,--index-file,--info-script,--interactive,--keep-directory-symlink,--keep-newer-files,--keep-old-files,--label,--level,--list,--listed-incremental,--lzip,--lzma,--lzop,--mode,--mtime,--multi-volume,--new-volume-script,--newer,--newer-mtime,--no-acls,--no-anchored,--no-auto-compress,--no-check-device,--no-delay-directory-restore,--no-ignore-case,--no-ignore-command-error,--no-null,--no-overwrite-dir,--no-quote-chars,--no-recursion,--no-same-owner,--no-same-permissions,--no-seek,--no-selinux,--no-unquote,--no-verbatim-files-from,--no-wildcards,--no-wildcards-match-slash,--no-xattrs,--null,--numeric-owner,--occurrence,--old-archive,--one-file-system,--one-top-level,--overwrite,--overwrite-dir,--owner,--owner-map,--pax-option,--portability,--posix,--preserve-order,--preserve-permissions,--quote-chars,--quoting-style,--read-full-records,--record-size,--recursion,--recursive-unlink,--remove-files,--restrict,--rmt-command,--rsh-command,--same-order,--same-owner,--same-permissions,--seek,--selinux,--show-defaults,--show-omitted-dirs,--show-snapshot-field-ranges,--show-stored-names,--show-transformed-names,--skip-old-files,--sort,--sparse,--sparse-version,--starting-file,--strip-components,--suffix,--tape-length,--test-label,--to-command,--to-stdout,--totals,--touch,--transform,--uncompress,--ungzip,--unlink-first,--unquote,--update,--usage,--use-compress-program,--utc,--verbatim-files-from,--verbose,--verify,--version,--volno-file,--warning,--wildcards,--wildcards-match-slash,--xattrs,--xattrs-exclude,--xattrs-include,--xform,--xz,--zstd,-A,-B,-C,-F,-G,-H,-I,-J,-K,-L,-M,-N,-O,-P,-R,-S,-T,-U,-V,-W,-X,-Z,-a,-b,-c,-d,-f,-g,-h,-i,-j,-k,-l,-m,-n,-o,-p,-r,-s,-t,-u,-v,-w,-x,-z	path
task	completion,help	--color,--completion,--concurrency,--dir,--disable-fuzzy,--dry,--exit-code,--experiments,--failfast,--force,--global,--help,--init,--insecure,--interval,--json,--list,--list-all,--nested,--no-status,--output,--output-group-begin,--output-group-end,--output-group-error-only,--parallel,--silent,--sort,--status,--summary,--taskfile,--verbose,--version,--watch,--yes,-C,-F,-I,-a,-c,-d,-f,-g,-h,-i,-j,-l,-n,-o,-p,-s,-t,-v,-w,-x,-y	path
task completion	bash,fish,powershell,zsh	-	-
task completion bash	-	--no-descriptions	-
task completion fish	-	--no-descriptions	-
task completion powershell	-	--no-descriptions	-
task completion zsh	-	--no-descriptions	-
task help	-	-	-
tea	C,a,admin,autocomplete,c,clone,comment,i,issue,issues,label,labels,login,logins,logout,milestone,milestones,ms,n,notification,notifications,o,open,org,organization,organizations,pr,pull,pulls,r,release,releases,repo,repos,shellcompletion,t,time,times,whoami	-	-
tea C	-	--depth,--login,-d,-l	-
tea a	u,users	-	-
tea a u	list,ls	--fields,--limit,--login,--output,--page,--remote,--repo,-R,-f,-l,-o,-p,-r	-
tea a u list	-	--fields,--limit,--login,--output,--page,--remote,--repo,-R,-f,-l,-o,-p,-r	-
tea a u ls	-	--fields,--limit,--login,--output,--page,--remote,--repo,-R,-f,-l,-o,-p,-r	-
tea a users	list,ls	--fields,--limit,--login,--output,--page,--remote,--repo,-R,-f,-l,-o,-p,-r	-
tea a users list	-	--fields,--limit,--login,--output,--page,--remote,--repo,-R,-f,-l,-o,-p,-r	-
tea a users ls	-	--fields,--limit,--login,--output,--page,--remote,--repo,-R,-f,-l,-o,-p,-r	-
tea admin	u,users	-	-
tea admin u	list,ls	--fields,--limit,--login,--output,--page,--remote,--repo,-R,-f,-l,-o,-p,-r	-
tea admin u list	-	--fields,--limit,--login,--output,--page,--remote,--repo,-R,-f,-l,-o,-p,-r	-
tea admin u ls	-	--fields,--limit,--login,--output,--page,--remote,--repo,-R,-f,-l,-o,-p,-r	-
tea admin users	list,ls	--fields,--limit,--login,--output,--page,--remote,--repo,-R,-f,-l,-o,-p,-r	-
tea admin users list	-	--fields,--limit,--login,--output,--page,--remote,--repo,-R,-f,-l,-o,-p,-r	-
tea admin users ls	-	--fields,--limit,--login,--output,--page,--remote,--repo,-R,-f,-l,-o,-p,-r	-
tea autocomplete	-	--install	-
tea c	-	--login,--output,--remote,--repo,-R,-l,-o,-r	-
tea clone	-	--depth,--login,-d,-l	-
tea comment	-	--login,--output,--remote,--repo,-R,-l,-o,-r	-
tea i	c,close,create,e,edit,list,ls,open,reopen	--assignee,--author,--comments,--fields,--from,--keyword,--kind,--labels,--limit,--login,--mentions,--milestones,--output,--page,--remote,--repo,--state,--until,-A,-F,-K,-L,-M,-R,-a,-f,-k,-l,-m,-o,-p,-r,-u	-
tea i c	-	--assignees,--deadline,--description,--labels,--login,--milestone,--referenced-version,--remote,--repo,--title,-D,-L,-R,-a,-d,-l,-m,-r,-t,-v	-
tea i close	-	--login,--output,--remote,--repo,-R,-l,-o,-r	path
tea i create	-	--assignees,--deadline,--description,--labels,--login,--milestone,--referenced-version,--remote,--repo,--title,-D,-L,-R,-a,-d,-l,-m,-r,-t,-v	-
tea i e	-	--add-assignees,--add-labels,--deadline,--description,--login,--milestone,--referenced-version,--remote,--remove-labels,--repo,--title,-D,-L,-R,-a,-d,-l,-m,-r,-t,-v	path
tea i edit	-	--add-assignees,--add-labels,--deadline,--description,--login,--milestone,--referenced-version,--remote,--remove-labels,--repo,--title,-D,-L,-R,-a,-d,-l,-m,-r,-t,-v	path
tea i list	-	--assignee,--author,--fields,--from,--keyword,--kind,--labels,--limit,--login,--mentions,--milestones,--output,--page,--remote,--repo,--state,--until,-A,-F,-K,-L,-M,-R,-a,-f,-k,-l,-m,-o,-p,-r,-u	-
tea i ls	-	--assignee,--author,--fields,--from,--keyword,--kind,--labels,--limit,--login,--mentions,--milestones,--output,--page,--remote,--repo,--state,--until,-A,-F,-K,-L,-M,-R,-a,-f,-k,-l,-m,-o,-p,-r,-u	-
tea i open	-	--login,--output,--remote,--repo,-R,-l,-o,-r	path
tea i reopen	-	--login,--output,--remote,--repo,-R,-l,-o,-r	path
tea issue	c,close,create,e,edit,list,ls,open,reopen	--assignee,--author,--comments,--fields,--from,--keyword,--kind,--labels,--limit,--login,--mentions,--milestones,--output,--page,--remote,--repo,--state,--until,-A,-F,-K,-L,-M,-R,-a,-f,-k,-l,-m,-o,-p,-r,-u	-
tea issue c	-	--assignees,--deadline,--description,--labels,--login,--milestone,--referenced-version,--remote,--repo,--title,-D,-L,-R,-a,-d,-l,-m,-r,-t,-v	-
tea issue close	-	--login,--output,--remote,--repo,-R,-l,-o,-r	path
tea issue create	-	--assignees,--deadline,--description,--labels,--login,--milestone,--referenced-version,--remote,--repo,--title,-D,-L,-R,-a,-d,-l,-m,-r,-t,-v	-
tea issue e	-	--add-assignees,--add-labels,--deadline,--description,--login,--milestone,--referenced-version,--remote,--remove-labels,--repo,--title,-D,-L,-R,-a,-d,-l,-m,-r,-t,-v	path
tea issue edit	-	--add-assignees,--add-labels,--deadline,--description,--login,--milestone,--referenced-version,--remote,--remove-labels,--repo,--title,-D,-L,-R,-a,-d,-l,-m,-r,-t,-v	path
tea issue list	-	--assignee,--author,--fields,--from,--keyword,--kind,--labels,--limit,--login,--mentions,--milestones,--output,--page,--remote,--repo,--state,--until,-A,-F,-K,-L,-M,-R,-a,-f,-k,-l,-m,-o,-p,-r,-u	-
tea issue ls	-	--assignee,--author,--fields,--from,--keyword,--kind,--labels,--limit,--login,--mentions,--milestones,--output,--page,--remote,--repo,--state,--until,-A,-F,-K,-L,-M,-R,-a,-f,-k,-l,-m,-o,-p,-r,-u	-
tea issue open	-	--login,--output,--remote,--repo,-R,-l,-o,-r	path
tea issue reopen	-	--login,--output,--remote,--repo,-R,-l,-o,-r	path
tea issues	c,close,create,e,edit,list,ls,open,reopen	--assignee,--author,--comments,--fields,--from,--keyword,--kind,--labels,--limit,--login,--mentions,--milestones,--output,--page,--remote,--repo,--state,--until,-A,-F,-K,-L,-M,-R,-a,-f,-k,-l,-m,-o,-p,-r,-u	-
tea issues c	-	--assignees,--deadline,--description,--labels,--login,--milestone,--referenced-version,--remote,--repo,--title,-D,-L,-R,-a,-d,-l,-m,-r,-t,-v	-
tea issues close	-	--login,--output,--remote,--repo,-R,-l,-o,-r	path
tea issues create	-	--assignees,--deadline,--description,--labels,--login,--milestone,--referenced-version,--remote,--repo,--title,-D,-L,-R,-a,-d,-l,-m,-r,-t,-v	-
tea issues e	-	--add-assignees,--add-labels,--deadline,--description,--login,--milestone,--referenced-version,--remote,--remove-labels,--repo,--title,-D,-L,-R,-a,-d,-l,-m,-r,-t,-v	path
tea issues edit	-	--add-assignees,--add-labels,--deadline,--description,--login,--milestone,--referenced-version,--remote,--remove-labels,--repo,--title,-D,-L,-R,-a,-d,-l,-m,-r,-t,-v	path
tea issues list	-	--assignee,--author,--fields,--from,--keyword,--kind,--labels,--limit,--login,--mentions,--milestones,--output,--page,--remote,--repo,--state,--until,-A,-F,-K,-L,-M,-R,-a,-f,-k,-l,-m,-o,-p,-r,-u	-
tea issues ls	-	--assignee,--author,--fields,--from,--keyword,--kind,--labels,--limit,--login,--mentions,--milestones,--output,--page,--remote,--repo,--state,--until,-A,-F,-K,-L,-M,-R,-a,-f,-k,-l,-m,-o,-p,-r,-u	-
tea issues open	-	--login,--output,--remote,--repo,-R,-l,-o,-r	path
tea issues reopen	-	--login,--output,--remote,--repo,-R,-l,-o,-r	path
tea label	c,create,delete,list,ls,rm,update	--limit,--login,--output,--page,--remote,--repo,--save,-R,-l,-o,-p,-r,-s	-
tea label c	-	--color,--description,--file,--login,--name,--output,--remote,--repo,-R,-l,-o,-r	-
tea label create	-	--color,--description,--file,--login,--name,--output,--remote,--repo,-R,-l,-o,-r	-
tea label delete	-	--id,--login,--output,--remote,--repo,-R,-l,-o,-r	path
tea label list	-	--limit,--login,--output,--page,--remote,--repo,--save,-R,-l,-o,-p,-r,-s	-
tea label ls	-	--limit,--login,--output,--page,--remote,--repo,--save,-R,-l,-o,-p,-r,-s	-
tea label rm	-	--id,--login,--output,--remote,--repo,-R,-l,-o,-r	path
tea label update	-	--color,--description,--id,--login,--name,--output,--remote,--repo,-R,-l,-o,-r	path
tea labels	c,create,delete,list,ls,rm,update	--limit,--login,--output,--page,--remote,--repo,--save,-R,-l,-o,-p,-r,-s	-
tea labels c	-	--color,--description,--file,--login,--name,--output,--remote,--repo,-R,-l,-o,-r	-
tea labels create	-	--color,--description,--file,--login,--name,--output,--remote,--repo,-R,-l,-o,-r	-
tea labels delete	-	--id,--login,--output,--remote,--repo,-R,-l,-o,-r	path
tea labels list	-	--limit,--login,--output,--page,--remote,--repo,--save,-R,-l,-o,-p,-r,-s	-
tea labels ls	-	--limit,--login,--output,--page,--remote,--repo,--save,-R,-l,-o,-p,-r,-s	-
tea labels rm	-	--id,--login,--output,--remote,--repo,-R,-l,-o,-r	path
tea labels update	-	--color,--description,--id,--login,--name,--output,--remote,--repo,-R,-l,-o,-r	path
tea login	add,default,delete,e,edit,list,ls,rm	-	-
tea login add	-	--insecure,--name,--no-version-check,--password,--ssh-agent-key,--ssh-agent-principal,--ssh-key,--token,--url,--user,-a,-c,-i,-n,-s,-t,-u	-
tea login default	-	--output,-o	path
tea login delete	-	-	path
tea login e	-	--output,-o	-
tea login edit	-	--output,-o	-
tea login list	-	--output,-o	-
tea login ls	-	--output,-o	-
tea login rm	-	-	path
tea logins	add,default,delete,e,edit,list,ls,rm	-	-
tea logins add	-	--insecure,--name,--no-version-check,--password,--ssh-agent-key,--ssh-agent-principal,--ssh-key,--token,--url,--user,-a,-c,-i,-n,-s,-t,-u	-
tea logins default	-	--output,-o	path
tea logins delete	-	-	path
tea logins e	-	--output,-o	-
tea logins edit	-	--output,-o	-
tea logins list	-	--output,-o	-
tea logins ls	-	--output,-o	-
tea logins rm	-	-	path
tea logout	-	-	-
tea milestone	c,close,create,delete,i,issues,list,ls,open,reopen,rm	--fields,--limit,--login,--output,--page,--remote,--repo,--state,-R,-f,-l,-o,-p,-r	-
tea milestone c	-	--deadline,--description,--login,--output,--remote,--repo,--state,--title,-R,-d,-l,-o,-r,-t,-x	-
tea milestone close	-	--force,--login,--output,--remote,--repo,-R,-f,-l,-o,-r	-
tea milestone create	-	--deadline,--description,--login,--output,--remote,--repo,--state,--title,-R,-d,-l,-o,-r,-t,-x	-
tea milestone delete	-	--login,--output,--remote,--repo,-R,-l,-o,-r	-
tea milestone i	a,add,r,remove	--fields,--kind,--limit,--login,--output,--page,--remote,--repo,--state,-R,-f,-l,-o,-p,-r	-
tea milestone i a	-	--login,--output,--remote,--repo,-R,-l,-o,-r	-
tea milestone i add	-	--login,--output,--remote,--repo,-R,-l,-o,-r	-
tea milestone i r	-	--login,--output,--remote,--repo,-R,-l,-o,-r	-
tea milestone i remove	-	--login,--output,--remote,--repo,-R,-l,-o,-r	-
tea milestone issues	a,add,r,remove	--fields,--kind,--limit,--login,--output,--page,--remote,--repo,--state,-R,-f,-l,-o,-p,-r	-
tea milestone issues a	-	--login,--output,--remote,--repo,-R,-l,-o,-r	-
tea milestone issues add	-	--login,--output,--remote,--repo,-R,-l,-o,-r	-
tea milestone issues r	-	--login,--output,--remote,--repo,-R,-l,-o,-r	-
tea milestone issues remove	-	--login,--output,--remote,--repo,-R,-l,-o,-r	-
tea milestone list	-	--fields,--limit,--login,--output,--page,--remote,--repo,--state,-R,-f,-l,-o,-p,-r	-
tea milestone ls	-	--fields,--limit,--login,--output,--page,--remote,--repo,--state,-R,-f,-l,-o,-p,-r	-
tea milestone open	-	--login,--output,--remote,--repo,-R,-l,-o,-r	-
tea milestone reopen	-	--login,--output,--remote,--repo,-R,-l,-o,-r	-
tea milestone rm	-	--login,--output,--remote,--repo,-R,-l,-o,-r	-
tea milestones	c,close,create,delete,i,issues,list,ls,open,reopen,rm	--fields,--limit,--login,--output,--page,--remote,--repo,--state,-R,-f,-l,-o,-p,-r	-
tea milestones c	-	--deadline,--description,--login,--output,--remote,--repo,--state,--title,-R,-d,-l,-o,-r,-t,-x	-
tea milestones close	-	--force,--login,--output,--remote,--repo,-R,-f,-l,-o,-r	-
tea milestones create	-	--deadline,--description,--login,--output,--remote,--repo,--state,--title,-R,-d,-l,-o,-r,-t,-x	-
tea milestones delete	-	--login,--output,--remote,--repo,-R,-l,-o,-r	-
tea milestones i	a,add,r,remove	--fields,--kind,--limit,--login,--output,--page,--remote,--repo,--state,-R,-f,-l,-o,-p,-r	-
tea milestones i a	-	--login,--output,--remote,--repo,-R,-l,-o,-r	-
tea milestones i add	-	--login,--output,--remote,--repo,-R,-l,-o,-r	-
tea milestones i r	-	--login,--output,--remote,--repo,-R,-l,-o,-r	-
tea milestones i remove	-	--login,--output,--remote,--repo,-R,-l,-o,-r	-
tea milestones issues	a,add,r,remove	--fields,--kind,--limit,--login,--output,--page,--remote,--repo,--state,-R,-f,-l,-o,-p,-r	-
tea milestones issues a	-	--login,--output,--remote,--repo,-R,-l,-o,-r	-
tea milestones issues add	-	--login,--output,--remote,--repo,-R,-l,-o,-r	-
tea milestones issues r	-	--login,--output,--remote,--repo,-R,-l,-o,-r	-
tea milestones issues remove	-	--login,--output,--remote,--repo,-R,-l,-o,-r	-
tea milestones list	-	--fields,--limit,--login,--output,--page,--remote,--repo,--state,-R,-f,-l,-o,-p,-r	-
tea milestones ls	-	--fields,--limit,--login,--output,--page,--remote,--repo,--state,-R,-f,-l,-o,-p,-r	-
tea milestones open	-	--login,--output,--remote,--repo,-R,-l,-o,-r	-
tea milestones reopen	-	--login,--output,--remote,--repo,-R,-l,-o,-r	-
tea milestones rm	-	--login,--output,--remote,--repo,-R,-l,-o,-r	-
tea ms	c,close,create,delete,i,issues,list,ls,open,reopen,rm	--fields,--limit,--login,--output,--page,--remote,--repo,--state,-R,-f,-l,-o,-p,-r	-
tea ms c	-	--deadline,--description,--login,--output,--remote,--repo,--state,--title,-R,-d,-l,-o,-r,-t,-x	-
tea ms close	-	--force,--login,--output,--remote,--repo,-R,-f,-l,-o,-r	-
tea ms create	-	--deadline,--description,--login,--output,--remote,--repo,--state,--title,-R,-d,-l,-o,-r,-t,-x	-
tea ms delete	-	--login,--output,--remote,--repo,-R,-l,-o,-r	-
tea ms i	a,add,r,remove	--fields,--kind,--limit,--login,--output,--page,--remote,--repo,--state,-R,-f,-l,-o,-p,-r	-
tea ms i a	-	--login,--output,--remote,--repo,-R,-l,-o,-r	-
tea ms i add	-	--login,--output,--remote,--repo,-R,-l,-o,-r	-
tea ms i r	-	--login,--output,--remote,--repo,-R,-l,-o,-r	-
tea ms i remove	-	--login,--output,--remote,--repo,-R,-l,-o,-r	-
tea ms issues	a,add,r,remove	--fields,--kind,--limit,--login,--output,--page,--remote,--repo,--state,-R,-f,-l,-o,-p,-r	-
tea ms issues a	-	--login,--output,--remote,--repo,-R,-l,-o,-r	-
tea ms issues add	-	--login,--output,--remote,--repo,-R,-l,-o,-r	-
tea ms issues r	-	--login,--output,--remote,--repo,-R,-l,-o,-r	-
tea ms issues remove	-	--login,--output,--remote,--repo,-R,-l,-o,-r	-
tea ms list	-	--fields,--limit,--login,--output,--page,--remote,--repo,--state,-R,-f,-l,-o,-p,-r	-
tea ms ls	-	--fields,--limit,--login,--output,--page,--remote,--repo,--state,-R,-f,-l,-o,-p,-r	-
tea ms open	-	--login,--output,--remote,--repo,-R,-l,-o,-r	-
tea ms reopen	-	--login,--output,--remote,--repo,-R,-l,-o,-r	-
tea ms rm	-	--login,--output,--remote,--repo,-R,-l,-o,-r	-
tea n	list,ls,p,pin,r,read,u,unpin,unread	--fields,--limit,--login,--mine,--output,--page,--remote,--repo,--states,--types,-R,-f,-l,-m,-o,-p,-r,-s,-t	-
tea n list	-	--fields,--limit,--login,--mine,--output,--page,--remote,--repo,--states,--types,-R,-f,-l,-m,-o,-p,-r,-s,-t	-
tea n ls	-	--fields,--limit,--login,--mine,--output,--page,--remote,--repo,--states,--types,-R,-f,-l,-m,-o,-p,-r,-s,-t	-
tea n p	-	--limit,--login,--mine,--output,--page,--remote,--repo,--states,-R,-l,-m,-o,-p,-r,-s	-
tea n pin	-	--limit,--login,--mine,--output,--page,--remote,--repo,--states,-R,-l,-m,-o,-p,-r,-s	-
tea n r	-	--limit,--login,--mine,--output,--page,--remote,--repo,--states,-R,-l,-m,-o,-p,-r,-s	-
tea n read	-	--limit,--login,--mine,--output,--page,--remote,--repo,--states,-R,-l,-m,-o,-p,-r,-s	-
tea n u	-	--limit,--login,--mine,--output,--page,--remote,--repo,--states,-R,-l,-m,-o,-p,-r,-s	-
tea n unpin	-	--limit,--login,--mine,--output,--page,--remote,--repo,--states,-R,-l,-m,-o,-p,-r,-s	-
tea n unread	-	--limit,--login,--mine,--output,--page,--remote,--repo,--states,-R,-l,-m,-o,-p,-r,-s	-
tea notification	list,ls,p,pin,r,read,u,unpin,unread	--fields,--limit,--login,--mine,--output,--page,--remote,--repo,--states,--types,-R,-f,-l,-m,-o,-p,-r,-s,-t	-
tea notification list	-	--fields,--limit,--login,--mine,--output,--page,--remote,--repo,--states,--types,-R,-f,-l,-m,-o,-p,-r,-s,-t	-
tea notification ls	-	--fields,--limit,--login,--mine,--output,--page,--remote,--repo,--states,--types,-R,-f,-l,-m,-o,-p,-r,-s,-t	-
tea notification p	-	--limit,--login,--mine,--output,--page,--remote,--repo,--states,-R,-l,-m,-o,-p,-r,-s	-
tea notification pin	-	--limit,--login,--mine,--output,--page,--remote,--repo,--states,-R,-l,-m,-o,-p,-r,-s	-
tea notification r	-	--limit,--login,--mine,--output,--page,--remote,--repo,--states,-R,-l,-m,-o,-p,-r,-s	-
tea notification read	-	--limit,--login,--mine,--output,--page,--remote,--repo,--states,-R,-l,-m,-o,-p,-r,-s	-
tea notification u	-	--limit,--login,--mine,--output,--page,--remote,--repo,--states,-R,-l,-m,-o,-p,-r,-s	-
tea notification unpin	-	--limit,--login,--mine,--output,--page,--remote,--repo,--states,-R,-l,-m,-o,-p,-r,-s	-
tea notification unread	-	--limit,--login,--mine,--output,--page,--remote,--repo,--states,-R,-l,-m,-o,-p,-r,-s	-
tea notifications	list,ls,p,pin,r,read,u,unpin,unread	--fields,--limit,--login,--mine,--output,--page,--remote,--repo,--states,--types,-R,-f,-l,-m,-o,-p,-r,-s,-t	-
tea notifications list	-	--fields,--limit,--login,--mine,--output,--page,--remote,--repo,--states,--types,-R,-f,-l,-m,-o,-p,-r,-s,-t	-
tea notifications ls	-	--fields,--limit,--login,--mine,--output,--page,--remote,--repo,--states,--types,-R,-f,-l,-m,-o,-p,-r,-s,-t	-
tea notifications p	-	--limit,--login,--mine,--output,--page,--remote,--repo,--states,-R,-l,-m,-o,-p,-r,-s	-
tea notifications pin	-	--limit,--login,--mine,--output,--page,--remote,--repo,--states,-R,-l,-m,-o,-p,-r,-s	-
tea notifications r	-	--limit,--login,--mine,--output,--page,--remote,--repo,--states,-R,-l,-m,-o,-p,-r,-s	-
tea notifications read	-	--limit,--login,--mine,--output,--page,--remote,--repo,--states,-R,-l,-m,-o,-p,-r,-s	-
tea notifications u	-	--limit,--login,--mine,--output,--page,--remote,--repo,--states,-R,-l,-m,-o,-p,-r,-s	-
tea notifications unpin	-	--limit,--login,--mine,--output,--page,--remote,--repo,--states,-R,-l,-m,-o,-p,-r,-s	-
tea notifications unread	-	--limit,--login,--mine,--output,--page,--remote,--repo,--states,-R,-l,-m,-o,-p,-r,-s	-
tea o	-	--login,--remote,--repo,-R,-l,-r	-
tea open	-	--login,--remote,--repo,-R,-l,-r	-
tea org	c,create,delete,list,ls,rm	--limit,--login,--output,--page,--remote,--repo,-R,-l,-o,-p,-r	-
tea org c	-	--description,--location,--login,--name,--repo-admins-can-change-team-access,--visibility,--website,-L,-d,-l,-n,-v,-w	-
tea org create	-	--description,--location,--login,--name,--repo-admins-can-change-team-access,--visibility,--website,-L,-d,-l,-n,-v,-w	-
tea org delete	-	--login,--remote,-R,-l	-
tea org list	-	--limit,--login,--output,--page,--remote,--repo,-R,-l,-o,-p,-r	-
tea org ls	-	--limit,--login,--output,--page,--remote,--repo,-R,-l,-o,-p,-r	-
tea org rm	-	--login,--remote,-R,-l	-
tea organization	c,create,delete,list,ls,rm	--limit,--login,--output,--page,--remote,--repo,-R,-l,-o,-p,-r	-
tea organization c	-	--description,--location,--login,--name,--repo-admins-can-change-team-access,--visibility,--website,-L,-d,-l,-n,-v,-w	-
tea organization create	-	--description,--location,--login,--name,--repo-admins-can-change-team-access,--visibility,--website,-L,-d,-l,-n,-v,-w	-
tea organization delete	-	--login,--remote,-R,-l	-
tea organization list	-	--limit,--login,--output,--page,--remote,--repo,-R,-l,-o,-p,-r	-
tea organization ls	-	--limit,--login,--output,--page,--remote,--repo,-R,-l,-o,-p,-r	-
tea organization rm	-	--login,--remote,-R,-l	-
tea organizations	c,create,delete,list,ls,rm	--limit,--login,--output,--page,--remote,--repo,-R,-l,-o,-p,-r	-
tea organizations c	-	--description,--location,--login,--name,--repo-admins-can-change-team-access,--visibility,--website,-L,-d,-l,-n,-v,-w	-
tea organizations create	-	--description,--location,--login,--name,--repo-admins-can-change-team-access,--visibility,--website,-L,-d,-l,-n,-v,-w	-
tea organizations delete	-	--login,--remote,-R,-l	-
tea organizations list	-	--limit,--login,--output,--page,--remote,--repo,-R,-l,-o,-p,-r	-
tea organizations ls	-	--limit,--login,--output,--page,--remote,--repo,-R,-l,-o,-p,-r	-
tea organizations rm	-	--login,--remote,-R,-l	-
tea pr	a,approve,c,checkout,clean,close,co,create,lgtm,list,ls,m,merge,open,reject,reopen,review	--comments,--fields,--limit,--login,--output,--page,--remote,--repo,--state,-R,-f,-l,-o,-p,-r	-
tea pr a	-	--login,--output,--remote,--repo,-R,-l,-o,-r	path
tea pr approve	-	--login,--output,--remote,--repo,-R,-l,-o,-r	path
tea pr c	-	--allow-maintainer-edits,--assignees,--base,--deadline,--description,--head,--labels,--login,--milestone,--referenced-version,--remote,--repo,--title,-D,-L,-R,-a,-b,-d,-l,-m,-r,-t,-v	-
tea pr checkout	-	--branch,--login,--output,--remote,--repo,-R,-b,-l,-o,-r	path
tea pr clean	-	--ignore-sha,--login,--output,--remote,--repo,-R,-l,-o,-r	path
tea pr close	-	--login,--output,--remote,--repo,-R,-l,-o,-r	path
tea pr co	-	--branch,--login,--output,--remote,--repo,-R,-b,-l,-o,-r	path
tea pr create	-	--allow-maintainer-edits,--assignees,--base,--deadline,--description,--head,--labels,--login,--milestone,--referenced-version,--remote,--repo,--title,-D,-L,-R,-a,-b,-d,-l,-m,-r,-t,-v	-
tea pr lgtm	-	--login,--output,--remote,--repo,-R,-l,-o,-r	path
tea pr list	-	--fields,--limit,--login,--output,--page,--remote,--repo,--state,-R,-f,-l,-o,-p,-r	-
tea pr ls	-	--fields,--limit,--login,--output,--page,--remote,--repo,--state,-R,-f,-l,-o,-p,-r	-
tea pr m	-	--login,--message,--output,--remote,--repo,--style,--title,-R,-l,-m,-o,-r,-s,-t	path
tea pr merge	-	--login,--message,--output,--remote,--repo,--style,--title,-R,-l,-m,-o,-r,-s,-t	path
tea pr open	-	--login,--output,--remote,--repo,-R,-l,-o,-r	path
tea pr reject	-	--login,--output,--remote,--repo,-R,-l,-o,-r	path
tea pr reopen	-	--login,--output,--remote,--repo,-R,-l,-o,-r	path
tea pr review	-	--login,--output,--remote,--repo,-R,-l,-o,-r	path
tea pull	a,approve,c,checkout,clean,close,co,create,lgtm,list,ls,m,merge,open,reject,reopen,review	--comments,--fields,--limit,--login,--output,--page,--remote,--repo,--state,-R,-f,-l,-o,-p,-r	-
tea pull a	-	--login,--output,--remote,--repo,-R,-l,-o,-r	path
tea pull approve	-	--login,--output,--remote,--repo,-R,-l,-o,-r	path
tea pull c	-	--allow-maintainer-edits,--assignees,--base,--deadline,--description,--head,--labels,--login,--milestone,--referenced-version,--remote,--repo,--title,-D,-L,-R,-a,-b,-d,-l,-m,-r,-t,-v	-
tea pull checkout	-	--branch,--login,--output,--remote,--repo,-R,-b,-l,-o,-r	path
tea pull clean	-	--ignore-sha,--login,--output,--remote,--repo,-R,-l,-o,-r	path
tea pull close	-	--login,--output,--remote,--repo,-R,-l,-o,-r	path
tea pull co	-	--branch,--login,--output,--remote,--repo,-R,-b,-l,-o,-r	path
tea pull create	-	--allow-maintainer-edits,--assignees,--base,--deadline,--description,--head,--labels,--login,--milestone,--referenced-version,--remote,--repo,--title,-D,-L,-R,-a,-b,-d,-l,-m,-r,-t,-v	-
tea pull lgtm	-	--login,--output,--remote,--repo,-R,-l,-o,-r	path
tea pull list	-	--fields,--limit,--login,--output,--page,--remote,--repo,--state,-R,-f,-l,-o,-p,-r	-
tea pull ls	-	--fields,--limit,--login,--output,--page,--remote,--repo,--state,-R,-f,-l,-o,-p,-r	-
tea pull m	-	--login,--message,--output,--remote,--repo,--style,--title,-R,-l,-m,-o,-r,-s,-t	path
tea pull merge	-	--login,--message,--output,--remote,--repo,--style,--title,-R,-l,-m,-o,-r,-s,-t	path
tea pull open	-	--login,--output,--remote,--repo,-R,-l,-o,-r	path
tea pull reject	-	--login,--output,--remote,--repo,-R,-l,-o,-r	path
tea pull reopen	-	--login,--output,--remote,--repo,-R,-l,-o,-r	path
tea pull review	-	--login,--output,--remote,--repo,-R,-l,-o,-r	path
tea pulls	a,approve,c,checkout,clean,close,co,create,lgtm,list,ls,m,merge,open,reject,reopen,review	--comments,--fields,--limit,--login,--output,--page,--remote,--repo,--state,-R,-f,-l,-o,-p,-r	-
tea pulls a	-	--login,--output,--remote,--repo,-R,-l,-o,-r	path
tea pulls approve	-	--login,--output,--remote,--repo,-R,-l,-o,-r	path
tea pulls c	-	--allow-maintainer-edits,--assignees,--base,--deadline,--description,--head,--labels,--login,--milestone,--referenced-version,--remote,--repo,--title,-D,-L,-R,-a,-b,-d,-l,-m,-r,-t,-v	-
tea pulls checkout	-	--branch,--login,--output,--remote,--repo,-R,-b,-l,-o,-r	path
tea pulls clean	-	--ignore-sha,--login,--output,--remote,--repo,-R,-l,-o,-r	path
tea pulls close	-	--login,--output,--remote,--repo,-R,-l,-o,-r	path
tea pulls co	-	--branch,--login,--output,--remote,--repo,-R,-b,-l,-o,-r	path
tea pulls create	-	--allow-maintainer-edits,--assignees,--base,--deadline,--description,--head,--labels,--login,--milestone,--referenced-version,--remote,--repo,--title,-D,-L,-R,-a,-b,-d,-l,-m,-r,-t,-v	-
tea pulls lgtm	-	--login,--output,--remote,--repo,-R,-l,-o,-r	path
tea pulls list	-	--fields,--limit,--login,--output,--page,--remote,--repo,--state,-R,-f,-l,-o,-p,-r	-
tea pulls ls	-	--fields,--limit,--login,--output,--page,--remote,--repo,--state,-R,-f,-l,-o,-p,-r	-
tea pulls m	-	--login,--message,--output,--remote,--repo,--style,--title,-R,-l,-m,-o,-r,-s,-t	path
tea pulls merge	-	--login,--message,--output,--remote,--repo,--style,--title,-R,-l,-m,-o,-r,-s,-t	path
tea pulls open	-	--login,--output,--remote,--repo,-R,-l,-o,-r	path
tea pulls reject	-	--login,--output,--remote,--repo,-R,-l,-o,-r	path
tea pulls reopen	-	--login,--output,--remote,--repo,-R,-l,-o,-r	path
tea pulls review	-	--login,--output,--remote,--repo,-R,-l,-o,-r	path
tea r	c,create,delete,e,edit,list,ls,rm	--login,--output,--remote,--repo,-R,-l,-o,-r	-
tea r c	-	--asset,--draft,--login,--note,--output,--prerelease,--remote,--repo,--tag,--target,--title,-R,-a,-d,-l,-n,-o,-p,-r,-t	-
tea r create	-	--asset,--draft,--login,--note,--output,--prerelease,--remote,--repo,--tag,--target,--title,-R,-a,-d,-l,-n,-o,-p,-r,-t	-
tea r delete	-	--confirm,--delete-tag,--login,--output,--remote,--repo,-R,-l,-o,-r,-y	-
tea r e	-	--draft,--login,--note,--output,--prerelease,--remote,--repo,--tag,--target,--title,-R,-d,-l,-n,-o,-p,-r,-t	-
tea r edit	-	--draft,--login,--note,--output,--prerelease,--remote,--repo,--tag,--target,--title,-R,-d,-l,-n,-o,-p,-r,-t	-
tea r list	-	--limit,--login,--output,--page,--remote,--repo,-R,-l,-o,-p,-r	-
tea r ls	-	--limit,--login,--output,--page,--remote,--repo,-R,-l,-o,-p,-r	-
tea r rm	-	--confirm,--delete-tag,--login,--output,--remote,--repo,-R,-l,-o,-r,-y	-
tea release	c,create,delete,e,edit,list,ls,rm	--login,--output,--remote,--repo,-R,-l,-o,-r	-
tea release c	-	--asset,--draft,--login,--note,--output,--prerelease,--remote,--repo,--tag,--target,--title,-R,-a,-d,-l,-n,-o,-p,-r,-t	-
tea release create	-	--asset,--draft,--login,--note,--output,--prerelease,--remote,--repo,--tag,--target,--title,-R,-a,-d,-l,-n,-o,-p,-r,-t	-
tea release delete	-	--confirm,--delete-tag,--login,--output,--remote,--repo,-R,-l,-o,-r,-y	-
tea release e	-	--draft,--login,--note,--output,--prerelease,--remote,--repo,--tag,--target,--title,-R,-d,-l,-n,-o,-p,-r,-t	-
tea release edit	-	--draft,--login,--note,--output,--prerelease,--remote,--repo,--tag,--target,--title,-R,-d,-l,-n,-o,-p,-r,-t	-
tea release list	-	--limit,--login,--output,--page,--remote,--repo,-R,-l,-o,-p,-r	-
tea release ls	-	--limit,--login,--output,--page,--remote,--repo,-R,-l,-o,-p,-r	-
tea release rm	-	--confirm,--delete-tag,--login,--output,--remote,--repo,-R,-l,-o,-r,-y	-
tea releases	c,create,delete,e,edit,list,ls,rm	--login,--output,--remote,--repo,-R,-l,-o,-r	-
tea releases c	-	--asset,--draft,--login,--note,--output,--prerelease,--remote,--repo,--tag,--target,--title,-R,-a,-d,-l,-n,-o,-p,-r,-t	-
tea releases create	-	--asset,--draft,--login,--note,--output,--prerelease,--remote,--repo,--tag,--target,--title,-R,-a,-d,-l,-n,-o,-p,-r,-t	-
tea releases delete	-	--confirm,--delete-tag,--login,--output,--remote,--repo,-R,-l,-o,-r,-y	-
tea releases e	-	--draft,--login,--note,--output,--prerelease,--remote,--repo,--tag,--target,--title,-R,-d,-l,-n,-o,-p,-r,-t	-
tea releases edit	-	--draft,--login,--note,--output,--prerelease,--remote,--repo,--tag,--target,--title,-R,-d,-l,-n,-o,-p,-r,-t	-
tea releases list	-	--limit,--login,--output,--page,--remote,--repo,-R,-l,-o,-p,-r	-
tea releases ls	-	--limit,--login,--output,--page,--remote,--repo,-R,-l,-o,-p,-r	-
tea releases rm	-	--confirm,--delete-tag,--login,--output,--remote,--repo,-R,-l,-o,-r,-y	-
tea repo	c,create,create-from-template,ct,f,fork,list,ls,s,search	--fields,--limit,--login,--output,--page,--starred,--type,--watched,-T,-f,-l,-o,-p,-s,-w	-
tea repo c	-	--branch,--description,--gitignores,--init,--labels,--license,--login,--name,--output,--owner,--private,--readme,--template,--trustmodel,-O,-l,-o	-
tea repo create	-	--branch,--description,--gitignores,--init,--labels,--license,--login,--name,--output,--owner,--private,--readme,--template,--trustmodel,-O,-l,-o	-
tea repo create-from-template	-	--avatar,--content,--description,--githooks,--labels,--login,--name,--output,--owner,--private,--template,--topics,--webhooks,-O,-l,-n,-o,-t	-
tea repo ct	-	--avatar,--content,--description,--githooks,--labels,--login,--name,--output,--owner,--private,--template,--topics,--webhooks,-O,-l,-n,-o,-t	-
tea repo f	-	--login,--owner,--remote,--repo,-O,-R,-l,-r	-
tea repo fork	-	--login,--owner,--remote,--repo,-O,-R,-l,-r	-
tea repo list	-	--fields,--limit,--login,--output,--page,--starred,--type,--watched,-T,-f,-l,-o,-p,-s,-w	-
tea repo ls	-	--fields,--limit,--login,--output,--page,--starred,--type,--watched,-T,-f,-l,-o,-p,-s,-w	-
tea repo s	-	--archived,--fields,--limit,--login,--output,--owner,--page,--private,--topic,--type,-O,-T,-f,-l,-o,-p,-t	-
tea repo search	-	--archived,--fields,--limit,--login,--output,--owner,--page,--private,--topic,--type,-O,-T,-f,-l,-o,-p,-t	-
tea repos	c,create,create-from-template,ct,f,fork,list,ls,s,search	--fields,--limit,--login,--output,--page,--starred,--type,--watched,-T,-f,-l,-o,-p,-s,-w	-
tea repos c	-	--branch,--description,--gitignores,--init,--labels,--license,--login,--name,--output,--owner,--private,--readme,--template,--trustmodel,-O,-l,-o	-
tea repos create	-	--branch,--description,--gitignores,--init,--labels,--license,--login,--name,--output,--owner,--private,--readme,--template,--trustmodel,-O,-l,-o	-
tea repos create-from-template	-	--avatar,--content,--description,--githooks,--labels,--login,--name,--output,--owner,--private,--template,--topics,--webhooks,-O,-l,-n,-o,-t	-
tea repos ct	-	--avatar,--content,--description,--githooks,--labels,--login,--name,--output,--owner,--private,--template,--topics,--webhooks,-O,-l,-n,-o,-t	-
tea repos f	-	--login,--owner,--remote,--repo,-O,-R,-l,-r	-
tea repos fork	-	--login,--owner,--remote,--repo,-O,-R,-l,-r	-
tea repos list	-	--fields,--limit,--login,--output,--page,--starred,--type,--watched,-T,-f,-l,-o,-p,-s,-w	-
tea repos ls	-	--fields,--limit,--login,--output,--page,--starred,--type,--watched,-T,-f,-l,-o,-p,-s,-w	-
tea repos s	-	--archived,--fields,--limit,--login,--output,--owner,--page,--private,--topic,--type,-O,-T,-f,-l,-o,-p,-t	-
tea repos search	-	--archived,--fields,--limit,--login,--output,--owner,--page,--private,--topic,--type,-O,-T,-f,-l,-o,-p,-t	-
tea shellcompletion	-	--install	-
tea t	a,add,delete,list,ls,reset,rm	--fields,--from,--login,--mine,--output,--remote,--repo,--total,--until,-R,-f,-l,-m,-o,-r,-t,-u	-
tea t a	-	--login,--remote,--repo,-R,-l,-r	-
tea t add	-	--login,--remote,--repo,-R,-l,-r	-
tea t delete	-	--login,--remote,--repo,-R,-l,-r	-
tea t list	-	--fields,--from,--login,--mine,--output,--remote,--repo,--total,--until,-R,-f,-l,-m,-o,-r,-t,-u	-
tea t ls	-	--fields,--from,--login,--mine,--output,--remote,--repo,--total,--until,-R,-f,-l,-m,-o,-r,-t,-u	-
tea t reset	-	--login,--remote,--repo,-R,-l,-r	-
tea t rm	-	--login,--remote,--repo,-R,-l,-r	-
tea time	a,add,delete,list,ls,reset,rm	--fields,--from,--login,--mine,--output,--remote,--repo,--total,--until,-R,-f,-l,-m,-o,-r,-t,-u	-
tea time a	-	--login,--remote,--repo,-R,-l,-r	-
tea time add	-	--login,--remote,--repo,-R,-l,-r	-
tea time delete	-	--login,--remote,--repo,-R,-l,-r	-
tea time list	-	--fields,--from,--login,--mine,--output,--remote,--repo,--total,--until,-R,-f,-l,-m,-o,-r,-t,-u	-
tea time ls	-	--fields,--from,--login,--mine,--output,--remote,--repo,--total,--until,-R,-f,-l,-m,-o,-r,-t,-u	-
tea time reset	-	--login,--remote,--repo,-R,-l,-r	-
tea time rm	-	--login,--remote,--repo,-R,-l,-r	-
tea times	a,add,delete,list,ls,reset,rm	--fields,--from,--login,--mine,--output,--remote,--repo,--total,--until,-R,-f,-l,-m,-o,-r,-t,-u	-
tea times a	-	--login,--remote,--repo,-R,-l,-r	-
tea times add	-	--login,--remote,--repo,-R,-l,-r	-
tea times delete	-	--login,--remote,--repo,-R,-l,-r	-
tea times list	-	--fields,--from,--login,--mine,--output,--remote,--repo,--total,--until,-R,-f,-l,-m,-o,-r,-t,-u	-
tea times ls	-	--fields,--from,--login,--mine,--output,--remote,--repo,--total,--until,-R,-f,-l,-m,-o,-r,-t,-u	-
tea times reset	-	--login,--remote,--repo,-R,-l,-r	-
tea times rm	-	--login,--remote,--repo,-R,-l,-r	-
tea whoami	-	-	-
tee	-	--append,--help,--ignore-interrupts,--output-error,--version,-a,-i,-p	path
telnet	-	--binary,--binary-output,--debug,--escape,--help,--ipv4,--ipv6,--login,--no-escape,--no-login,--no-rc,--rlogin,--trace,--usage,--user,--version,-4,-6,-8,-E,-K,-L,-V,-a,-c,-d,-e,-l,-n,-r	path
templ	fmt,generate,lsp,migrate	-	-
templ fmt	-	-help	path
templ generate	-	-cmd,-f,-help,-path,-pprof,-proxy,-proxyport,-sourceMapVisualisations,-w,-watch	-
templ lsp	-	-goplsLog,-goplsRPCTrace,-help,-http,-log,-pprof	-
templ migrate	-	-f,-help,-path	-
termux-apt-repo	-	--help,--use-hard-links,-h	path
terraform	apply,console,destroy,fmt,force-unlock,get,graph,import,init,login,logout,metadata,output,plan,providers,refresh,show,state,taint,test,untaint,validate,version,workspace	-chdir,-help,-version	-
terraform apply	-	-auto-approve,-backup,-compact-warnings,-destroy,-input,-lock,-lock-timeout,-no-color,-parallelism,-state,-state-out	path
terraform console	-	-state,-var,-var-file	-
terraform destroy	-	-compact-warnings,-destroy,-detailed-exitcode,-input,-lock,-lock-timeout,-no-color,-out,-parallelism,-refresh,-refresh-only,-replace,-state,-target,-var,-var-file	-
terraform fmt	-	-check,-diff,-list,-no-color,-recursive,-write	path
terraform force-unlock	-	-force	-
terraform get	-	-no-color,-update	path
terraform graph	-	-draw-cycles,-plan,-type	-
terraform import	-	-config,-ignore-remote-version,-input,-lock,-lock-timeout,-no-color,-var,-var-file	-
terraform init	-	-backend,-backend-config,-force-copy,-from-module,-get,-ignore-remote-version,-input,-lock,-lockfile,-migrate-state,-no-color,-plugin-dir,-reconfigure,-upgrade	-
terraform login	-	-	path
terraform logout	-	-	path
terraform metadata	functions	-	-
terraform metadata functions	-	-json	-
terraform output	-	-json,-no-color,-raw,-state	-
terraform plan	-	--generate-config-out,-compact-warnings,-destroy,-detailed-exitcode,-input,-lock,-lock-timeout,-no-color,-out,-parallelism,-refresh,-refresh-only,-replace,-state,-target,-var,-var-file	-
terraform providers	lock,mirror,schema	-	path
terraform providers lock	-	-fs-mirror,-net-mirror,-platform	-
terraform providers mirror	-	-platform	path
terraform providers schema	-	-json	-
terraform refresh	-	-compact-warnings,-input,-lock,-lock-timeout,-no-color,-parallelism,-target,-var,-var-file	-
terraform show	-	-json,-no-color	path
terraform state	list,mv,pull,push,replace-provider,rm,show	-	-
terraform state list	-	-id,-state	-
terraform state mv	-	-dry-run,-ignore-remote-version,-lock,-lock-timeout	-
terraform state pull	-	-	-
terraform state push	-	-force,-lock,-lock-timeout	path
terraform state replace-provider	-	-auto-approve,-ignore-remote-version,-lock,-lock-timeout	-
terraform state rm	-	-backup,-dry-run,-ignore-remote-version,-lock,-lock-timeout,-state	-
terraform state show	-	-state	-
terraform taint	-	-allow-missing,-ignore-remote-version,-lock,-lock-timeout	-
terraform test	-	-compact-warnings,-junit-xml,-no-color	-
terraform untaint	-	-allow-missing,-ignore-remote-version,-lock,-lock-timeout	-
terraform validate	-	-json,-no-color	-
terraform version	-	-json	-
terraform workspace	delete,list,new,select,show	-	-
terraform workspace delete	-	-force,-lock,-lock-timeout	path
terraform workspace list	-	-	-
terraform workspace new	-	-lock,-lock-timeout,-state	path
terraform workspace select	-	-or-create	path
terraform workspace show	-	-	-
terraform-ls	inspect-module,serve,version	--help,--version,-h,-v	-
terraform-ls inspect-module	-	-verbose	path
terraform-ls serve	-	-cpuprofile,-log-file,-memprofile,-port,-req-concurrency	-
terraform-ls version	-	-json	-
terragrunt	aws-provider-patch,graph-dependencies,hclfmt,render-json,run-all,terragrunt-info,validate-inputs	-	-
terragrunt aws-provider-patch	-	-	-
terragrunt graph-dependencies	-	-	-
terragrunt hclfmt	-	-	-
terragrunt render-json	-	-	-
terragrunt run-all	-	-	-
terragrunt terragrunt-info	-	-	-
terragrunt validate-inputs	-	-	-
terramate	cloud,create,debug,experimental,fmt,generate,install-completions,list,run,script,version	--changed,--chdir,--disable-check-git-uncommitted,--disable-check-git-untracked,--disable-checkpoint,--disable-checkpoint-signature,--git-change-base,--help,--log-destination,--log-fmt,--log-level,--no-tags,--quiet,--tags,--verbose,--version,-B,-C,-c,-h,-v	-
terramate cloud	drift,info,login	-	-
terramate cloud drift	show	-	-
terramate cloud drift show	-	-	-
terramate cloud info	-	-	-
terramate cloud login	-	-	-
terramate create	-	--after,--all-terraform,--before,--description,--ensure-stack-ids,--id,--ignore-existing,--import,--name,--no-generate	path
terramate debug	show	-	-
terramate debug show	generate-origins,globals,metadata,runtime-env	-	-
terramate debug show generate-origins	-	-	-
terramate debug show globals	-	-	-
terramate debug show metadata	-	-	-
terramate debug show runtime-env	-	-	-
terramate experimental	clone,eval,get-config-value,partial-eval,run-graph,trigger,vendor	-	-
terramate experimental clone	-	--skip-child-stacks	path
terramate experimental eval	-	--as-json,--global,-g	-
terramate experimental get-config-value	-	--as-json,--global,-g	-
terramate experimental partial-eval	-	--global,-g	-
terramate experimental run-graph	-	--label,--outfile,-l,-o	-
terramate experimental trigger	-	--cloud-status,--experimental-status,--reason	path
terramate experimental vendor	download	-	-
terramate experimental vendor download	-	--dir,-d	-
terramate fmt	-	--check,--detailed-exit-code	-
terramate generate	-	--detailed-exit-code	-
terramate install-completions	-	--uninstall	-
terramate list	-	--cloud-status,--experimental-status,--run-order,--why	-
terramate run	-	--cloud-sync-deployment,--cloud-sync-drift-status,--cloud-sync-terraform-plan-file,--continue-on-error,--disable-check-gen-code,--disable-check-git-remote,--disable-safeguards,--dry-run,--eval,--no-recursive,--reverse,-X	path
terramate script	info,list,run,tree	-	-
terramate script info	-	-	-
terramate script list	-	-	-
terramate script run	-	--disable-check-gen-code,--disable-check-git-remote,--disable-safeguards,--dry-run,--no-recursive,-X	path
terramate script tree	-	-	-
terramate version	-	-	-
tesseract	-	--dpi,--help,--help-extra,--help-oem,--help-psm,--list-langs,--oem,--print-parameters,--psm,--tessdata-dir,--user-patterns,--user-words,--version,-c,-h,-l,-v	path
tig	blame,grep,log,reflog,refs,show,stash,status	--help,--version,-C,-h,-v	path
tig blame	-	-	path
tig grep	-	-	-
tig log	-	-	path
tig reflog	-	-	-
tig refs	-	-	-
tig show	-	-	-
tig stash	-	-	-
tig status	-	-	-
timeout	-	--foreground,--help,--kill-after,--preserve-status,--signal,--verbose,--version,-f,-k,-p,-s,-v	-
tinygo	-	-cpuprofile,-dumpssa,-gc,-ldflags,-llvm-features,-no-debug,-o,-ocd-commands,-ocd-output,-opt,-panic,-port,-print-allocs,-print-stacks,-printir,-programmer,-scheduler,-serial,-size,-tags,-target,-verifyir,-wasm-abi,-x	-
tldr	-	--clear-cache,--color,--help,--language,--list,--no-auto-update,--pager,--platform,--quiet,--raw,--render,--seed-config,--show-paths,--update,--version,-L,-c,-f,-h,-l,-p,-q,-r,-u,-v	path
tload	-	--delay,--help,--scale,--version,-V,-d,-h,-s	-
tmate	-	-F,-S,-V,-f,-k,-n,-r,-v	-
tmux	attach-session,bind-key,break-pane,capture-pane,choose-buffer,choose-client,choose-tree,clear-history,clock-mode,command-prompt,confirm-before,copy-mode,customize-mode,delete-buffer,detach-client,display-menu,display-message,display-panes,display-popup,find-window,has-session,if-shell,join-pane,kill-pane,kill-session,kill-window,killw,last-pane,last-window,link-window,list-buffers,list-clients,list-commands,list-keys,list-panes,list-sessions,list-windows,load-buffer,lock-client,lock-session,move-pane,move-window,new-session,new-window,next-layout,next-window,paste-buffer,pipe-pane,previous-layout,previous-window,refresh-client,rename-session,rename-window,resize-pane,resize-window,respawn-pane,respawn-window,rotate-window,run-shell,save-buffer,select-layout,select-pane,select-window,send-keys,send-prefix,set-buffer,set-environment,set-hook,set-option,set-windowoption,show-buffer,show-environment,show-hooks,show-messages,show-options,show-windowoptions,split-window,suspend-client,swap-pane,swap-window,switch-client,unbind-key,unlink-window	-2,-C,-D,-L,-N,-S,-T,-V,-c,-f,-l,-u,-v	-
tmux attach-session	-	-E,-c,-d,-f,-r,-t,-x	-
tmux bind-key	-	-N,-T,-n,-r	-
tmux break-pane	-	-F,-P,-a,-b,-d,-n,-s,-t	-
tmux capture-pane	-	-C,-E,-J,-N,-P,-S,-a,-b,-e,-p,-q,-t	-
tmux choose-buffer	-	-F,-K,-N,-O,-Z,-f,-r,-t	-
tmux choose-client	-	-F,-K,-O,-f,-t	-
tmux choose-tree	-	-F,-K,-O,-f,-t	-
tmux clear-history	-	-t	-
tmux clock-mode	-	-t	-
tmux command-prompt	-	-I,-p,-t	-
tmux confirm-before	-	-p,-t	-
tmux copy-mode	-	-s,-t	-
tmux customize-mode	-	-F,-f,-t	-
tmux delete-buffer	-	-b	-
tmux detach-client	-	-E,-P,-a,-s,-t	-
tmux display-menu	-	-O,-T,-c,-t,-x,-y	-
tmux display-message	-	-F,-I,-N,-a,-c,-d,-p,-t,-v	-
tmux display-panes	-	-N,-b,-d,-t	-
tmux display-popup	-	-C,-E,-c,-d,-h,-t,-w,-x,-y	-
tmux find-window	-	-C,-N,-T,-Z,-i,-r,-t	-
tmux has-session	-	-t	-
tmux if-shell	-	-F,-b,-t	-
tmux join-pane	-	-b,-d,-f,-h,-l,-s,-t,-v	-
tmux kill-pane	-	-a,-t	-
tmux kill-session	-	-C,-a,-t	-
tmux kill-window	-	-a,-t	-
tmux killw	-	-a,-t	-
tmux last-pane	-	-Z,-d,-e,-t	-
tmux last-window	-	-t	-
tmux link-window	-	-a,-b,-d,-k,-s,-t	-
tmux list-buffers	-	-F,-f	-
tmux list-clients	-	-F,-t	-
tmux list-commands	-	-F	-
tmux list-keys	-	-1,-N,-P,-T,-a	-
tmux list-panes	-	-F,-a,-f,-s,-t	-
tmux list-sessions	-	-F,-f	-
tmux list-windows	-	-F,-a,-f,-t	-
tmux load-buffer	-	-b,-t	-
tmux lock-client	-	-t	-
tmux lock-session	-	-t	-
tmux move-pane	-	-b,-d,-f,-h,-l,-s,-t,-v	-
tmux move-window	-	-a,-b,-d,-k,-r,-s,-t	-
tmux new-session	-	-A,-D,-E,-F,-P,-X,-c,-d,-e,-f,-n,-s,-t,-x,-y	-
tmux new-window	-	-F,-P,-S,-a,-b,-c,-d,-e,-k,-n,-t	-
tmux next-layout	-	-t	-
tmux next-window	-	-a,-t	-
tmux paste-buffer	-	-b,-d,-p,-r,-s,-t	-
tmux pipe-pane	-	-I,-O,-o,-t	-
tmux previous-layout	-	-t	-
tmux previous-window	-	-a,-t	-
tmux refresh-client	-	-A,-B,-C,-D,-L,-R,-S,-U,-c,-f,-l,-t	-
tmux rename-session	-	-t	-
tmux rename-window	-	-t	-
tmux resize-pane	-	-D,-L,-M,-R,-T,-U,-Z,-t,-x,-y	-
tmux resize-window	-	-A,-D,-L,-R,-U,-a,-t,-x,-y	-
tmux respawn-pane	-	-c,-e,-k,-t	-
tmux respawn-window	-	-c,-e,-k,-t	-
tmux rotate-window	-	-D,-U,-Z,-t	-
tmux run-shell	-	-C,-b,-d,-t	-
tmux save-buffer	-	-a,-b	-
tmux select-layout	-	-E,-n,-o,-p,-t	-
tmux select-pane	-	-D,-L,-M,-R,-T,-U,-Z,-d,-e,-l,-m,-t	-
tmux select-window	-	-T,-l,-n,-p,-t	-
tmux send-keys	-	-F,-H,-M,-N,-R,-X,-l,-t	-
tmux send-prefix	-	-t	-
tmux set-buffer	-	-a,-b,-n,-t,-w	-
tmux set-environment	-	-F,-g,-h,-r,-t,-u	-
tmux set-hook	-	-t	-
tmux set-option	-	-F,-U,-a,-g,-o,-p,-q,-s,-t,-u,-w	-
tmux set-windowoption	-	-F,-a,-g,-o,-q,-t,-u	-
tmux show-buffer	-	-b	-
tmux show-environment	-	-g,-h,-s,-t	-
tmux show-hooks	-	-t	-
tmux show-messages	-	-J,-T,-t	-
tmux show-options	-	-A,-H,-g,-p,-q,-s,-t,-v,-w	-
tmux show-windowoptions	-	-g,-t,-v	-
tmux split-window	-	-F,-I,-P,-Z,-b,-c,-d,-e,-h,-l,-t,-v	-
tmux suspend-client	-	-t	-
tmux swap-pane	-	-D,-U,-Z,-d,-s,-t	-
tmux swap-window	-	-d,-s,-t	-
tmux switch-client	-	-E,-T,-Z,-c,-l,-n,-p,-r,-t	-
tmux unbind-key	-	-T,-a,-n,-q	-
tmux unlink-window	-	-k,-t	-
tofu	apply,console,destroy,fmt,force-unlock,get,graph,import,init,login,logout,metadata,output,plan,providers,refresh,show,state,taint,test,untaint,validate,version,workspace	-chdir,-help,-version	-
tofu apply	-	-auto-approve,-backup,-compact-warnings,-destroy,-input,-lock,-lock-timeout,-no-color,-parallelism,-state,-state-out	path
tofu console	-	-state,-var,-var-file	-
tofu destroy	-	-compact-warnings,-destroy,-detailed-exitcode,-input,-lock,-lock-timeout,-no-color,-out,-parallelism,-refresh,-refresh-only,-replace,-state,-target,-var,-var-file	-
tofu fmt	-	-check,-diff,-list,-no-color,-recursive,-write	path
tofu force-unlock	-	-force	-
tofu get	-	-no-color,-update	path
tofu graph	-	-draw-cycles,-plan,-type	-
tofu import	-	-config,-ignore-remote-version,-input,-lock,-lock-timeout,-no-color,-var,-var-file	-
tofu init	-	-backend,-backend-config,-force-copy,-from-module,-get,-ignore-remote-version,-input,-lock,-lockfile,-migrate-state,-no-color,-plugin-dir,-reconfigure,-upgrade	-
tofu login	-	-	path
tofu logout	-	-	path
tofu metadata	functions	-	-
tofu metadata functions	-	-json	-
tofu output	-	-json,-no-color,-raw,-state	-
tofu plan	-	--generate-config-out,-compact-warnings,-destroy,-detailed-exitcode,-input,-lock,-lock-timeout,-no-color,-out,-parallelism,-refresh,-refresh-only,-replace,-state,-target,-var,-var-file	-
tofu providers	lock,mirror,schema	-	path
tofu providers lock	-	-fs-mirror,-net-mirror,-platform	-
tofu providers mirror	-	-platform	path
tofu providers schema	-	-json	-
tofu refresh	-	-compact-warnings,-input,-lock,-lock-timeout,-no-color,-parallelism,-target,-var,-var-file	-
tofu show	-	-json,-no-color	path
tofu state	list,mv,pull,push,replace-provider,rm,show	-	-
tofu state list	-	-id,-state	-
tofu state mv	-	-dry-run,-ignore-remote-version,-lock,-lock-timeout	-
tofu state pull	-	-	-
tofu state push	-	-force,-lock,-lock-timeout	path
tofu state replace-provider	-	-auto-approve,-ignore-remote-version,-lock,-lock-timeout	-
tofu state rm	-	-backup,-dry-run,-ignore-remote-version,-lock,-lock-timeout,-state	-
tofu state show	-	-state	-
tofu taint	-	-allow-missing,-ignore-remote-version,-lock,-lock-timeout	-
tofu test	-	-compact-warnings,-junit-xml,-no-color	-
tofu untaint	-	-allow-missing,-ignore-remote-version,-lock,-lock-timeout	-
tofu validate	-	-json,-no-color	-
tofu version	-	-json	-
tofu workspace	delete,list,new,select,show	-	-
tofu workspace delete	-	-force,-lock,-lock-timeout	path
tofu workspace list	-	-	-
tofu workspace new	-	-lock,-lock-timeout,-state	path
tofu workspace select	-	-or-create	path
tofu workspace show	-	-	-
toit.lsp	analyze,archive,completion,help,repro,toitdoc,version	--cpuprofile,--help,--memprofile,--sdk,--toitc,--verbose,-h,-v	-
toit.lsp analyze	-	--sdk,--toitc,--verbose,-v	path
toit.lsp archive	-	--include-sdk,--out,--sdk,--toitc,--verbose,-v	path
toit.lsp completion	bash,fish,powershell,zsh	-	-
toit.lsp completion bash	-	--no-descriptions	-
toit.lsp completion fish	-	--no-descriptions	-
toit.lsp completion powershell	-	--no-descriptions	-
toit.lsp completion zsh	-	--no-descriptions	-
toit.lsp help	-	-	-
toit.lsp repro	serve	--sdk-path,--timeout	path
toit.lsp repro serve	-	--json,--port	path
toit.lsp toitdoc	-	--exclude-sdk,--include-private,--out,--parallel,--root-path,--sdk,--toitc,--verbose,--version,-p,-v	path
toit.lsp version	-	-	-
toit.pkg	clean,completion,describe,download,fetch,help,init,install,list,registry,search,sync,uninstall,update,version	--project-root	-
toit.pkg clean	-	-	-
toit.pkg completion	bash,fish,powershell,zsh	-	-
toit.pkg completion bash	-	--no-descriptions	-
toit.pkg completion fish	-	--no-descriptions	-
toit.pkg completion powershell	-	--no-descriptions	-
toit.pkg completion zsh	-	--no-descriptions	-
toit.pkg describe	-	--allow-local-deps,--disallow-local-deps,--out-dir,--verbose,-v	path
toit.pkg download	-	--local,--name,--recompute	path
toit.pkg fetch	-	--local,--name,--recompute	path
toit.pkg help	-	-	-
toit.pkg init	-	-	-
toit.pkg install	-	--local,--name,--recompute	path
toit.pkg list	-	--output,--verbose,-o,-v	-
toit.pkg registry	add,list,remove,sync	-	-
toit.pkg registry add	-	--local	-
toit.pkg registry list	-	-	-
toit.pkg registry remove	-	-	path
toit.pkg registry sync	-	-	-
toit.pkg search	-	--verbose,-v	-
toit.pkg sync	-	-	-
toit.pkg uninstall	-	-	path
toit.pkg update	-	-	-
toit.pkg version	-	--help,-h	-
top	-	--accum-time-toggle,--apply-defaults,--batch,--cmdline-toggle,--delay,--filter-any-user,--filter-only-euser,--help,--idle-toggle,--iterations,--list-fields,--pid,--scale-summary-mem,--scale-task-mem,--secure-mode,--single-cpu-toggle,--sort-override,--threads-show,--version,--width,-1,-A,-E,-H,-O,-S,-U,-V,-b,-c,-d,-e,-h,-i,-n,-o,-p,-s,-u,-w	-
tor-browser	-	--dir,--erase,--help,--refresh,--update,-e,-h,-r,-u	-
tor-gencert	-	--create-identity-key,--help,--passphrase-fd,--reuse,-a,-c,-h,-i,-m,-r,-s,-v	-
tor-print-ed-signing-cert	-	-	path
tor-resolve	-	-4,-5,-p,-v,-x	-
torsocks	-	--debug,--help,--isolate,--pass,--port,--shell,--user,--version,-P,-d,-h,-i,-p,-u	path
touch	-	--date,--help,--no-create,--no-dereference,--reference,--time,--version,-a,-c,-d,-f,-h,-m,-r,-t	path
tox	c,config,d,de,depends,devenv,e,exec,l,legacy,list,p,q,quickstart,r,run,run-parallel	--alwayscopy,--colored,--conf,--develop,--devenv,--discover,--exit-and-dump-after,--force-dep,--hashseed,--help,--help-ini,--hi,--installpkg,--list-dependencies,--listenvs,--listenvs-all,--no-list-dependencies,--no-provision,--no-recreate-pkg,--no-recreate-provision,--notest,--override,--parallel,--parallel-live,--parallel-no-spinner,--pkg-only,--pre,--quiet,--recreate,--result-json,--root,--runner,--sdistonly,--showconfig,--sitepackages,--skip-env,--skip-missing-interpreters,--skip-pkg-install,--verbose,--version,--workdir,-a,-b,-c,-e,-f,-h,-l,-m,-n,-o,-p,-q,-r,-s,-v,-x	-
tox c	-	--core,--develop,--discover,--hashseed,--list-dependencies,--no-list-dependencies,--no-recreate-pkg,--result-json,--skip-env,--skip-missing-interpreters,-e,-f,-k,-m,-s	-
tox config	-	--core,--develop,--discover,--hashseed,--list-dependencies,--no-list-dependencies,--no-recreate-pkg,--result-json,--skip-env,--skip-missing-interpreters,-e,-f,-k,-m,-s	-
tox d	-	--discover,--hashseed,--list-dependencies,--no-list-dependencies,--no-recreate-pkg,--result-json,--skip-env,-e	path
tox de	-	--discover,--hashseed,--list-dependencies,--no-list-dependencies,--result-json	-
tox depends	-	--discover,--hashseed,--list-dependencies,--no-list-dependencies,--result-json	-
tox devenv	-	--discover,--hashseed,--list-dependencies,--no-list-dependencies,--no-recreate-pkg,--result-json,--skip-env,-e	path
tox e	-	--develop,--discover,--hashseed,--installpkg,--list-dependencies,--no-list-dependencies,--no-recreate-pkg,--notest,--pkg-only,--result-json,--sdistonly,--skip-env,--skip-missing-interpreters,--skip-pkg-install,-b,-e,-n,-s	-
tox exec	-	--develop,--discover,--hashseed,--installpkg,--list-dependencies,--no-list-dependencies,--no-recreate-pkg,--notest,--pkg-only,--result-json,--sdistonly,--skip-env,--skip-missing-interpreters,--skip-pkg-install,-b,-e,-n,-s	-
tox l	-	--alwayscopy,--develop,--devenv,--discover,--force-dep,--hashseed,--help-ini,--hi,--installpkg,--list-dependencies,--listenvs,--listenvs-all,--no-list-dependencies,--no-recreate-pkg,--notest,--parallel,--parallel-live,--parallel-no-spinner,--pkg-only,--pre,--result-json,--sdistonly,--showconfig,--sitepackages,--skip-env,--skip-missing-interpreters,--skip-pkg-install,-a,-b,-e,-f,-l,-m,-n,-o,-p,-s	-
tox legacy	-	--alwayscopy,--develop,--devenv,--discover,--force-dep,--hashseed,--help-ini,--hi,--installpkg,--list-dependencies,--listenvs,--listenvs-all,--no-list-dependencies,--no-recreate-pkg,--notest,--parallel,--parallel-live,--parallel-no-spinner,--pkg-only,--pre,--result-json,--sdistonly,--showconfig,--sitepackages,--skip-env,--skip-missing-interpreters,--skip-pkg-install,-a,-b,-e,-f,-l,-m,-n,-o,-p,-s	-
tox list	-	--skip-env,-d,-f,-m	-
tox p	-	--develop,--discover,--hashseed,--installpkg,--list-dependencies,--no-list-dependencies,--no-recreate-pkg,--notest,--parallel,--parallel-live,--parallel-no-spinner,--pkg-only,--result-json,--sdistonly,--skip-env,--skip-missing-interpreters,--skip-pkg-install,-b,-e,-f,-m,-n,-o,-p,-s	-
tox q	-	-	path
tox quickstart	-	-	path
tox r	-	--develop,--discover,--hashseed,--installpkg,--list-dependencies,--no-list-dependencies,--no-recreate-pkg,--notest,--pkg-only,--result-json,--sdistonly,--skip-env,--skip-missing-interpreters,--skip-pkg-install,-b,-e,-f,-m,-n,-s	-
tox run	-	--develop,--discover,--hashseed,--installpkg,--list-dependencies,--no-list-dependencies,--no-recreate-pkg,--notest,--pkg-only,--result-json,--sdistonly,--skip-env,--skip-missing-interpreters,--skip-pkg-install,-b,-e,-f,-m,-n,-s	-
tox run-parallel	-	--develop,--discover,--hashseed,--installpkg,--list-dependencies,--no-list-dependencies,--no-recreate-pkg,--notest,--parallel,--parallel-live,--parallel-no-spinner,--pkg-only,--result-json,--sdistonly,--skip-env,--skip-missing-interpreters,--skip-pkg-install,-b,-e,-f,-m,-n,-o,-p,-s	-
tr	-	--delete,--help,--squeeze-repeats,--truncate-set1,--version,-d,-s,-t	-
traefik	-	-	-
transmission-cli	-	--blocklist,--config-dir,--downlimit,--download-dir,--encryption-preferred,--encryption-required,--encryption-tolerated,--finish,--help,--no-blocklist,--no-downlimit,--no-portmap,--no-uplimit,--port,--portmap,--tos,--uplimit,--verify,--version,-B,-D,-M,-U,-V,-b,-d,-ep,-er,-et,-f,-g,-h,-m,-p,-u,-v,-w	path
transmission-create	-	--anonymize,--comment,--help,--outfile,--piecesize,--private,--source,--tracker,--version,--webseed,-V,-c,-h,-o,-p,-r,-s,-t,-w	path
transmission-daemon	-	--allowed,--auth,--bind-address-ipv4,--bind-address-ipv6,--blocklist,--config-dir,--dht,--download-dir,--dump,--encryption-preferred,--encryption-required,--encryption-tolerated,--foreground,--help,--incomplete-dir,--log-debug,--log-error,--log-info,--logfile,--no-auth,--no-blocklist,--no-dht,--no-global-seedratio,--no-incomplete-dir,--no-portmap,--no-utp,--password,--paused,--peerlimit-global,--peerlimit-torrent,--peerport,--pid-file,--port,--portmap,--rpc-bind-address,--username,--utp,--version,-B,-C,-GSR,-I,-L,-M,-O,-P,-T,-V,-a,-b,-c,-d,-e,-ep,-er,-et,-f,-g,-gsr,-h,-i,-l,-m,-o,-p,-r,-t,-u,-v,-w,-x	-
transmission-edit	-	--add,--delete,--help,--replace,--source,--version,-V,-a,-d,-h,-r,-s	path
transmission-remote	-	--add,--alt-speed,--alt-speed-days,--alt-speed-downlimit,--alt-speed-scheduler,--alt-speed-time-begin,--alt-speed-time-end,--alt-speed-uplimit,--auth,--authenv,--bandwidth-high,--bandwidth-low,--bandwidth-normal,--blocklist-update,--cache,--debug,--dht,--downlimit,--download-dir,--encryption-preferred,--encryption-required,--encryption-tolerated,--exit,--files,--filter,--find,--get,--help,--honor-session,--incomplete-dir,--info,--info-files,--info-peers,--info-pieces,--info-trackers,--json,--labels,--lds,--list,--move,--netrc,--no-alt-speed,--no-alt-speed-scheduler,--no-dht,--no-downlimit,--no-get,--no-honor-session,--no-incomplete-dir,--no-lds,--no-pex,--no-portmap,--no-seedratio,--no-start-paused,--no-torrent-done-script,--no-trash-torrent,--no-uplimit,--no-utp,--path,--peer-info,--peers,--pex,--port,--portmap,--print-ids,--priority-high,--priority-low,--priority-normal,--reannounce,--remove,--remove-and-delete,--rename,--seedratio,--seedratio-default,--session-info,--session-stats,--start,--start-paused,--stop,--torrent,--torrent-done-script,--trash-torrent,--uplimit,--utp,--verify,--version,-AS,-ASC,-Bh,-Bl,-Bn,-C,-D,-F,-G,-GSR,-HL,-L,-M,-N,-O,-S,-SR,-U,-V,-X,-Y,-a,-as,-asc,-asd,-asu,-b,-d,-e,-ep,-er,-et,-f,-g,-gsr,-h,-hl,-i,-ic,-ids,-if,-ip,-it,-j,-l,-m,-n,-ne,-o,-p,-ph,-pi,-pl,-pn,-pr,-r,-rad,-s,-si,-sr,-srd,-st,-t,-u,-v,-w,-x,-y	path
transmission-show	-	--help,--magnet,--scrape,--version,-V,-h,-m,-s	path
tree	-	--charset,--device,--dirsfirst,--fromfile,--help,--inodes,--matchdirs,--nolinks,--noreport,--si,--sort,--version,-A,-C,-D,-F,-H,-I,-J,-L,-N,-P,-Q,-R,-S,-T,-U,-X,-a,-c,-d,-f,-g,-h,-i,-l,-n,-o,-p,-q,-r,-s,-t,-u,-v,-x	path
truncate	-	--help,--io-blocks,--no-create,--reference,--size,--version,-c,-o,-r,-s	path
ts	-	-i,-m,-r,-s	-
tsc	-	--all,--allowJs,--allowSyntheticDefaultImports,--allowUmdGlobalAccess,--allowUnreachableCode,--allowUnusedLabels,--alwaysStrict,--assumeChangesOnlyAffectDirectDependencies,--baseUrl,--build,--checkJs,--clean,--composite,--declaration,--declarationDir,--declarationMap,--diagnostics,--disableReferencedProjectLoad,--disableSizeLimit,--disableSolutionSearching,--disableSourceOfProjectReferenceRedirect,--downlevelIteration,--dry,--emitBOM,--emitDeclarationOnly,--emitDecoratorMetadata,--esModuleInterop,--exactOptionalPropertyTypes,--excludeDirectories,--excludeFiles,--experimentalDecorators,--explainFiles,--extendedDiagnostics,--fallbackPolling,--force,--forceConsistentCasingInFileNames,--generateCpuProfile,--generateTrace,--help,--importHelpers,--importsNotUsedAsValues,--incremental,--init,--inlineSourceMap,--inlineSources,--isolatedModules,--jsx,--jsxFactory,--jsxFragmentFactory,--jsxImportSource,--lib,--listEmittedFiles,--listFiles,--listFilesOnly,--locale,--mapRoot,--maxNodeModuleJsDepth,--module,--moduleResolution,--newLine,--noEmit,--noEmitHelpers,--noEmitOnError,--noErrorTruncation,--noFallthroughCasesInSwitch,--noImplicitAny,--noImplicitOverride,--noImplicitReturns,--noImplicitThis,--noLib,--noPropertyAccessFromIndexSignature,--noResolve,--noUncheckedIndexedAccess,--noUnusedLocals,--noUnusedParameters,--outDir,--outFile,--paths,--plugins,--preserveConstEnums,--preserveSymlinks,--preserveWatchOutput,--pretty,--reactNamespace,--removeComments,--resolveJsonModule,--rootDir,--rootDirs,--showConfig,--skipDefaultLibCheck,--skipLibCheck,--sourceMap,--sourceRoot,--strict,--strictBindCallApply,--strictFunctionTypes,--strictNullChecks,--strictPropertyInitialization,--stripInternal,--synchronousWatchDirectory,--target,--traceResolution,--tsBuildInfoFile,--typeRoots,--types,--useDefineForClassFields,--useUnknownInCatchVariables,--verbose,--version,--watch,--watchDirectory,--watchFile,-d,-f,-h,-i,-m,-t,-v,-w	path
tsh	app,apps,aws,az,clusters,config,db,device,env,gcloud,gcp,gsutil,headless,help,join,kube,kubectl,login,logout,ls,mfa,play,proxy,recording,recordings,request,requests,scp,ssh,status,version	--add-keys-to-agent,--auth,--bind-addr,--cert-format,--compat,--completion-bash,--completion-script-bash,--completion-script-zsh,--cpu-profile,--debug,--enable-escape-sequences,--headless,--help,--help-long,--help-man,--identity,--insecure,--jumphost,--login,--mem-profile,--mfa-mode,--mlock,--namespace,--no-completion-bash,--no-completion-script-bash,--no-completion-script-zsh,--no-debug,--no-enable-escape-sequences,--no-headless,--no-help,--no-help-long,--no-help-man,--no-insecure,--no-nocache,--no-skip-version-check,--no-trace,--no-use-local-ssh-agent,--nocache,--option,--proxy,--skip-version-check,--trace,--trace-exporter,--trace-profile,--ttl,--use-local-ssh-agent,--user,-J,-d,-h,-i,-k,-l,-o	-
tsh app	config,login,logout,ls	-	-
tsh app config	-	--format,-f	-
tsh app login	-	--aws-role,--azure-identity,--cluster,--gcp-service-account,--no-quiet,--quiet,-c,-q	-
tsh app logout	-	-	-
tsh app ls	-	--all,--cluster,--format,--no-all,--no-verbose,--query,--search,--verbose,-R,-c,-f,-v	-
tsh apps	config,login,logout,ls	-	-
tsh apps config	-	--format,-f	-
tsh apps login	-	--aws-role,--azure-identity,--cluster,--gcp-service-account,--no-quiet,--quiet,-c,-q	-
tsh apps logout	-	-	-
tsh apps ls	-	--all,--cluster,--format,--no-all,--no-verbose,--query,--search,--verbose,-R,-c,-f,-v	-
tsh aws	-	--app,--endpoint-url,--exec,--no-endpoint-url,-e	path
tsh az	-	--app	path
tsh clusters	-	--format,--no-quiet,--quiet,-f,-q	-
tsh config	-	-	-
tsh db	config,connect,env,login,logout,ls	--cluster,-c	-
tsh db config	-	--db,--format,-f	-
tsh db connect	-	--db-name,--db-user	-
tsh db env	-	--db,--format,-f	-
tsh db login	-	--db-name,--db-user	-
tsh db logout	-	-	-
tsh db ls	-	--all,--format,--no-all,--no-verbose,--query,--search,--verbose,-R,-f,-v	-
tsh device	enroll	-	-
tsh device enroll	-	--token	-
tsh env	-	--format,--no-unset,--unset,-f	-
tsh gcloud	-	--app	path
tsh gcp	-	--app	path
tsh gsutil	-	--app	path
tsh headless	approve	-	-
tsh headless approve	-	--no-skip-confirm,--skip-confirm	-
tsh help	-	-	-
tsh join	-	--cluster,--invite,--mode,--reason,-c,-m	-
tsh kube	exec,join,login,ls,sessions	-	-
tsh kube exec	-	--container,--filename,--invite,--no-participant-req,--no-quiet,--no-stdin,--no-tty,--participant-req,--quiet,--reason,--stdin,--tty,-c,-f,-q,-s,-t	-
tsh kube join	-	--cluster,--mode,-c,-m	-
tsh kube login	-	--all,--as,--as-groups,--cluster,--kube-namespace,--no-all,--set-context-name,-c,-n	path
tsh kube ls	-	--all,--cluster,--format,--no-all,--no-quiet,--no-verbose,--query,--quiet,--search,--verbose,-R,-c,-f,-q,-v	-
tsh kube sessions	-	--cluster,--format,-c,-f	-
tsh kubectl	-	-	-
tsh login	-	--browser,--format,--kube-cluster,--no-overwrite,--no-request-nowait,--no-verbose,--out,--overwrite,--request-id,--request-nowait,--request-reason,--request-reviewers,--request-roles,--verbose,-f,-v	-
tsh logout	-	-	-
tsh ls	-	--all,--cluster,--format,--no-all,--no-verbose,--query,--search,--verbose,-R,-c,-f,-v	-
tsh mfa	add,ls,rm	-	-
tsh mfa add	-	--name,--type	-
tsh mfa ls	-	--format,--no-verbose,--verbose,-f,-v	-
tsh mfa rm	-	-	-
tsh play	-	--cluster,--format,-c,-f	-
tsh proxy	app,aws,az,azure,db,gcloud,gcp,kube,ssh	-	-
tsh proxy app	-	--port,-p	-
tsh proxy aws	-	--app,--endpoint-url,--format,--no-endpoint-url,--port,-e,-f,-p	-
tsh proxy az	-	--app,--format,--port,-f,-p	-
tsh proxy azure	-	--app,--format,--port,-f,-p	-
tsh proxy db	-	--cert-file,--cluster,--db-name,--db-user,--key-file,--no-tunnel,--port,--tunnel,-c,-p	-
tsh proxy gcloud	-	--app,--format,--port,-f,-p	-
tsh proxy gcp	-	--app,--format,--port,-f,-p	-
tsh proxy kube	-	--as,--as-groups,--cluster,--exec,--format,--kube-namespace,--labels,--port,--set-context-name,-c,-f,-n,-p	path
tsh proxy ssh	-	--cluster,-c	-
tsh recording	export,ls	-	-
tsh recording export	-	--out	-
tsh recording ls	-	--format,--from-utc,--last,--limit,--to-utc,-f	-
tsh recordings	export,ls	-	-
tsh recordings export	-	--out	-
tsh recordings ls	-	--format,--from-utc,--last,--limit,--to-utc,-f	-
tsh request	create,details,drop,list,ls,new,review,search,show	-	-
tsh request create	-	--no-nowait,--nowait,--reason,--request-ttl,--resource,--reviewers,--roles,--session-ttl	-
tsh request details	-	--format,-f	-
tsh request drop	-	-	-
tsh request list	-	--format,--my-requests,--no-my-requests,--no-reviewable,--no-suggested,--reviewable,--suggested,-f	-
tsh request ls	-	--format,--my-requests,--no-my-requests,--no-reviewable,--no-suggested,--reviewable,--suggested,-f	-
tsh request new	-	--no-nowait,--nowait,--reason,--request-ttl,--resource,--reviewers,--roles,--session-ttl	-
tsh request review	-	--approve,--deny,--no-approve,--no-deny,--reason	-
tsh request search	-	--all-kube-namespaces,--kind,--kube-cluster,--kube-namespace,--labels,--no-all-kube-namespaces,--query,--search	-
tsh request show	-	--format,-f	-
tsh requests	create,details,drop,list,ls,new,review,search,show	-	-
tsh requests create	-	--no-nowait,--nowait,--reason,--request-ttl,--resource,--reviewers,--roles,--session-ttl	-
tsh requests details	-	--format,-f	-
tsh requests drop	-	-	-
tsh requests list	-	--format,--my-requests,--no-my-requests,--no-reviewable,--no-suggested,--reviewable,--suggested,-f	-
tsh requests ls	-	--format,--my-requests,--no-my-requests,--no-reviewable,--no-suggested,--reviewable,--suggested,-f	-
tsh requests new	-	--no-nowait,--nowait,--reason,--request-ttl,--resource,--reviewers,--roles,--session-ttl	-
tsh requests review	-	--approve,--deny,--no-approve,--no-deny,--reason	-
tsh requests search	-	--all-kube-namespaces,--kind,--kube-cluster,--kube-namespace,--labels,--no-all-kube-namespaces,--query,--search	-
tsh requests show	-	--format,-f	-
tsh scp	-	--cluster,--no-preserve,--no-quiet,--no-recursive,--port,--preserve,--quiet,--recursive,-P,-c,-p,-q,-r	-
tsh ssh	-	--cluster,--disable-access-request,--dynamic-forward,--forward,--forward-agent,--local,--no-disable-access-request,--no-forward-agent,--no-local,--no-no-remote-exec,--no-participant-req,--no-remote-exec,--no-tty,--no-x11-trusted,--no-x11-untrusted,--option,--participant-req,--port,--request-reason,--tty,--x11-trusted,--x11-untrusted,--x11-untrusted-timeout,-A,-D,-L,-N,-X,-Y,-c,-o,-p,-t	-
tsh status	-	--format,--no-verbose,--verbose,-f,-v	-
tsh version	-	--client,--format,--no-client,-f	-
tshark	-	--autostop,--buffer-size,--capture-comment,--color,--disable-heuristic,--disable-protocol,--elastic-mapping-filter,--enable-heuristic,--enable-protocol,--export-objects,--help,--interface,--linktype,--list-data-link-types,--list-interfaces,--list-time-stamp-types,--monitor-mode,--no-duplicate-keys,--no-promiscuous-mode,--print,--read-file,--ring-buffer,--snapshot-length,--time-stamp-type,--version,-2,-B,-C,-D,-E,-F,-G,-H,-I,-J,-K,-L,-M,-N,-O,-P,-Q,-S,-T,-U,-V,-W,-X,-a,-b,-c,-d,-e,-f,-g,-h,-i,-j,-l,-n,-o,-p,-q,-r,-s,-t,-u,-v,-w,-x,-y,-z	-
tsort	-	--help,--version	path
tty	-	--help,--quiet,--silent,--version,-s	-
ttyd	-	--auth-header,--base-path,--browser,--check-origin,--client-option,--credential,--cwd,--debug,--gid,--help,--index,--interface,--ipv6,--max-clients,--once,--ping-interval,--port,--readonly,--signal,--ssl,--ssl-ca,--ssl-cert,--ssl-key,--terminal-type,--uid,--url-arg,--version,-6,-A,-B,-C,-H,-I,-K,-O,-P,-R,-S,-T,-a,-b,-c,-d,-g,-h,-i,-m,-o,-p,-s,-t,-u,-v,-w	path
turbo	bin,completion,daemon,link,login,logout,prune,run,unlink	--api,--cache-dir,--cache-workers,--color,--concurrency,--continue,--cpuprofile,--cwd,--dry-run,--filter,--force,--global-deps,--graph,--heap,--help,--ignore,--include-dependencies,--log-prefix,--login,--no-cache,--no-color,--no-daemon,--no-deps,--output-logs,--parallel,--preflight,--profile,--remote-only,--scope,--since,--single-package,--skip-infer,--team,--token,--trace,--verbosity,--version,-h	-
turbo bin	-	-	-
turbo completion	-	-	-
turbo daemon	restart,start,status,stop	-	-
turbo daemon restart	-	-	-
turbo daemon start	-	-	-
turbo daemon status	-	-	-
turbo daemon stop	-	-	-
turbo link	-	-	-
turbo login	-	-	-
turbo logout	-	-	-
turbo prune	-	-	-
turbo run	-	--cache-dir,--cache-workers,--concurrency,--continue,--dry-run,--filter,--force,--global-deps,--graph,--ignore,--include-dependencies,--log-prefix,--no-cache,--no-daemon,--no-deps,--output-logs,--parallel,--profile,--remote-only,--scope,--since	path
turbo unlink	-	-	-
typst	c,compile,completions,fonts,help,info,init,query,update,w,watch	--cert,--color,--help,--version,-V,-h	-
typst c	-	--creation-timestamp,--deps,--deps-format,--diagnostic-format,--features,--font-path,--format,--help,--ignore-embedded-fonts,--ignore-system-fonts,--input,--jobs,--make-deps,--no-pdf-tags,--open,--package-cache-path,--package-path,--pages,--pdf-standard,--ppi,--root,--timings,-f,-h,-j	path
typst compile	-	--creation-timestamp,--deps,--deps-format,--diagnostic-format,--features,--font-path,--format,--help,--ignore-embedded-fonts,--ignore-system-fonts,--input,--jobs,--make-deps,--no-pdf-tags,--open,--package-cache-path,--package-path,--pages,--pdf-standard,--ppi,--root,--timings,-f,-h,-j	path
typst completions	-	-	-
typst fonts	-	--font-path,--help,--ignore-embedded-fonts,--ignore-system-fonts,--variants,-h	-
typst help	-	-	-
typst info	-	--format,--pretty,-f	-
typst init	-	--help,--package-cache-path,--package-path,-h	-
typst query	-	--creation-timestamp,--diagnostic-format,--features,--field,--font-path,--format,--help,--ignore-embedded-fonts,--ignore-system-fonts,--input,--jobs,--one,--package-cache-path,--package-path,--pretty,--root,--target,-f,-h,-j	-
typst update	-	--backup-path,--force,--revert	-
typst w	-	--creation-timestamp,--deps,--deps-format,--diagnostic-format,--features,--font-path,--format,--help,--ignore-embedded-fonts,--ignore-system-fonts,--input,--jobs,--make-deps,--no-pdf-tags,--no-reload,--no-serve,--open,--package-cache-path,--package-path,--pages,--pdf-standard,--port,--ppi,--root,--timings,-f,-h,-j	path
typst watch	-	--creation-timestamp,--deps,--deps-format,--diagnostic-format,--features,--font-path,--format,--help,--ignore-embedded-fonts,--ignore-system-fonts,--input,--jobs,--make-deps,--no-pdf-tags,--no-reload,--no-serve,--open,--package-cache-path,--package-path,--pages,--pdf-standard,--port,--ppi,--root,--timings,-f,-h,-j	path
ufw	allow,app,default,delete,deny,disable,enable,insert,limit,logging,prepend,reject,reload,reset,route,show,status,version	--dry-run,--force,--help,--version,-h	-
ufw allow	-	-	-
ufw app	default,info,list,update	-	-
ufw app default	-	-	-
ufw app info	-	-	path
ufw app list	-	-	-
ufw app update	-	--add-new	path
ufw default	-	-	-
ufw delete	-	-	-
ufw deny	-	-	-
ufw disable	-	-	-
ufw enable	-	-	-
ufw insert	-	-	-
ufw limit	-	-	-
ufw logging	-	-	-
ufw prepend	-	-	-
ufw reject	-	-	-
ufw reload	-	-	-
ufw reset	-	-	-
ufw route	delete,insert	-	-
ufw route delete	-	-	-
ufw route insert	-	-	-
ufw show	-	-	-
ufw status	-	-	-
ufw version	-	-	-
umount	-	--all,--all-targets,--detach-loop,--fake,--force,--help,--internal-only,--lazy,--namespace,--no-canonicalize,--no-mtab,--quiet,--read-only,--recursive,--test-opts,--types,--verbose,--version,-A,-N,-O,-R,-V,-a,-c,-d,-f,-h,-i,-l,-n,-q,-r,-t,-v	path
uname	-	--all,--hardware-platform,--help,--kernel-name,--kernel-release,--kernel-version,--machine,--nodename,--operating-system,--processor,--version,-a,-i,-m,-n,-o,-p,-r,-s,-v	-
unbrotli	-	-	path
unexpand	-	--all,--first-only,--help,--tabs,--version,-a,-t	path
uniq	-	--all-repeated,--check-chars,--count,--group,--help,--ignore-case,--repeated,--skip-chars,--skip-fields,--unique,--version,--zero-terminated,-D,-c,-d,-f,-i,-s,-u,-w,-z	path
unlink	-	--help,--version	path
unlzma	-	-	path
unpigz	-	-	path
unset-env	-	-	-
unxz	-	-	path
unzip	-	-C,-K,-L,-M,-T,-U,-V,-X,-Z,-a,-d,-f,-j,-l,-n,-o,-p,-q,-t,-u,-v,-x,-z	path
upower	-	--dump,--enumerate,--help,--monitor,--monitor-detail,--show-info,--version,-d,-e,-h,-i,-m,-v	-
uptime	-	--container,--help,--pretty,--raw,--since,--version,-V,-c,-h,-p,-r,-s	-
upx	-	--8-bit,--8086,--8mib-ram,--backup,--boot-only,--brute,--coff,--color,--compress-exports,--compress-icons,--compress-resources,--keep-resource,--le,--mono,--no-align,--no-backup,--no-color,--no-progress,--no-reloc,--overlay,--preserve-build-id,--strip-relocs,--ultra-brute,-1,-2,-3,-4,-5,-6,-7,-8,-9,-L,-V,-d,-f,-h,-k,-l,-o,-q,-t,-v	path
useradd	-	--badnames,--base-dir,--btrfs-subvolume-home,--comment,--create-home,--defaults,--expiredate,--gid,--groups,--help,--home-dir,--inactive,--key,--no-create-home,--no-log-init,--no-user-group,--non-unique,--password,--prefix,--root,--shell,--skel,--system,--uid,--user-group,-D,-G,-K,-M,-N,-P,-R,-U,-b,-c,-d,-e,-f,-g,-h,-k,-l,-m,-o,-p,-r,-s,-u	-
userdel	-	--force,--help,--prefix,--remove,--root,-P,-R,-f,-h,-r	-
usermod	-	--add-subgids,--add-subuids,--append,--badnames,--comment,--del-subgids,--del-subuids,--expiredate,--gid,--groups,--help,--home,--inactive,--lock,--login,--move-home,--non-unique,--password,--prefix,--root,--shell,--uid,--unlock,-G,-L,-P,-R,-U,-V,-W,-a,-b,-c,-d,-e,-f,-g,-h,-l,-m,-o,-p,-s,-u,-v,-w	-
users	-	--help,--version	path
vagrant	autocomplete,box,cloud,destroy,global-status,halt,help,init,package,plugin,port,powershell,provision,push,rdp,reload,resume,snapshot,ssh,ssh-config,status,suspend,up,upload,validate,version,winrm,winrm-config	--color,--debug,--debug-timestamp,--help,--machine-readable,--no-color,--no-tty,--timestamp,--version,-h,-v	-
vagrant autocomplete	install	-	-
vagrant autocomplete install	-	--bash,--zsh,-b,-z	-
vagrant box	add,list,outdated,prune,remove	-	-
vagrant box add	-	--box-version,--cacert,--capath,--cert,--checksum,--checksum-type,--clean,--force,--insecure,--location-trusted,--name,--provider,-c,-f	path
vagrant box list	-	--box-info,-i	-
vagrant box outdated	-	--cacert,--capath,--cert,--force,--global,--insecure,-f	-
vagrant box prune	-	--dry-run,--force,--keep-active-boxes,--name,--provider,-f,-k,-n,-p	-
vagrant box remove	-	--all,--box-version,--force,--provider,-f	path
vagrant cloud	auth,box,provider,publish,search,version	-	-
vagrant cloud auth	login,logout,whoami	-	-
vagrant cloud auth login	-	--check,--description,--token,-c,-d,-t	-
vagrant cloud auth logout	-	-	-
vagrant cloud auth whoami	-	-	-
vagrant cloud box	create,delete,show,update	-	-
vagrant cloud box create	-	--description,--no-private,--private,-d,-p	-
vagrant cloud box delete	-	--force,--no-force,-f	path
vagrant cloud box show	-	--auth,--no-auth	path
vagrant cloud box update	-	--description,--no-private,--private,--short-description,-d,-p,-s	path
vagrant cloud provider	create,delete,update,upload	-	-
vagrant cloud provider create	-	--checksum,--checksum-type,-C,-c	path
vagrant cloud provider delete	-	--force,--no-force,-f	path
vagrant cloud provider update	-	--checksum,--checksum-type,-C,-c	path
vagrant cloud provider upload	-	--direct,--no-direct,-D	path
vagrant cloud publish	-	--box-version,--checksum,--checksum-type,--description,--direct-upload,--force,--no-direct-upload,--no-force,--no-private,--no-release,--private,--release,--short-description,--url,--version-description,-C,-c,-d,-f,-p,-r,-s	path
vagrant cloud search	-	--auth,--json,--limit,--no-auth,--order,--page,--provider,--short,--sort-by,-j,-l,-o,-p,-s	-
vagrant cloud version	create,delete,release,revoke,update	-	-
vagrant cloud version create	-	--description,-d	path
vagrant cloud version delete	-	--force,--no-force,-f	path
vagrant cloud version release	-	--force,--no-force,-f	path
vagrant cloud version revoke	-	--force,--no-force,-f	path
vagrant cloud version update	-	--description,-d	path
vagrant destroy	-	--force,--graceful,--no-parallel,--parallel,-f,-g	path
vagrant global-status	-	--prune	-
vagrant halt	-	--force,-f	path
vagrant help	-	-	-
vagrant init	-	--box-version,--force,--minimal,--output,--template,-f,-m	path
vagrant package	-	--base,--include,--info,--output,--vagrantfile	-
vagrant plugin	expunge,install,license,list,repair,uninstall,update	-	-
vagrant plugin expunge	-	--force,--global-only,--local,--local-only,--reinstall	-
vagrant plugin install	-	--entry-point,--local,--plugin-clean-sources,--plugin-source,--plugin-version,--verbose	-
vagrant plugin license	-	-	path
vagrant plugin list	-	--local	-
vagrant plugin repair	-	--local	-
vagrant plugin uninstall	-	--local	path
vagrant plugin update	-	--local	path
vagrant port	-	--guest	path
vagrant powershell	-	--command,--elevated,-c,-e	-
vagrant provision	-	--provision-with	path
vagrant push	-	-	-
vagrant rdp	-	-	path
vagrant reload	-	--force,--no-provision,--provision,--provision-with,-f	path
vagrant resume	-	--no-provision,--provision,--provision-with	path
vagrant snapshot	delete,list,pop,push,restore,save	-	-
vagrant snapshot delete	-	-	path
vagrant snapshot list	-	-	path
vagrant snapshot pop	-	--no-delete,--no-provision,--no-start,--provision,--provision-with	path
vagrant snapshot push	-	-	path
vagrant snapshot restore	-	--no-provision,--no-start,--provision,--provision-with	path
vagrant snapshot save	-	--force,-f	path
vagrant ssh	-	--command,--no-tty,--plain,--tty,-c,-p,-t	path
vagrant ssh-config	-	--host	path
vagrant status	-	-	path
vagrant suspend	-	--all-global,-a	path
vagrant up	-	--destroy-on-error,--install-provider,--no-destroy-on-error,--no-install-provider,--no-parallel,--no-provision,--parallel,--provider,--provision,--provision-with	path
vagrant upload	-	--compress,--compression-type,--temporary,-C,-c,-t	path
vagrant validate	-	--ignore-provider,-p	-
vagrant version	-	-	-
vagrant winrm	-	--command,--elevated,--shell,-c,-e,-s	path
vagrant winrm-config	-	--host	path
vdir	-	--all,--almost-all,--author,--block-size,--classify,--color,--context,--dereference,--dereference-command-line,--dereference-command-line-symlink-to-dir,--directory,--dired,--escape,--file-type,--format,--full-time,--group-directories-first,--help,--hide,--hide-control-chars,--human-readable,--hyperlink,--ignore,--ignore-backups,--indicator-style,--inode,--kibibytes,--literal,--no-group,--numeric-uid-gid,--quote-name,--quoting-style,--recursive,--reverse,--show-control-chars,--si,--size,--sort,--tabsize,--time,--time-style,--version,--width,-1,-A,-B,-C,-D,-F,-G,-H,-I,-L,-N,-Q,-R,-S,-T,-U,-X,-Z,-a,-b,-c,-d,-f,-g,-h,-i,-k,-l,-m,-n,-o,-q,-r,-s,-t,-u,-v,-w,-x	path
vercel	billing,certs,deploy,dev,dns,domains,env,help,init,inspect,link,list,login,logout,logs,ls,projects,remove,rm,secrets,switch,teams,whoami	--build-env,--confirm,--debug,--env,--force,--global-config,--help,--local-config,--meta,--no-clipboard,--platform-version,--prod,--public,--regions,--scope,--token,--version,--with-cache,-A,-C,-Q,-S,-V,-b,-c,-d,-e,-f,-h,-m,-p,-t,-v	path
vercel billing	add,ls,rm,set-default	-	-
vercel billing add	-	-	-
vercel billing ls	-	-	-
vercel billing rm	-	-	-
vercel billing set-default	-	-	-
vercel certs	issue,ls,rm	--ca,--challenge-only,--crt,--key,--next,-N	-
vercel certs issue	-	-	-
vercel certs ls	-	-	-
vercel certs rm	-	-	-
vercel deploy	-	-	path
vercel dev	-	--listen,-l	-
vercel dns	add,import,ls,rm	-	-
vercel dns add	-	-	-
vercel dns import	-	-	-
vercel dns ls	-	-	-
vercel dns rm	-	-	-
vercel domains	add,buy,inspect,ls,move,rm,transfer-in	-	-
vercel domains add	-	-	-
vercel domains buy	-	-	-
vercel domains inspect	-	-	-
vercel domains ls	-	-	-
vercel domains move	-	-	-
vercel domains rm	-	-	-
vercel domains transfer-in	-	-	-
vercel env	add,ls,pull,rm	-	-
vercel env add	-	-	-
vercel env ls	-	-	-
vercel env pull	-	-	path
vercel env rm	-	-	path
vercel help	-	-	-
vercel init	-	-	-
vercel inspect	-	-	path
vercel link	-	-	path
vercel list	-	-	path
vercel login	-	-	-
vercel logout	-	-	-
vercel logs	-	-	path
vercel ls	-	-	path
vercel projects	add,ls,rm	-	-
vercel projects add	-	-	-
vercel projects ls	-	-	-
vercel projects rm	-	-	path
vercel remove	-	-	path
vercel rm	-	-	path
vercel secrets	add,ls,rename,rm	-	-
vercel secrets add	-	-	-
vercel secrets ls	-	-	-
vercel secrets rename	-	-	path
vercel secrets rm	-	-	path
vercel switch	-	-	path
vercel teams	add,invite,ls,switch	-	-
vercel teams add	-	-	-
vercel teams invite	-	-	-
vercel teams ls	-	-	-
vercel teams switch	-	-	path
vercel whoami	-	-	-
vhs	help,new,publish,record,serve,themes,validate	--help,--output,--publish,--quiet,--version,-h,-o,-p,-q,-v	path
vhs help	-	-	-
vhs new	-	-	-
vhs publish	-	-	path
vhs record	-	--shell,-s	-
vhs serve	-	-	-
vhs themes	-	--markdown	-
vhs validate	-	-	path
vi	-	-L,-R,-V,-c,-l,-r,-s,-t,-w	path
viewnior	-	--display,--fullscreen,--help,--help-all,--help-gtk,--slideshow,--version,-h	path
vim	-	--clean,--cmd,--help,--log,--noplugin,--not-a-term,--startuptime,--ttyfail,--version,-A,-C,-D,-E,-H,-L,-M,-N,-O,-R,-S,-T,-V,-W,-Z,-b,-c,-d,-e,-h,-i,-l,-m,-n,-o,-p,-r,-s,-u,-v,-w,-x,-y	path
visudo	-	--check,--file,--help,--quiet,--strict,--version,-V,-c,-f,-h,-q,-s	-
viu	-	--blocks,--frame-rate,--height,--help,--mirror,--name,--once,--recursive,--static,--transparent,--version,--width,-1,-V,-b,-f,-h,-m,-n,-r,-s,-t,-w	path
vivid	generate,help,preview,themes	--color-mode,--database,--help,--version,-V,-d,-h,-m	-
vivid generate	-	--help,-h	path
vivid help	-	-	-
vivid preview	-	--help,-h	path
vivid themes	-	--help,-h	-
vlc	-	--advanced,--aspect-ratio,--audio,--audio-filter,--audio-language,--audio-replay-gain-default,--audio-replay-gain-mode,--audio-replay-gain-preamp,--audio-time-stretch,--audio-visual,--auto-preparse,--autoscale,--bookmark1,--bookmark10,--bookmark2,--bookmark3,--bookmark4,--bookmark5,--bookmark6,--bookmark7,--bookmark8,--bookmark9,--config,--control,--crop,--custom-aspect-ratios,--custom-crop-ratios,--deinterlace,--deinterlace-mode,--dvd,--extraintf,--extrashort-jump-size,--force-dolby-surround,--full-help,--fullscreen,--global-key-aspect-ratio,--global-key-audio-track,--global-key-audiodevice-cycle,--global-key-crop,--global-key-decr-scalefactor,--global-key-deinterlace,--global-key-deinterlace-mode,--global-key-faster,--global-key-frame-next,--global-key-incr-scalefactor,--global-key-intf-show,--global-key-jump-extrashort,--global-key-jump-long,--global-key-jump-medium,--global-key-jump-short,--global-key-leave-fullscreen,--global-key-loop,--global-key-next,--global-key-play-pause,--global-key-program-sid-next,--global-key-program-sid-prev,--global-key-quit,--global-key-random,--global-key-rate-faster-fine,--global-key-rate-normal,--global-key-rate-slower-fine,--global-key-slower,--global-key-subtitle-revtrack,--global-key-subtitle-toggle,--global-key-subtitle-track,--global-key-toggle-autoscale,--global-key-toggle-fullscreen,--global-key-vol-down,--global-key-vol-mute,--global-key-vol-up,--global-key-wallpaper,--global-key-zoom-double,--global-key-zoom-half,--global-key-zoom-original,--global-key-zoom-quarter,--help,--help-verbose,--hotkeys-x-wheel-mode,--hotkeys-y-wheel-mode,--ignore-config,--ignore-filetypes,--input-fast-seek,--input-repeat,--input-title-format,--interact,--intf,--key-aspect-ratio,--key-audio-track,--key-audiodevice-cycle,--key-crop,--key-decr-scalefactor,--key-deinterlace,--key-deinterlace-mode,--key-faster,--key-frame-next,--key-incr-scalefactor,--key-intf-show,--key-jump-extrashort,--key-jump-long,--key-jump-medium,--key-jump-short,--key-leave-fullscreen,--key-loop,--key-next,--key-play-pause,--key-prev,--key-program-sid-next,--key-program-sid-prev,--key-quit,--key-random,--key-rate-faster-fine,--key-rate-normal,--key-rate-slower-fine,--key-slower,--key-stop,--key-subtitle-revtrack,--key-subtitle-toggle,--key-subtitle-track,--key-toggle-autoscale,--key-toggle-fullscreen,--key-vol-down,--key-vol-mute,--key-vol-up,--key-wallpaper,--key-zoom-double,--key-zoom-half,--key-zoom-original,--key-zoom-quarter,--list,--list-verbose,--long-jump-size,--longhelp,--loop,--media-library,--medium-jump-size,--menu-language,--metadata-network-access,--module,--mouse-hide-timeout,--no-advanced,--no-audio,--no-audio-time-stretch,--no-auto-preparse,--no-autoscale,--no-full-help,--no-fullscreen,--no-help,--no-help-verbose,--no-ignore-config,--no-input-fast-seek,--no-interact,--no-list,--no-list-verbose,--no-longhelp,--no-loop,--no-media-library,--no-metadata-network-access,--no-osd,--no-play-and-exit,--no-play-and-stop,--no-playlist-autostart,--no-playlist-cork,--no-playlist-tree,--no-random,--no-repeat,--no-reset-config,--no-reset-plugins-cache,--no-show-hiddenfiles,--no-snapshot-preview,--no-snapshot-sequential,--no-spu,--no-start-paused,--no-sub-autodetect-file,--no-version,--no-video-on-top,--no-video-title-show,--no-video-wallpaper,--open,--osd,--pidfile,--play-and-exit,--play-and-stop,--playlist-autostart,--playlist-cork,--playlist-tree,--preferred-resolution,--preparse-timeout,--random,--rate,--recursive,--repeat,--reset-config,--reset-plugins-cache,--short-jump-size,--show-hiddenfiles,--snapshot-format,--snapshot-path,--snapshot-prefix,--snapshot-preview,--snapshot-sequential,--spu,--start-paused,--stream-filter,--sub-autodetect-file,--sub-file,--sub-filter,--sub-language,--sub-source,--sub-text-scale,--vcd,--verbose,--version,--video-filter,--video-on-top,--video-splitter,--video-title-position,--video-title-show,--video-title-timeout,--video-wallpaper,-H,-I,-L,-R,-Z,-f,-h,-l,-p,-v	path
vmstat	-	--active,--disk,--disk-sum,--forks,--help,--no-first,--one-header,--partition,--slabs,--stats,--timestamp,--unit,--version,--wide,-D,-S,-V,-a,-d,-f,-h,-m,-n,-p,-s,-t,-w,-y	-
volta	completions,fetch,help,install,list,pin,run,setup,uninstall,which	--help,--quiet,--verbose,--version,-h,-v	-
volta completions	-	--force,--help,--output,--quiet,--verbose,-f,-h,-o	-
volta fetch	-	--help,--quiet,--verbose,-h	path
volta help	-	-	-
volta install	-	--help,--quiet,--verbose,-h	path
volta list	-	--current,--default,--format,--help,--quiet,--verbose,-c,-d,-h	-
volta pin	-	--help,--quiet,--verbose,-h	path
volta run	-	--bundled-npm,--env,--help,--no-yarn,--node,--npm,--quiet,--verbose,--yarn,-h	-
volta setup	-	--help,--quiet,--verbose,-h	-
volta uninstall	-	--help,--quiet,--verbose,-h	path
volta which	-	--help,--quiet,--verbose,-h	-
w	-	--container,--from,--help,--ip-addr,--no-current,--no-header,--old-style,--pids,--short,--version,-V,-c,-f,-h,-i,-o,-p,-s,-u	-
watch	-	--beep,--chgexit,--color,--differences,--equexit,--errexit,--exec,--help,--interval,--no-color,--no-rerun,--no-title,--no-wrap,--precise,--shotsdir,--version,-C,-b,-c,-d,-e,-g,-h,-n,-p,-q,-r,-s,-t,-v,-w,-x	path
watchexec	-	--changes-only,--clear,--debounce,--exts,--filter,--force-poll,--help,--ignore,--no-default-ignore,--no-environment,--no-ignore,--no-meta,--no-process-group,--no-shell,--no-vcs-ignore,--notify,--on-busy-update,--postpone,--restart,--shell,--signal,--verbose,--version,--watch,--watch-when-idle,-N,-V,-W,-c,-d,-e,-f,-h,-i,-n,-p,-r,-s,-v,-w	path
watchgnupg	-	--force,--help,--tcp,--time-only,--verbose,--version	-
wc	-	--bytes,--chars,--files0-from,--help,--lines,--max-line-length,--version,--words,-L,-c,-l,-m,-w	path
webstorm	-	-	path
wezterm	cli,connect,help,imgcat,ls-fonts,record,replay,serial,set-working-directory,shell-completion,show-keys,ssh,start	--config,--config-file,--help,--skip-config,--version,-V,-h,-n	-
wezterm cli	activate-pane,activate-pane-direction,activate-tab,adjust-pane-size,get-pane-direction,get-text,help,kill-pane,list,list-clients,move-pane-to-new-tab,proxy,rename-workspace,send-text,set-tab-title,set-window-title,spawn,split-pane	--class,--help,--no-auto-start,--prefer-mux,-h	-
wezterm cli activate-pane	-	--help,--pane-id,-h	-
wezterm cli activate-pane-direction	-	--help,--pane-id,-h	-
wezterm cli activate-tab	-	--help,--no-wrap,--pane-id,--tab-id,--tab-index,--tab-relative,-h	-
wezterm cli adjust-pane-size	-	--amount,--help,--pane-id,-h	-
wezterm cli get-pane-direction	-	--help,--pane-id,-h	-
wezterm cli get-text	-	--end-line,--escapes,--help,--pane-id,--start-line,-h	-
wezterm cli help	-	-	-
wezterm cli kill-pane	-	--help,--pane-id,-h	-
wezterm cli list	-	--format,--help,-h	-
wezterm cli list-clients	-	--format,--help,-h	-
wezterm cli move-pane-to-new-tab	-	--help,--new-window,--pane-id,--window-id,--workspace,-h	-
wezterm cli proxy	-	--help,-h	-
wezterm cli rename-workspace	-	--help,--pane-id,--workspace,-h	-
wezterm cli send-text	-	--help,--no-paste,--pane-id,-h	-
wezterm cli set-tab-title	-	--help,--pane-id,--tab-id,-h	-
wezterm cli set-window-title	-	--help,--pane-id,--window-id,-h	-
wezterm cli spawn	-	--cwd,--domain-name,--help,--new-window,--pane-id,--window-id,--workspace,-h	path
wezterm cli split-pane	-	--bottom,--cells,--cwd,--help,--horizontal,--left,--move-pane-id,--pane-id,--percent,--right,--top,--top-level,-h	path
wezterm connect	-	--class,--help,--position,--workspace,-h	-
wezterm help	-	-	-
wezterm imgcat	-	--height,--help,--no-preserve-aspect-ratio,--width,-h	path
wezterm ls-fonts	-	--codepoints,--help,--list-system,--rasterize-ascii,--text,-h	-
wezterm record	-	--help,-h	path
wezterm replay	-	--cat,--explain,--explain-only,--help,-h	path
wezterm serial	-	--baud,--class,--help,--position,-h	path
wezterm set-working-directory	-	--help,-h	path
wezterm shell-completion	-	--help,--shell,-h	-
wezterm show-keys	-	--help,--key-table,--lua,-h	-
wezterm ssh	-	--class,--help,--position,--ssh-option,-h,-o,-v	path
wezterm start	-	--always-new-process,--attach,--class,--cwd,--domain,--help,--no-auto-connect,--position,--workspace,-h	path
wget	-	--accept,--accept-regex,--adjust-extension,--append-output,--ask-password,--auth-no-challenge,--background,--backup-converted,--backups,--base,--bind-address,--body-data,--body-file,--ca-certificate,--ca-directory,--certificate,--certificate-type,--ciphers,--compression,--config,--connect-timeout,--content-disposition,--content-on-error,--continue,--convert-file-only,--convert-links,--crl-file,--cut-dirs,--debug,--default-page,--delete-after,--directory-prefix,--dns-timeout,--domains,--exclude-directories,--exclude-domains,--execute,--follow-ftp,--follow-tags,--force-directories,--force-html,--ftp-password,--ftp-user,--ftps-clear-data-connection,--ftps-fallback-to-ftp,--ftps-implicit,--ftps-resume-ssl,--header,--help,--hsts-file,--http-password,--http-user,--https-only,--ignore-case,--ignore-length,--ignore-tags,--include-directories,--inet4-only,--inet6-only,--input-file,--keep-session-cookies,--level,--limit-rate,--load-cookies,--local-encoding,--max-redirect,--method,--mirror,--no-cache,--no-check-certificate,--no-clobber,--no-config,--no-cookies,--no-directories,--no-dns-cache,--no-glob,--no-host-directories,--no-hsts,--no-http-keep-alive,--no-if-modified-since,--no-iri,--no-netrc,--no-parent,--no-passive-ftp,--no-proxy,--no-remove-listing,--no-use-server-timestamps,--no-verbose,--no-warc-compression,--no-warc-digests,--no-warc-keep-log,--output-document,--output-file,--page-requisites,--password,--pinnedpubkey,--post-data,--post-file,--prefer-family,--preserve-permissions,--private-key,--private-key-type,--progress,--protocol-directories,--proxy-password,--proxy-user,--quiet,--quota,--random-wait,--read-timeout,--recursive,--referer,--regex-type,--reject,--reject-regex,--rejected-log,--relative,--remote-encoding,--report-speed,--restrict-file-names,--retr-symlinks,--retry-connrefused,--retry-on-http-error,--save-cookies,--save-headers,--secure-protocol,--server-response,--show-progress,--span-hosts,--spider,--start-pos,--strict-comments,--timeout,--timestamping,--tries,--trust-server-names,--unlink,--use-askpass,--user,--user-agent,--verbose,--version,--wait,--waitretry,--warc-cdx,--warc-dedup,--warc-file,--warc-header,--warc-max-size,--warc-tempdir,--xattr,-4,-6,-A,-B,-D,-E,-F,-H,-I,-K,-L,-N,-O,-P,-Q,-R,-S,-T,-U,-V,-X,-a,-b,-c,-d,-e,-h,-i,-k,-l,-m,-o,-p,-q,-r,-t,-v,-w,-x	path
whereis	-	--help,--version,-B,-M,-S,-V,-b,-f,-h,-l,-m,-s,-u	-
which	-	--all,--help,--read-alias,--read-functions,--show-dot,--show-tilde,--skip-alias,--skip-dot,--skip-functions,--skip-tilde,--tty-only,--version,-a,-i,-v	-
who	-	--all,--boot,--count,--dead,--heading,--help,--login,--lookup,--mesg,--message,--process,--runlevel,--short,--time,--users,--version,--writable,-H,-T,-a,-b,-d,-l,-m,-p,-q,-r,-s,-t,-u,-w	path
whoami	-	--help,--version	-
wine	-	--help,--version	path
wineboot	-	--end-session,--force,--help,--init,--kill,--restart,--shutdown,--update,-e,-f,-h,-i,-k,-r,-s,-u	-
winepath	-	--help,--long,--short,--unix,--windows,-0,-h,-l,-s,-u,-w	path
wineserver	-	--debug,--foreground,--help,--kill,--persistent,--version,--wait,-d,-f,-h,-k,-p,-v,-w	-
winetricks	annihilate,apps,benchmarks,dlls,fonts,games,list,list-all,list-cached,list-download,list-installed,list-manual-download,settings	--country,--ddrescue,--force,--gui,--help,--isolate,--keep_isos,--no-clean,--self-update,--torify,--unattended,--verbose,--verify,--version,-V,-f,-h,-k,-q,-r,-t,-v	-
winetricks annihilate	-	-	-
winetricks apps	list	-	-
winetricks apps list	-	-	-
winetricks benchmarks	list	-	-
winetricks benchmarks list	-	-	-
winetricks dlls	list	-	-
winetricks dlls list	-	-	-
winetricks fonts	list	-	-
winetricks fonts list	-	-	-
winetricks games	list	-	-
winetricks games list	-	-	-
winetricks list	-	-	-
winetricks list-all	-	-	-
winetricks list-cached	-	-	-
winetricks list-download	-	-	-
winetricks list-installed	-	-	-
winetricks list-manual-download	-	-	-
winetricks settings	list	-	-
winetricks settings list	-	-	-
wire	commands,diff,flags,gen,help,show,wire	-	-
wire commands	-	-	-
wire diff	-	-header_file,-tags	-
wire flags	-	-	-
wire gen	-	-header_file,-output_file_prefix,-tags	-
wire help	-	-	-
wire show	-	-tags	-
wire wire	-	-tags	-
wireshark	-	--autostop,--capture-comment,--disable-heuristic,--disable-protocol,--display,--display-filter,--enable-heuristic,--enable-protocol,--fullscreen,--help,--interface,--list-data-link-types,--list-interfaces,--list-time-stamp-types,--monitor-mode,--no-promiscuous-mode,--read-file,--read-filter,--ring-buffer,--snapshot-length,--time-stamp-type,--version,-C,-D,-H,-I,-J,-K,-L,-N,-P,-R,-S,-X,-Y,-a,-b,-d,-g,-h,-i,-j,-k,-l,-n,-o,-p,-r,-s,-t,-u,-v,-w,-z	-
wishlist	help,s,serve,server	--config,--help,--version,-c,-h,-v	-
wishlist help	-	-	-
wishlist s	-	-	-
wishlist serve	-	-	-
wishlist server	-	-	-
wl-mirror	-	--backend,--freeze,--fullscreen,--fullscreen-output,--help,--invert-colors,--no-fullscreen,--no-fullscreen-output,--no-invert-colors,--no-region,--no-show-cursor,--no-verbose,--region,--scaling,--show-cursor,--stream,--toggle-freeze,--transform,--unfreeze,--verbose,--version,-F,-S,-V,-b,-c,-f,-h,-i,-r,-s,-t,-v	path
woeusb	-	--about,--debug,--device,--help,--label,--no-color,--partition,--target-filesystem,--tgt-fs,--verbose,--version,--workaround-bios-boot-flag,-V,-d,-h,-l,-p,-v	path
wt	config,hook,list,merge,remove,step,switch	--config,--help,--verbose,--version,-C,-V,-h,-v	-
wt config	create,shell,show,state,update	--help,-h	-
wt config create	-	--help,--project,-h	-
wt config shell	init,install,show-theme,uninstall	--help,-h	-
wt config shell init	-	--cmd,--help,-h	-
wt config shell install	-	--cmd,--dry-run,--help,--yes,-h,-y	-
wt config shell show-theme	-	--help,-h	-
wt config shell uninstall	-	--dry-run,--help,--yes,-h,-y	-
wt config show	-	--full,--help,-h	-
wt config state	ci-status,clear,default-branch,get,hints,logs,marker,previous-branch	--help,-h	-
wt config state ci-status	clear,get	--help,-h	-
wt config state ci-status clear	-	--all,--branch,--help,-h	-
wt config state ci-status get	-	--branch,--help,-h	-
wt config state clear	-	--help,-h	-
wt config state default-branch	clear,get,set	--help,-h	-
wt config state default-branch clear	-	--help,-h	-
wt config state default-branch get	-	--help,-h	-
wt config state default-branch set	-	--help,-h	path
wt config state get	-	--format,--help,-h	-
wt config state hints	clear,get	--help,-h	-
wt config state hints clear	-	--help,-h	-
wt config state hints get	-	--help,-h	-
wt config state logs	clear,get	--help,-h	-
wt config state logs clear	-	--help,-h	-
wt config state logs get	-	--branch,--help,--hook,-h	-
wt config state marker	clear,get,set	--help,-h	-
wt config state marker clear	-	--all,--branch,--help,-h	-
wt config state marker get	-	--branch,--help,-h	-
wt config state marker set	-	--branch,--help,-h	-
wt config state previous-branch	clear,get,set	--help,-h	-
wt config state previous-branch clear	-	--help,-h	-
wt config state previous-branch get	-	--help,-h	-
wt config state previous-branch set	-	--help,-h	path
wt config update	-	--help,--yes,-h,-y	-
wt hook	approvals,post-create,post-merge,post-remove,post-start,post-switch,pre-commit,pre-merge,pre-remove,pre-switch,show	--help,-h	-
wt hook approvals	add,clear	--help,-h	-
wt hook approvals add	-	--all,--help,-h	-
wt hook approvals clear	-	--global,--help,-g,-h	-
wt hook post-create	-	--help,--var,--yes,-h,-y	-
wt hook post-merge	-	--help,--var,--yes,-h,-y	-
wt hook post-remove	-	--foreground,--help,--var,--yes,-h,-y	-
wt hook post-start	-	--foreground,--help,--var,--yes,-h,-y	-
wt hook post-switch	-	--foreground,--help,--var,--yes,-h,-y	-
wt hook pre-commit	-	--help,--var,--yes,-h,-y	-
wt hook pre-merge	-	--help,--var,--yes,-h,-y	-
wt hook pre-remove	-	--help,--var,--yes,-h,-y	-
wt hook pre-switch	-	--help,--var,--yes,-h,-y	-
wt hook show	-	--expanded,--help,-h	-
wt list	statusline	--branches,--format,--full,--help,--progressive,--remotes,-h	-
wt list statusline	-	--format,--help,-h	-
wt merge	-	--help,--no-commit,--no-ff,--no-rebase,--no-remove,--no-squash,--no-verify,--stage,--yes,-h,-y	path
wt remove	-	--force,--force-delete,--foreground,--help,--no-delete-branch,--no-verify,--yes,-D,-f,-h,-y	path
wt step	commit,copy-ignored,diff,eval,for-each,promote,prune,push,rebase,relocate,squash	--help,-h	-
wt step commit	-	--help,--no-verify,--show-prompt,--stage,--yes,-h,-y	-
wt step copy-ignored	-	--dry-run,--force,--from,--help,--to,-h	-
wt step diff	-	--help,-h	-
wt step eval	-	--dry-run,--help,-h	-
wt step for-each	-	--help,-h	-
wt step promote	-	--help,-h	path
wt step prune	-	--dry-run,--foreground,--help,--min-age,--yes,-h,-y	-
wt step push	-	--help,--no-ff,-h	-
wt step rebase	-	--help,-h	-
wt step relocate	-	--clobber,--commit,--dry-run,--help,-h	path
wt step squash	-	--help,--no-verify,--show-prompt,--stage,--yes,-h,-y	path
wt switch	-	--base,--branches,--clobber,--create,--execute,--help,--no-cd,--no-verify,--remotes,--yes,-b,-c,-h,-x,-y	path
xargs	-	--arg-file,--delimiter,--eof,--exit,--help,--interactive,--max-args,--max-chars,--max-lines,--max-procs,--no-run-if-empty,--null,--open-tty,--process-slot-var,--replace,--show-limits,--verbose,--version,-0,-E,-I,-L,-P,-a,-d,-e,-i,-l,-n,-o,-p,-r,-s,-t,-x	path
xbacklight	-	-d,-dec,-display,-get,-help,-inc,-set,-steps,-time,-version	-
xbps-alternatives	-	--R,--config,--debug,--group,--help,--ignore-conf-repos,--list,--repository,--rootdir,--set,--verbose,--version,-C,-R,-V,-d,-g,-h,-i,-l,-r,-s,-v	-
xbps-checkvers	-	--config,--debug,--distdir,--help,--ignore-conf-repos,--installed,--manual,--removed,--repository,--rootdir,--show-all,--staging,-C,-D,-I,-R,-d,-e,-h,-i,-m,-r,-s	path
xbps-create	-	--alternatives,--architecture,--build-options,--built-with,--changelog,--compression,--config-files,--conflicts,--dependencies,--desc,--help,--homepage,--license,--long-desc,--maintainer,--mutable-files,--pkgver,--preserve,--provides,--quiet,--replaces,--reverts,--shlib-provides,--shlib-requires,--tags,--version,-A,-B,-C,-D,-F,-H,-M,-P,-R,-S,-V,-c,-h,-l,-m,-n,-p,-q,-r,-s,-t	path
xbps-dgraph	-	--config,--debug,--fulldeptree,--gen-config,--graph-config,--help,--memory-sync,--metadata,--repository,--rootdir,-C,-M,-R,-c,-d,-f,-g,-h,-m,-r	path
xbps-digest	-	--help,--mode,--version,-V,-h,-m	path
xbps-fbulk	-	--help,--jobs,--logdir,--system,--verbose,--version,-V,-h,-j,-l,-s,-v	path
xbps-fetch	-	--debug,--out,--sha256,--verbose,--version,-V,-d,-o,-s,-v	-
xbps-install	-	--automatic,--cachedir,--config,--debug,--download-only,--dry-run,--force,--help,--ignore-conf-repos,--ignore-file-conflicts,--memory-sync,--repository,--reproducible,--rootdir,--staging,--sync,--unpack-only,--verbose,--version,--yes,-A,-C,-D,-I,-M,-R,-S,-U,-V,-c,-d,-f,-h,-i,-n,-r,-v,-y	path
xbps-pkgdb	-	--all,--checks,--config,--debug,--help,--mode,--rootdir,--update,--verbose,--version,-C,-V,-a,-d,-h,-m,-r,-u,-v	path
xbps-query	-	--R,--cachedir,--cat,--config,--debug,--deps,--files,--fulldeptree,--help,--ignore-conf-repos,--list-hold-pkgs,--list-manual-pkgs,--list-orphans,--list-pkgs,--list-repolock-pkgs,--list-repos,--memory-sync,--ownedby,--property,--regex,--repository,--revdeps,--rootdir,--search,--show,--staging,--verbose,--version,-C,-H,-L,-M,-O,-R,-S,-V,-X,-c,-d,-f,-h,-i,-l,-m,-o,-p,-r,-s,-v,-x	-
xbps-reconfigure	-	--all,--config,--debug,--deps,--force,--fulldeptree,--help,--ignore,--rootdir,--verbose,--version,--x,-C,-V,-a,-d,-f,-h,-i,-r,-v	path
xbps-remove	-	--cachedir,--clean-cache,--config,--debug,--dry-run,--force,--force-revdeps,--help,--recursive,--remove-orphans,--rootdir,--verbose,--version,--yes,-C,-F,-O,-R,-V,-c,-d,-f,-h,-n,-o,-r,-v,-y	path
xbps-rindex	-	--add,--clean,--compression,--debug,--force,--hashcheck,--help,--privkey,--remove-obsoletes,--sign,--sign-pkg,--signedby,--verbose,-C,-S,-a,-c,-d,-h,-r,-s,-v	-
xbps-uchroot	-	--bind-ro,--bind-rw,--help,--options,--overlayfs,--tmpfs,--verbose,-B,-O,-b,-h,-o,-t,-v	path
xbps-uhelper	arch,binpkgarch,binpkgver,cmpver,getname,getpkgdepname,getpkgdepversion,getpkgname,getpkgrevisionCommand,getpkgversion,getsystemdir,getversion,real-version,version	--config,--debug,--rootdir,--verbose,--version,-C,-V,-d,-r,-v	-
xbps-uhelper arch	-	-	-
xbps-uhelper binpkgarch	-	-	path
xbps-uhelper binpkgver	-	-	path
xbps-uhelper cmpver	-	-	-
xbps-uhelper getname	-	-	-
xbps-uhelper getpkgdepname	-	-	-
xbps-uhelper getpkgdepversion	-	-	-
xbps-uhelper getpkgname	-	-	-
xbps-uhelper getpkgrevisionCommand	-	-	-
xbps-uhelper getpkgversion	-	-	-
xbps-uhelper getsystemdir	-	-	-
xbps-uhelper getversion	-	-	-
xbps-uhelper real-version	-	-	path
xbps-uhelper version	-	-	path
xbps-uunshare	-	--bind-rw,--help,--verbose,-b,-h,-v	path
xclip	-	--display,--filter,--help,--in,--loops,--out,--rmlastnl,--target,-d,-f,-h,-i,-l,-noutf8,-o,-quiet,-r,-selection,-silent,-t,-verbose,-version	path
xdotool	behave,behave_screen_edge,click,exec,get_desktop,get_desktop_for_window,get_desktop_viewport,get_num_desktops,getactivewindow,getmouselocation,getwindowclassname,getwindowfocus,getwindowgeometry,getwindowname,getwindowpid,key,keydown,keyup,mousedown,mousemove,mousemove_relative,mouseup,search,selectwindow,set_desktop,set_desktop_for_window,set_desktop_viewport,set_num_desktops,set_window,type,windowactivate,windowclose,windowfocus,windowkill,windowmap,windowminimize,windowmove,windowquit,windowraise,windowreparent,windowsize,windowstate,windowunmap	-	-
xdotool behave	-	-	path
xdotool behave_screen_edge	-	--delay,--quiesce	-
xdotool click	-	--clearmodifiers,--delay,--repeat,--window	-
xdotool exec	-	--sync	-
xdotool get_desktop	-	-	-
xdotool get_desktop_for_window	-	-	path
xdotool get_desktop_viewport	-	--shell	-
xdotool get_num_desktops	-	-	-
xdotool getactivewindow	-	-	-
xdotool getmouselocation	-	--shell	-
xdotool getwindowclassname	-	-	path
xdotool getwindowfocus	-	-f	-
xdotool getwindowgeometry	-	--shell	path
xdotool getwindowname	-	-	path
xdotool getwindowpid	-	-	path
xdotool key	-	--clearmodifiers,--delay,--window	-
xdotool keydown	-	--clearmodifiers,--delay,--window	-
xdotool keyup	-	--clearmodifiers,--delay,--window	-
xdotool mousedown	-	--clearmodifiers,--delay,--repeat,--window	-
xdotool mousemove	-	--clearmodifiers,--polar,--screen,--sync,--window	-
xdotool mousemove_relative	-	--clearmodifiers,--polar,--sync	-
xdotool mouseup	-	--clearmodifiers,--delay,--repeat,--window	-
xdotool search	-	--all,--any,--class,--classname,--desktop,--limit,--maxdepth,--name,--onlyvisible,--pid,--role,--screen,--sync	-
xdotool selectwindow	-	-	-
xdotool set_desktop	-	--relative	path
xdotool set_desktop_for_window	-	-	path
xdotool set_desktop_viewport	-	-	-
xdotool set_num_desktops	-	-	-
xdotool set_window	-	--class,--classname,--icon-name,--name,--overrideredirect,--role,--urgency	-
xdotool type	-	--clearmodifiers,--delay,--window	-
xdotool windowactivate	-	--sync	path
xdotool windowclose	-	-	path
xdotool windowfocus	-	--sync	path
xdotool windowkill	-	-	path
xdotool windowmap	-	--sync	path
xdotool windowminimize	-	--sync	-
xdotool windowmove	-	--relative,--sync	path
xdotool windowquit	-	-	path
xdotool windowraise	-	-	-
xdotool windowreparent	-	-	path
xdotool windowsize	-	--sync,--usehints	path
xdotool windowstate	-	--add,--remove,--toggle	path
xdotool windowunmap	-	--sync	-
xh	-	--all,--auth,--auth-type,--body,--cert,--cert-key,--check-status,--compress,--continue,--curl,--curl-long,--debug,--download,--follow,--form,--format-options,--generate,--headers,--help,--history-print,--http-version,--https,--ignore-netrc,--ignore-stdin,--interface,--ipv4,--ipv6,--json,--max-redirects,--meta,--multipart,--offline,--output,--pretty,--print,--proxy,--quiet,--raw,--resolve,--response-charset,--response-mime,--session,--session-read-only,--ssl,--stream,--style,--timeout,--verbose,--verify,--version,-4,-6,-A,-F,-I,-P,-S,-V,-a,-b,-c,-d,-f,-h,-j,-m,-o,-p,-q,-s,-v,-x	-
xonsh	-	--cache-everything,--help,--interactive,--login,--no-rc,--no-script-cache,--rc,--shell-type,--timings,--version,-D,-V,-c,-h,-i,-l	path
xxhsum	-	--binary,--check,--filelist,--files-from,--help,--ignore-missing,--little-endian,--quiet,--status,--strict,--tag,--version,--warn,-H,-V,-b,-c,-h,-i,-q	path
xz	-	--compress,--decompress,--extreme,--force,--help,--keep,--list,--long-help,--quiet,--stdout,--test,--threads,--verbose,--version,-0,-1,-2,-3,-4,-5,-6,-7,-8,-9,-H,-T,-V,-c,-d,-e,-f,-h,-k,-l,-q,-t,-v,-z	path
xzcat	-	-	path
yarn	add,bin,cache,config,constraints,dedupe,dlx,exec,explain,info,init,install,link,node,npm,pack,patch,patch-commit,plugin,rebuild,remove,run,search,set,stage,unlink,unplug,up,upgrade-interactive,version,why,workspace,workspaces	--help,-h	-
yarn add	-	--cached,--caret,--dev,--exact,--interactive,--json,--mode,--optional,--peer,--prefer-dev,--tilde,-C,-D,-E,-O,-P,-T,-i	path
yarn bin	-	--json,--verbose,-v	path
yarn cache	clean	-	-
yarn cache clean	-	--all,--mirror	-
yarn config	get,set,unset	--json,--verbose,--why,-v	-
yarn config get	-	--json,--no-redacted	path
yarn config set	-	--home,--json,-H	path
yarn config unset	-	--home,-H	path
yarn constraints	query,source	-	-
yarn constraints query	-	--json	-
yarn constraints source	-	--verbose,-v	-
yarn dedupe	-	--check,--json,--mode,--strategy,-c,-s	-
yarn dlx	-	--package,--quiet,-p,-q	path
yarn exec	-	-	path
yarn explain	peer-requirements	--json	path
yarn explain peer-requirements	-	-	-
yarn info	-	--all,--cache,--dependents,--extra,--json,--manifest,--name-only,--recursive,--virtuals,-A,-R,-X	path
yarn init	-	--install,--private,--workspace,-i,-p,-w	-
yarn install	-	--check-cache,--immutable,--immutable-cache,--inline-builds,--json,--mode	-
yarn link	-	--all,--private,--relative,-A,-p,-r	path
yarn node	-	-	path
yarn npm	audit,info,login,logout,publish,tag,whoami	-	-
yarn npm audit	-	--all,--environment,--exclude,--ignore,--json,--recursive,--severity,-A,-R	-
yarn npm info	-	--fields,--json,-f	path
yarn npm login	-	--publish,--scope,-s	-
yarn npm logout	-	--all,--publish,--scope,-A,-s	-
yarn npm publish	-	--access,--otp,--tag,--tolerate-republish	-
yarn npm tag	add,list,remove	-	-
yarn npm tag add	-	-	-
yarn npm tag list	-	-	-
yarn npm tag remove	-	-	-
yarn npm whoami	-	--publish,--scope,-s	-
yarn pack	-	--dry-run,--install-if-needed,--json,--out,-n,-o	-
yarn patch	-	--json	path
yarn patch-commit	-	--save,-s	path
yarn plugin	import,list,remove,runtime	-	path
yarn plugin import	from	-	-
yarn plugin import from	sources	-	-
yarn plugin import from sources	-	--branch,--force,--no-minify,--path,--repository,-f	-
yarn plugin list	-	--json	-
yarn plugin remove	-	-	path
yarn plugin runtime	-	--json	-
yarn rebuild	-	-	-
yarn remove	-	--all,--mode,-A	path
yarn run	-	--binaries-only,--inspect,--inspect-brk,--top-level,-B,-T	-
yarn search	-	-	-
yarn set	resolution,version	-	-
yarn set resolution	-	--save,-s	-
yarn set version	from	--only-if-needed	-
yarn set version from	sources	-	-
yarn set version from sources	-	--branch,--force,--no-minify,--path,--plugin,--repository,--skip-plugins,-f	-
yarn stage	-	--commit,--dry-run,--reset,-c,-n,-r	-
yarn unlink	-	--all,-A	-
yarn unplug	-	--all,--json,--recursive,-A,-R	path
yarn up	-	--caret,--exact,--interactive,--mode,--recursive,--tilde,-C,-E,-R,-T,-i	path
yarn upgrade-interactive	-	-	-
yarn version	apply,check	--deferred,--immediate,-d,-i	-
yarn version apply	-	--all,--dry-run,--json,--prerelease,--recursive,-R	-
yarn version check	-	--interactive,-i	-
yarn why	-	--json,--peers,--recursive,-R	path
yarn workspace	-	-	path
yarn workspaces	focus,foreach,list	-	-
yarn workspaces focus	-	--all,--json,--production,-A	path
yarn workspaces foreach	-	--all,--exclude,--from,--include,--interlaced,--jobs,--no-private,--parallel,--recursive,--since,--topological,--topological-dev,--verbose,-A,-R,-i,-j,-p,-t,-v	-
yarn workspaces list	-	--json,--no-private,--recursive,--since,--verbose,-R,-v	-
yay	-	--version,-V	path
yes	-	--help,--version	-
yj	-	-e,-h,-i,-k,-n,-v	-
youtube-dl	-	--abort-on-error,--abort-on-unavailable-fragment,--add-header,--add-metadata,--age-limit,--all-formats,--all-subs,--ap-list-mso,--ap-mso,--ap-password,--ap-username,--audio-format,--audio-quality,--autonumber-start,--batch-file,--bidi-workaround,--buffer-size,--cache-dir,--call-home,--config-location,--console-title,--continue,--convert-subs,--cookies,--date,--dateafter,--datebefore,--default-search,--download-archive,--dump-json,--dump-pages,--dump-single-json,--dump-user-agent,--embed-subs,--embed-thumbnail,--encoding,--exec,--external-downloader,--external-downloader-args,--extract-audio,--extractor-descriptions,--ffmpeg-location,--fixup,--flat-playlist,--force-generic-extractor,--force-ipv4,--force-ipv6,--format,--fragment-retries,--geo-bypass,--geo-bypass-country,--geo-bypass-ip-block,--geo-verification-proxy,--get-description,--get-duration,--get-filename,--get-format,--get-id,--get-thumbnail,--get-title,--get-url,--help,--hls-prefer-ffmpeg,--hls-prefer-native,--hls-use-mpegts,--http-chunk-size,--id,--ignore-config,--ignore-errors,--include-ads,--keep-fragments,--keep-video,--limit-rate,--list-extractors,--list-formats,--list-subs,--list-thumbnails,--load-info-json,--mark-watched,--match-filter,--match-title,--max-downloads,--max-filesize,--max-sleep-interval,--max-views,--merge-output-format,--metadata-from-title,--min-filesize,--min-views,--netrc,--newline,--no-cache-dir,--no-call-home,--no-check-certificate,--no-color,--no-continue,--no-geo-bypass,--no-mark-watched,--no-mtime,--no-overwrites,--no-part,--no-playlist,--no-post-overwrites,--no-progress,--no-resize-buffer,--no-warnings,--output,--password,--playlist-end,--playlist-items,--playlist-random,--playlist-reverse,--playlist-start,--postprocessor-args,--prefer-avconv,--prefer-ffmpeg,--prefer-free-formats,--prefer-insecure,--print-json,--print-traffic,--proxy,--quiet,--recode-video,--referer,--reject-title,--restrict-filenames,--retries,--rm-cache-dir,--simulate,--skip-download,--skip-unavailable-fragments,--sleep-interval,--socket-timeout,--source-address,--sub-format,--sub-lang,--twofactor,--update,--user-agent,--username,--verbose,--version,--video-password,--write-all-thumbnails,--write-annotations,--write-auto-sub,--write-description,--write-info-json,--write-pages,--write-sub,--write-thumbnail,--xattr-set-filesize,--xattrs,--yes-playlist,--youtube-skip-dash-manifest,-2,-4,-6,-C,-F,-J,-R,-U,-a,-c,-e,-f,-g,-h,-i,-j,-k,-n,-o,-p,-q,-r,-s,-u,-v,-w,-x	-
yt-dlp	-	--abort-on-error,--abort-on-unavailable-fragments,--add-headers,--age-limit,--alias,--allow-dynamic-mpd,--ap-list-mso,--ap-mso,--ap-password,--ap-username,--audio-format,--audio-multistreams,--audio-quality,--batch-file,--bidi-workaround,--break-match-filters,--break-on-existing,--break-per-input,--buffer-size,--cache-dir,--check-all-formats,--check-formats,--clean-info-json,--client-certificate,--client-certificate-key,--client-certificate-password,--compat-options,--concat-playlist,--concurrent-fragments,--config-locations,--console-title,--continue,--convert-subs,--convert-thumbnails,--cookies,--cookies-from-browser,--date,--dateafter,--datebefore,--default-search,--download-archive,--download-sections,--downloader,--downloader-args,--dump-json,--dump-pages,--dump-single-json,--dump-user-agent,--embed-chapters,--embed-info-json,--embed-metadata,--embed-subs,--embed-thumbnail,--enable-file-urls,--encoding,--exec,--extract-audio,--extractor-args,--extractor-descriptions,--extractor-retries,--ffmpeg-location,--file-access-retries,--fixup,--flat-playlist,--force-ipv4,--force-ipv6,--force-keyframes-at-cuts,--force-overwrites,--force-write-archive,--format,--format-sort,--format-sort-force,--fragment-retries,--geo-bypass,--geo-bypass-country,--geo-bypass-ip-block,--geo-verification-proxy,--help,--hls-split-discontinuity,--hls-use-mpegts,--http-chunk-size,--ignore-config,--ignore-dynamic-mpd,--ignore-errors,--ignore-no-formats-error,--keep-fragments,--keep-video,--lazy-playlist,--legacy-server-connect,--limit-rate,--list-extractors,--list-formats,--list-subs,--list-thumbnails,--live-from-start,--load-info-json,--mark-watched,--match-filters,--max-downloads,--max-filesize,--max-sleep-interval,--merge-output-format,--min-filesize,--mtime,--netrc,--netrc-location,--newline,--no-abort-on-error,--no-audio-multistreams,--no-batch-file,--no-break-match-filters,--no-break-per-input,--no-cache-dir,--no-check-certificates,--no-check-formats,--no-clean-info-json,--no-colors,--no-config-locations,--no-continue,--no-cookies,--no-cookies-from-browser,--no-download-archive,--no-embed-chapters,--no-embed-info-json,--no-embed-metadata,--no-embed-subs,--no-embed-thumbnail,--no-exec,--no-flat-playlist,--no-force-keyframes-at-cuts,--no-force-overwrites,--no-format-sort-force,--no-geo-bypass,--no-hls-split-discontinuity,--no-hls-use-mpegts,--no-ignore-no-formats-error,--no-keep-fragments,--no-keep-video,--no-lazy-playlist,--no-live-from-start,--no-mark-watched,--no-match-filter,--no-mtime,--no-overwrites,--no-part,--no-playlist,--no-post-overwrites,--no-prefer-free-formats,--no-progress,--no-remove-chapters,--no-resize-buffer,--no-restrict-filenames,--no-simulate,--no-split-chapters,--no-sponsorblock,--no-update,--no-video-multistreams,--no-wait-for-video,--no-warnings,--no-windows-filenames,--no-write-auto-subs,--no-write-comments,--no-write-description,--no-write-info-json,--no-write-playlist-metafiles,--no-write-subs,--no-write-thumbnail,--output,--output-na-placeholder,--parse-metadata,--part,--password,--paths,--playlist-items,--playlist-random,--post-overwrites,--postprocessor-args,--prefer-free-formats,--prefer-insecure,--print,--print-to-file,--print-traffic,--progress,--progress-template,--proxy,--quiet,--recode-video,--remove-chapters,--remux-video,--replace-in-metadata,--resize-buffer,--restrict-filenames,--retries,--retry-sleep,--rm-cache-dir,--simulate,--skip-download,--skip-playlist-after-errors,--skip-unavailable-fragments,--sleep-interval,--sleep-requests,--sleep-subtitles,--socket-timeout,--source-address,--split-chapters,--sponsorblock-api,--sponsorblock-chapter-title,--sponsorblock-mark,--sponsorblock-remove,--sub-format,--sub-langs,--throttled-rate,--trim-filenames,--twofactor,--update,--update-to,--use-extractors,--use-postprocessor,--username,--verbose,--version,--video-multistreams,--video-password,--wait-for-video,--windows-filenames,--write-all-thumbnails,--write-auto-subs,--write-comments,--write-description,--write-desktop-link,--write-info-json,--write-link,--write-pages,--write-playlist-metafiles,--write-subs,--write-thumbnail,--write-url-link,--write-webloc-link,--xattr-set-filesize,--xattrs,--yes-playlist,-2,-4,-6,-F,-I,-J,-N,-O,-P,-R,-S,-U,-a,-c,-f,-h,-i,-j,-k,-n,-o,-p,-q,-r,-s,-u,-v,-w,-x	-
zathura	-	--bookmark,--cache-dir,--config-dir,--data-dir,--find,--fork,--help,--log-level,--mode,--page,--password,--plugins-dir,--reparent,--synctex-editor-command,--synctex-forward,--synctex-pid,--version,-P,-b,-c,-d,-e,-f,-h,-l,-p,-v,-w,-x	path
zcat	-	--force,--help,--list,--quiet,--recursive,--suffix,--test,--verbose,--version,-S,-f,-l,-q,-r,-t,-v	path
zig	ar,ast-check,build,build-exe,build-lib,build-obj,c++,cc,dlltool,env,fetch,fmt,init,lib,libc,objcopy,objdump,ranlib,rc,reduce,run,std,targets,test,test-obj,translate-c,zen	--color,--help,--version,-h,-v	-
zig ar	-	-	-
zig ast-check	-	--color,--help,-h	path
zig build	-	--build-file,--build-runner,--cache-dir,--color,--debug-compile-errors,--debug-log,--fetch,--global-cache-dir,--help,--job-count,--reference-trace,--seed,--system,--verbose-air,--verbose-cc,--verbose-cimport,--verbose-generic-instances,--verbose-intern-pool,--verbose-link,--verbose-llvm-bc,--verbose-llvm-cpu-features,--verbose-llvm-ir,--zig-lib-dir,-h	-
zig build-exe	-	--Bsymbolic,--ObjC,--PIC,--PIE,--allow-shlib-undefined,--allow-so-scripts,--async-unwind-tables,--build-id,--builtin,--cache-dir,--cflags,--clang,--color,--compiler-rt,--compress-debug-sections,--data-sections,--dead-strip,--dead-strip-dylibs,--debug-compile-errors,--debug-incremental,--debug-link-snapshot,--debug-log,--debug-rt,--define,--dep,--disable-new-dtags,--dll-export-fns,--dynamic,--dynamic-linker,--each-lib-rpath,--eh-frame-hdr,--embed-dir,--emit-asm,--emit-bin,--emit-docs,--emit-h,--emit-implib,--emit-llvm-bc,--emit-llvm-ir,--emit-relocs,--enable-new-dtags,--entitlements,--entry,--error-limit,--error-tracing,--export,--export-memory,--export-table,--force-undefined,--framework,--function-sections,--fuzz,--gc-sections,--global-base,--global-cache-dir,--headerpad,--headerpad-max-install-names,--help,--idirafter,--image-base,--import-memory,--import-symbols,--import-table,--include,--incremental,--initial-memory,--install-name,--isystem,--job-count,--libc,--libllvm,--library,--library-directory,--listen,--lld,--llvm,--lto,--lto-mode,--max-memory,--mcmodel,--mcpu,--mexec-model,--mno-red-zone,--mred-zone,--municode,--name,--needed-framework,--needed-library,--new-linker,--no-PIC,--no-PIE,--no-allow-shlib-undefined,--no-allow-so-scripts,--no-builtin,--no-clang,--no-compiler-rt,--no-data-sections,--no-dll-export-fns,--no-dynamic-linker,--no-each-lib-rpath,--no-eh-frame-hdr,--no-emit-asm,--no-emit-bin,--no-emit-docs,--no-emit-h,--no-emit-implib,--no-emit-llvm-bc,--no-emit-llvm-ir,--no-entry,--no-error-tracing,--no-function-sections,--no-fuzz,--no-gc-sections,--no-incremental,--no-libllvm,--no-lld,--no-llvm,--no-lto,--no-new-linker,--no-omit-frame-pointer,--no-reference-trace,--no-sanitize-c,--no-sanitize-thread,--no-single-threaded,--no-soname,--no-stack-check,--no-stack-protector,--no-strip,--no-structured-cfg,--no-ubsan-rt,--no-undefined-version,--no-unwind-tables,--no-valgrind,--ofmt,--omit-frame-pointer,--opt-bisect-limit,--optimize,--pagezero-size,--rcflags,--rcincludes,--rdynamic,--reference-trace,--rpath,--sanitize-c,--sanitize-thread,--script,--shared-memory,--show-builtin,--single-threaded,--soname,--sort-section,--stack,--stack-check,--stack-protector,--stack-report,--static,--strip,--structured-cfg,--subsystem,--sysroot,--target,--time-report,--ubsan-rt,--undefined-version,--unwind-tables,--valgrind,--verbose-air,--verbose-cc,--verbose-cimport,--verbose-generic-instances,--verbose-intern-pool,--verbose-link,--verbose-llvm-bc,--verbose-llvm-cpu-features,--verbose-llvm-ir,--version,--version-script,--weak-framework,--weak-library,--zig-lib-dir,-h	path
zig build-lib	-	--Bsymbolic,--ObjC,--PIC,--PIE,--allow-shlib-undefined,--allow-so-scripts,--async-unwind-tables,--build-id,--builtin,--cache-dir,--cflags,--clang,--color,--compiler-rt,--compress-debug-sections,--data-sections,--dead-strip,--dead-strip-dylibs,--debug-compile-errors,--debug-incremental,--debug-link-snapshot,--debug-log,--debug-rt,--define,--dep,--disable-new-dtags,--dll-export-fns,--dynamic,--dynamic-linker,--each-lib-rpath,--eh-frame-hdr,--embed-dir,--emit-asm,--emit-bin,--emit-docs,--emit-h,--emit-implib,--emit-llvm-bc,--emit-llvm-ir,--emit-relocs,--enable-new-dtags,--entitlements,--entry,--error-limit,--error-tracing,--export,--export-memory,--export-table,--force-undefined,--framework,--function-sections,--fuzz,--gc-sections,--global-base,--global-cache-dir,--headerpad,--headerpad-max-install-names,--help,--idirafter,--image-base,--import-memory,--import-symbols,--import-table,--include,--incremental,--initial-memory,--install-name,--isystem,--job-count,--libc,--libllvm,--library,--library-directory,--listen,--lld,--llvm,--lto,--lto-mode,--max-memory,--mcmodel,--mcpu,--mexec-model,--mno-red-zone,--mred-zone,--municode,--name,--needed-framework,--needed-library,--new-linker,--no-PIC,--no-PIE,--no-allow-shlib-undefined,--no-allow-so-scripts,--no-builtin,--no-clang,--no-compiler-rt,--no-data-sections,--no-dll-export-fns,--no-dynamic-linker,--no-each-lib-rpath,--no-eh-frame-hdr,--no-emit-asm,--no-emit-bin,--no-emit-docs,--no-emit-h,--no-emit-implib,--no-emit-llvm-bc,--no-emit-llvm-ir,--no-entry,--no-error-tracing,--no-function-sections,--no-fuzz,--no-gc-sections,--no-incremental,--no-libllvm,--no-lld,--no-llvm,--no-lto,--no-new-linker,--no-omit-frame-pointer,--no-reference-trace,--no-sanitize-c,--no-sanitize-thread,--no-single-threaded,--no-soname,--no-stack-check,--no-stack-protector,--no-strip,--no-structured-cfg,--no-ubsan-rt,--no-undefined-version,--no-unwind-tables,--no-valgrind,--ofmt,--omit-frame-pointer,--opt-bisect-limit,--optimize,--pagezero-size,--rcflags,--rcincludes,--rdynamic,--reference-trace,--rpath,--sanitize-c,--sanitize-thread,--script,--shared-memory,--show-builtin,--single-threaded,--soname,--sort-section,--stack,--stack-check,--stack-protector,--stack-report,--static,--strip,--structured-cfg,--subsystem,--sysroot,--target,--time-report,--ubsan-rt,--undefined-version,--unwind-tables,--valgrind,--verbose-air,--verbose-cc,--verbose-cimport,--verbose-generic-instances,--verbose-intern-pool,--verbose-link,--verbose-llvm-bc,--verbose-llvm-cpu-features,--verbose-llvm-ir,--version,--version-script,--weak-framework,--weak-library,--zig-lib-dir,-h	path
zig build-obj	-	--Bsymbolic,--ObjC,--PIC,--PIE,--allow-shlib-undefined,--allow-so-scripts,--async-unwind-tables,--build-id,--builtin,--cache-dir,--cflags,--clang,--color,--compiler-rt,--compress-debug-sections,--data-sections,--dead-strip,--dead-strip-dylibs,--debug-compile-errors,--debug-incremental,--debug-link-snapshot,--debug-log,--debug-rt,--define,--dep,--disable-new-dtags,--dll-export-fns,--dynamic,--dynamic-linker,--each-lib-rpath,--eh-frame-hdr,--embed-dir,--emit-asm,--emit-bin,--emit-docs,--emit-h,--emit-implib,--emit-llvm-bc,--emit-llvm-ir,--emit-relocs,--enable-new-dtags,--entitlements,--entry,--error-limit,--error-tracing,--export,--export-memory,--export-table,--force-undefined,--framework,--function-sections,--fuzz,--gc-sections,--global-base,--global-cache-dir,--headerpad,--headerpad-max-install-names,--help,--idirafter,--image-base,--import-memory,--import-symbols,--import-table,--include,--incremental,--initial-memory,--install-name,--isystem,--job-count,--libc,--libllvm,--library,--library-directory,--listen,--lld,--llvm,--lto,--lto-mode,--max-memory,--mcmodel,--mcpu,--mexec-model,--mno-red-zone,--mred-zone,--municode,--name,--needed-framework,--needed-library,--new-linker,--no-PIC,--no-PIE,--no-allow-shlib-undefined,--no-allow-so-scripts,--no-builtin,--no-clang,--no-compiler-rt,--no-data-sections,--no-dll-export-fns,--no-dynamic-linker,--no-each-lib-rpath,--no-eh-frame-hdr,--no-emit-asm,--no-emit-bin,--no-emit-docs,--no-emit-h,--no-emit-implib,--no-emit-llvm-bc,--no-emit-llvm-ir,--no-entry,--no-error-tracing,--no-function-sections,--no-fuzz,--no-gc-sections,--no-incremental,--no-libllvm,--no-lld,--no-llvm,--no-lto,--no-new-linker,--no-omit-frame-pointer,--no-reference-trace,--no-sanitize-c,--no-sanitize-thread,--no-single-threaded,--no-soname,--no-stack-check,--no-stack-protector,--no-strip,--no-structured-cfg,--no-ubsan-rt,--no-undefined-version,--no-unwind-tables,--no-valgrind,--ofmt,--omit-frame-pointer,--opt-bisect-limit,--optimize,--pagezero-size,--rcflags,--rcincludes,--rdynamic,--reference-trace,--rpath,--sanitize-c,--sanitize-thread,--script,--shared-memory,--show-builtin,--single-threaded,--soname,--sort-section,--stack,--stack-check,--stack-protector,--stack-report,--static,--strip,--structured-cfg,--subsystem,--sysroot,--target,--time-report,--ubsan-rt,--undefined-version,--unwind-tables,--valgrind,--verbose-air,--verbose-cc,--verbose-cimport,--verbose-generic-instances,--verbose-intern-pool,--verbose-link,--verbose-llvm-bc,--verbose-llvm-cpu-features,--verbose-llvm-ir,--version,--version-script,--weak-framework,--weak-library,--zig-lib-dir,-h	path
zig c++	-	-	path
zig cc	-	-	path
zig dlltool	-	-	path
zig env	-	--color,--help,-h	-
zig fetch	-	--color,--debug-hash,--global-cache-dir,--help,--save,--save-exact,--save-exact-name,--save-name,-h	-
zig fmt	-	--ast-check,--check,--color,--exclude,--help,--stdin,--zon,-h	path
zig init	-	--help,--minimal,-h,-m	-
zig lib	-	-	path
zig libc	-	--color,--help,-h	path
zig objcopy	-	-	path
zig objdump	-	-	path
zig ranlib	-	-	path
zig rc	-	-	path
zig reduce	-	--Bsymbolic,--ObjC,--PIC,--PIE,--allow-shlib-undefined,--allow-so-scripts,--async-unwind-tables,--build-id,--builtin,--cache-dir,--cflags,--clang,--color,--compiler-rt,--compress-debug-sections,--data-sections,--dead-strip,--dead-strip-dylibs,--debug-compile-errors,--debug-incremental,--debug-link-snapshot,--debug-log,--debug-rt,--define,--dep,--disable-new-dtags,--dll-export-fns,--dynamic,--dynamic-linker,--each-lib-rpath,--eh-frame-hdr,--embed-dir,--emit-asm,--emit-bin,--emit-docs,--emit-h,--emit-implib,--emit-llvm-bc,--emit-llvm-ir,--emit-relocs,--enable-new-dtags,--entitlements,--entry,--error-limit,--error-tracing,--export,--export-memory,--export-table,--force-undefined,--framework,--function-sections,--fuzz,--gc-sections,--global-base,--global-cache-dir,--headerpad,--headerpad-max-install-names,--help,--idirafter,--image-base,--import-memory,--import-symbols,--import-table,--include,--incremental,--initial-memory,--install-name,--isystem,--job-count,--libc,--libllvm,--library,--library-directory,--listen,--lld,--llvm,--lto,--lto-mode,--max-memory,--mcmodel,--mcpu,--mexec-model,--mno-red-zone,--mred-zone,--municode,--name,--needed-framework,--needed-library,--new-linker,--no-PIC,--no-PIE,--no-allow-shlib-undefined,--no-allow-so-scripts,--no-builtin,--no-clang,--no-compiler-rt,--no-data-sections,--no-dll-export-fns,--no-dynamic-linker,--no-each-lib-rpath,--no-eh-frame-hdr,--no-emit-asm,--no-emit-bin,--no-emit-docs,--no-emit-h,--no-emit-implib,--no-emit-llvm-bc,--no-emit-llvm-ir,--no-entry,--no-error-tracing,--no-function-sections,--no-fuzz,--no-gc-sections,--no-incremental,--no-libllvm,--no-lld,--no-llvm,--no-lto,--no-new-linker,--no-omit-frame-pointer,--no-reference-trace,--no-sanitize-c,--no-sanitize-thread,--no-single-threaded,--no-soname,--no-stack-check,--no-stack-protector,--no-strip,--no-structured-cfg,--no-ubsan-rt,--no-undefined-version,--no-unwind-tables,--no-valgrind,--ofmt,--omit-frame-pointer,--opt-bisect-limit,--optimize,--pagezero-size,--rcflags,--rcincludes,--rdynamic,--reference-trace,--rpath,--sanitize-c,--sanitize-thread,--script,--shared-memory,--show-builtin,--single-threaded,--soname,--sort-section,--stack,--stack-check,--stack-protector,--stack-report,--static,--strip,--structured-cfg,--subsystem,--sysroot,--target,--time-report,--ubsan-rt,--undefined-version,--unwind-tables,--valgrind,--verbose-air,--verbose-cc,--verbose-cimport,--verbose-generic-instances,--verbose-intern-pool,--verbose-link,--verbose-llvm-bc,--verbose-llvm-cpu-features,--verbose-llvm-ir,--version,--version-script,--weak-framework,--weak-library,--zig-lib-dir,-h	path
zig run	-	--Bsymbolic,--ObjC,--PIC,--PIE,--allow-shlib-undefined,--allow-so-scripts,--async-unwind-tables,--build-id,--builtin,--cache-dir,--cflags,--clang,--color,--compiler-rt,--compress-debug-sections,--data-sections,--dead-strip,--dead-strip-dylibs,--debug-compile-errors,--debug-incremental,--debug-link-snapshot,--debug-log,--debug-rt,--define,--dep,--disable-new-dtags,--dll-export-fns,--dynamic,--dynamic-linker,--each-lib-rpath,--eh-frame-hdr,--embed-dir,--emit-asm,--emit-bin,--emit-docs,--emit-h,--emit-implib,--emit-llvm-bc,--emit-llvm-ir,--emit-relocs,--enable-new-dtags,--entitlements,--entry,--error-limit,--error-tracing,--export,--export-memory,--export-table,--force-undefined,--framework,--function-sections,--fuzz,--gc-sections,--global-base,--global-cache-dir,--headerpad,--headerpad-max-install-names,--help,--idirafter,--image-base,--import-memory,--import-symbols,--import-table,--include,--incremental,--initial-memory,--install-name,--isystem,--job-count,--libc,--libllvm,--library,--library-directory,--listen,--lld,--llvm,--lto,--lto-mode,--max-memory,--mcmodel,--mcpu,--mexec-model,--mno-red-zone,--mred-zone,--municode,--name,--needed-framework,--needed-library,--new-linker,--no-PIC,--no-PIE,--no-allow-shlib-undefined,--no-allow-so-scripts,--no-builtin,--no-clang,--no-compiler-rt,--no-data-sections,--no-dll-export-fns,--no-dynamic-linker,--no-each-lib-rpath,--no-eh-frame-hdr,--no-emit-asm,--no-emit-bin,--no-emit-docs,--no-emit-h,--no-emit-implib,--no-emit-llvm-bc,--no-emit-llvm-ir,--no-entry,--no-error-tracing,--no-function-sections,--no-fuzz,--no-gc-sections,--no-incremental,--no-libllvm,--no-lld,--no-llvm,--no-lto,--no-new-linker,--no-omit-frame-pointer,--no-reference-trace,--no-sanitize-c,--no-sanitize-thread,--no-single-threaded,--no-soname,--no-stack-check,--no-stack-protector,--no-strip,--no-structured-cfg,--no-ubsan-rt,--no-undefined-version,--no-unwind-tables,--no-valgrind,--ofmt,--omit-frame-pointer,--opt-bisect-limit,--optimize,--pagezero-size,--rcflags,--rcincludes,--rdynamic,--reference-trace,--rpath,--sanitize-c,--sanitize-thread,--script,--shared-memory,--show-builtin,--single-threaded,--soname,--sort-section,--stack,--stack-check,--stack-protector,--stack-report,--static,--strip,--structured-cfg,--subsystem,--sysroot,--target,--time-report,--ubsan-rt,--undefined-version,--unwind-tables,--valgrind,--verbose-air,--verbose-cc,--verbose-cimport,--verbose-generic-instances,--verbose-intern-pool,--verbose-link,--verbose-llvm-bc,--verbose-llvm-cpu-features,--verbose-llvm-ir,--version,--version-script,--weak-framework,--weak-library,--zig-lib-dir,-h	path
zig std	-	--help,-h	-
zig targets	-	--help,-h	-
zig test	-	--Bsymbolic,--ObjC,--PIC,--PIE,--allow-shlib-undefined,--allow-so-scripts,--async-unwind-tables,--build-id,--builtin,--cache-dir,--cflags,--clang,--color,--compiler-rt,--compress-debug-sections,--data-sections,--dead-strip,--dead-strip-dylibs,--debug-compile-errors,--debug-incremental,--debug-link-snapshot,--debug-log,--debug-rt,--define,--dep,--disable-new-dtags,--dll-export-fns,--dynamic,--dynamic-linker,--each-lib-rpath,--eh-frame-hdr,--embed-dir,--emit-asm,--emit-bin,--emit-docs,--emit-h,--emit-implib,--emit-llvm-bc,--emit-llvm-ir,--emit-relocs,--enable-new-dtags,--entitlements,--entry,--error-limit,--error-tracing,--export,--export-memory,--export-table,--force-undefined,--framework,--function-sections,--fuzz,--gc-sections,--global-base,--global-cache-dir,--headerpad,--headerpad-max-install-names,--help,--idirafter,--image-base,--import-memory,--import-symbols,--import-table,--include,--incremental,--initial-memory,--install-name,--isystem,--job-count,--libc,--libllvm,--library,--library-directory,--listen,--lld,--llvm,--lto,--lto-mode,--max-memory,--mcmodel,--mcpu,--mexec-model,--mno-red-zone,--mred-zone,--municode,--name,--needed-framework,--needed-library,--new-linker,--no-PIC,--no-PIE,--no-allow-shlib-undefined,--no-allow-so-scripts,--no-builtin,--no-clang,--no-compiler-rt,--no-data-sections,--no-dll-export-fns,--no-dynamic-linker,--no-each-lib-rpath,--no-eh-frame-hdr,--no-emit-asm,--no-emit-bin,--no-emit-docs,--no-emit-h,--no-emit-implib,--no-emit-llvm-bc,--no-emit-llvm-ir,--no-entry,--no-error-tracing,--no-function-sections,--no-fuzz,--no-gc-sections,--no-incremental,--no-libllvm,--no-lld,--no-llvm,--no-lto,--no-new-linker,--no-omit-frame-pointer,--no-reference-trace,--no-sanitize-c,--no-sanitize-thread,--no-single-threaded,--no-soname,--no-stack-check,--no-stack-protector,--no-strip,--no-structured-cfg,--no-ubsan-rt,--no-undefined-version,--no-unwind-tables,--no-valgrind,--ofmt,--omit-frame-pointer,--opt-bisect-limit,--optimize,--pagezero-size,--rcflags,--rcincludes,--rdynamic,--reference-trace,--rpath,--sanitize-c,--sanitize-thread,--script,--shared-memory,--show-builtin,--single-threaded,--soname,--sort-section,--stack,--stack-check,--stack-protector,--stack-report,--static,--strip,--structured-cfg,--subsystem,--sysroot,--target,--test-cmd,--test-cmd-bin,--test-filter,--test-no-exec,--test-runner,--time-report,--ubsan-rt,--undefined-version,--unwind-tables,--valgrind,--verbose-air,--verbose-cc,--verbose-cimport,--verbose-generic-instances,--verbose-intern-pool,--verbose-link,--verbose-llvm-bc,--verbose-llvm-cpu-features,--verbose-llvm-ir,--version,--version-script,--weak-framework,--weak-library,--zig-lib-dir,-h	path
zig test-obj	-	--Bsymbolic,--ObjC,--PIC,--PIE,--allow-shlib-undefined,--allow-so-scripts,--async-unwind-tables,--build-id,--builtin,--cache-dir,--cflags,--clang,--color,--compiler-rt,--compress-debug-sections,--data-sections,--dead-strip,--dead-strip-dylibs,--debug-compile-errors,--debug-incremental,--debug-link-snapshot,--debug-log,--debug-rt,--define,--dep,--disable-new-dtags,--dll-export-fns,--dynamic,--dynamic-linker,--each-lib-rpath,--eh-frame-hdr,--embed-dir,--emit-asm,--emit-bin,--emit-docs,--emit-h,--emit-implib,--emit-llvm-bc,--emit-llvm-ir,--emit-relocs,--enable-new-dtags,--entitlements,--entry,--error-limit,--error-tracing,--export,--export-memory,--export-table,--force-undefined,--framework,--function-sections,--fuzz,--gc-sections,--global-base,--global-cache-dir,--headerpad,--headerpad-max-install-names,--help,--idirafter,--image-base,--import-memory,--import-symbols,--import-table,--include,--incremental,--initial-memory,--install-name,--isystem,--job-count,--libc,--libllvm,--library,--library-directory,--listen,--lld,--llvm,--lto,--lto-mode,--max-memory,--mcmodel,--mcpu,--mexec-model,--mno-red-zone,--mred-zone,--municode,--name,--needed-framework,--needed-library,--new-linker,--no-PIC,--no-PIE,--no-allow-shlib-undefined,--no-allow-so-scripts,--no-builtin,--no-clang,--no-compiler-rt,--no-data-sections,--no-dll-export-fns,--no-dynamic-linker,--no-each-lib-rpath,--no-eh-frame-hdr,--no-emit-asm,--no-emit-bin,--no-emit-docs,--no-emit-h,--no-emit-implib,--no-emit-llvm-bc,--no-emit-llvm-ir,--no-entry,--no-error-tracing,--no-function-sections,--no-fuzz,--no-gc-sections,--no-incremental,--no-libllvm,--no-lld,--no-llvm,--no-lto,--no-new-linker,--no-omit-frame-pointer,--no-reference-trace,--no-sanitize-c,--no-sanitize-thread,--no-single-threaded,--no-soname,--no-stack-check,--no-stack-protector,--no-strip,--no-structured-cfg,--no-ubsan-rt,--no-undefined-version,--no-unwind-tables,--no-valgrind,--ofmt,--omit-frame-pointer,--opt-bisect-limit,--optimize,--pagezero-size,--rcflags,--rcincludes,--rdynamic,--reference-trace,--rpath,--sanitize-c,--sanitize-thread,--script,--shared-memory,--show-builtin,--single-threaded,--soname,--sort-section,--stack,--stack-check,--stack-protector,--stack-report,--static,--strip,--structured-cfg,--subsystem,--sysroot,--target,--test-cmd,--test-cmd-bin,--test-filter,--test-no-exec,--test-runner,--time-report,--ubsan-rt,--undefined-version,--unwind-tables,--valgrind,--verbose-air,--verbose-cc,--verbose-cimport,--verbose-generic-instances,--verbose-intern-pool,--verbose-link,--verbose-llvm-bc,--verbose-llvm-cpu-features,--verbose-llvm-ir,--version,--version-script,--weak-framework,--weak-library,--zig-lib-dir,-h	path
zig translate-c	-	--Bsymbolic,--ObjC,--PIC,--PIE,--allow-shlib-undefined,--allow-so-scripts,--async-unwind-tables,--build-id,--builtin,--cache-dir,--cflags,--clang,--color,--compiler-rt,--compress-debug-sections,--data-sections,--dead-strip,--dead-strip-dylibs,--debug-compile-errors,--debug-incremental,--debug-link-snapshot,--debug-log,--debug-rt,--define,--dep,--disable-new-dtags,--dll-export-fns,--dynamic,--dynamic-linker,--each-lib-rpath,--eh-frame-hdr,--embed-dir,--emit-asm,--emit-bin,--emit-docs,--emit-h,--emit-implib,--emit-llvm-bc,--emit-llvm-ir,--emit-relocs,--enable-new-dtags,--entitlements,--entry,--error-limit,--error-tracing,--export,--export-memory,--export-table,--force-undefined,--framework,--function-sections,--fuzz,--gc-sections,--global-base,--global-cache-dir,--headerpad,--headerpad-max-install-names,--help,--idirafter,--image-base,--import-memory,--import-symbols,--import-table,--include,--incremental,--initial-memory,--install-name,--isystem,--job-count,--libc,--libllvm,--library,--library-directory,--listen,--lld,--llvm,--lto,--lto-mode,--max-memory,--mcmodel,--mcpu,--mexec-model,--mno-red-zone,--mred-zone,--municode,--name,--needed-framework,--needed-library,--new-linker,--no-PIC,--no-PIE,--no-allow-shlib-undefined,--no-allow-so-scripts,--no-builtin,--no-clang,--no-compiler-rt,--no-data-sections,--no-dll-export-fns,--no-dynamic-linker,--no-each-lib-rpath,--no-eh-frame-hdr,--no-emit-asm,--no-emit-bin,--no-emit-docs,--no-emit-h,--no-emit-implib,--no-emit-llvm-bc,--no-emit-llvm-ir,--no-entry,--no-error-tracing,--no-function-sections,--no-fuzz,--no-gc-sections,--no-incremental,--no-libllvm,--no-lld,--no-llvm,--no-lto,--no-new-linker,--no-omit-frame-pointer,--no-reference-trace,--no-sanitize-c,--no-sanitize-thread,--no-single-threaded,--no-soname,--no-stack-check,--no-stack-protector,--no-strip,--no-structured-cfg,--no-ubsan-rt,--no-undefined-version,--no-unwind-tables,--no-valgrind,--ofmt,--omit-frame-pointer,--opt-bisect-limit,--optimize,--pagezero-size,--rcflags,--rcincludes,--rdynamic,--reference-trace,--rpath,--sanitize-c,--sanitize-thread,--script,--shared-memory,--show-builtin,--single-threaded,--soname,--sort-section,--stack,--stack-check,--stack-protector,--stack-report,--static,--strip,--structured-cfg,--subsystem,--sysroot,--target,--time-report,--ubsan-rt,--undefined-version,--unwind-tables,--valgrind,--verbose-air,--verbose-cc,--verbose-cimport,--verbose-generic-instances,--verbose-intern-pool,--verbose-link,--verbose-llvm-bc,--verbose-llvm-cpu-features,--verbose-llvm-ir,--version,--version-script,--weak-framework,--weak-library,--zig-lib-dir,-h	path
zig zen	-	--help,-h	-
zip	-	-0,-1,-9,-A,-D,-F,-J,-T,-X,-b,-c,-d,-e,-f,-i,-j,-l,-m,-n,-o,-q,-r,-t,-u,-v,-x,-y,-z	path
zoxide	add,edit,import,init,query,remove	--help,--version,-V,-h	-
zoxide add	-	--help,--score,--version,-V,-h,-s	path
zoxide edit	-	--help,--version,-V,-h	-
zoxide import	-	--from,--help,--merge,--version,-V,-h	path
zoxide init	-	--cmd,--help,--hook,--no-aliases,--no-cmd,--version,-V,-h	-
zoxide query	-	--all,--base-dir,--exclude,--help,--interactive,--list,--score,--version,-V,-a,-h,-i,-l,-s	-
zoxide remove	-	--help,--version,-V,-h	-
